f_ghz,M.eps_eff,M.alpha_db_per_cm,M.zc_re,M.zc_im,M-MK.eps_eff,M-MK.alpha_db_per_cm,M-MK.zc_re,M-MK.zc_im,M0.7.eps_eff,M0.7.alpha_db_per_cm,M0.7.zc_re,M0.7.zc_im,M1.4.eps_eff,M1.4.alpha_db_per_cm,M1.4.zc_re,M1.4.zc_im
0.006,3.30180,0.00167,52.240,-4.146,3.40229,0.00152,50.020,-3.470,3.19998,0.00176,63.507,-5.439,3.40939,0.00161,42.467,-3.190
0.012,3.17329,0.00234,51.218,-2.859,3.29436,0.00210,49.268,-2.328,3.07522,0.00245,62.240,-3.715,3.27719,0.00228,41.648,-2.213
0.018,3.11141,0.00289,50.741,-2.314,3.24030,0.00258,48.910,-1.860,3.01384,0.00301,61.639,-3.000,3.21443,0.00281,41.271,-1.795
0.024,3.07322,0.00336,50.452,-1.995,3.20638,0.00301,48.693,-1.590,2.97568,0.00350,61.273,-2.583,3.17591,0.00328,41.044,-1.548
0.030,3.04663,0.00378,50.254,-1.778,3.18251,0.00339,48.543,-1.408,2.94900,0.00393,61.020,-2.301,3.14915,0.00370,40.889,-1.380
0.036,3.02673,0.00417,50.108,-1.618,3.16452,0.00374,48.433,-1.275,2.92899,0.00433,60.833,-2.095,3.12915,0.00408,40.775,-1.256
0.042,3.01110,0.00454,49.995,-1.495,3.15030,0.00407,48.347,-1.172,2.91325,0.00471,60.688,-1.935,3.11345,0.00444,40.686,-1.160
0.048,2.99840,0.00488,49.904,-1.395,3.13869,0.00439,48.279,-1.090,2.90044,0.00506,60.571,-1.806,3.10070,0.00478,40.615,-1.083
0.054,2.98780,0.00521,49.828,-1.313,3.12896,0.00469,48.223,-1.022,2.88976,0.00540,60.475,-1.700,3.09007,0.00510,40.556,-1.019
0.060,2.97879,0.00552,49.765,-1.244,3.12066,0.00497,48.175,-0.964,2.88066,0.00572,60.393,-1.610,3.08103,0.00541,40.507,-0.965
0.066,2.97099,0.00582,49.711,-1.184,3.11345,0.00525,48.135,-0.915,2.87279,0.00603,60.323,-1.533,3.07321,0.00570,40.465,-0.918
0.072,2.96416,0.00611,49.664,-1.132,3.10712,0.00552,48.100,-0.872,2.86589,0.00633,60.263,-1.466,3.06636,0.00599,40.428,-0.878
0.078,2.95811,0.00639,49.623,-1.086,3.10149,0.00578,48.070,-0.834,2.85978,0.00662,60.209,-1.407,3.06029,0.00627,40.396,-0.842
0.084,2.95269,0.00667,49.586,-1.045,3.09644,0.00604,48.043,-0.801,2.85431,0.00690,60.162,-1.354,3.05487,0.00654,40.368,-0.810
0.090,2.94782,0.00693,49.553,-1.009,3.09189,0.00629,48.019,-0.771,2.84939,0.00717,60.120,-1.307,3.04998,0.00680,40.342,-0.782
0.096,2.94339,0.00719,49.524,-0.976,3.08774,0.00653,47.997,-0.743,2.84491,0.00744,60.081,-1.265,3.04554,0.00705,40.320,-0.756
0.102,2.93934,0.00745,49.497,-0.945,3.08395,0.00677,47.977,-0.719,2.84083,0.00770,60.047,-1.226,3.04148,0.00730,40.299,-0.732
0.108,2.93563,0.00769,49.473,-0.918,3.08045,0.00700,47.960,-0.696,2.83708,0.00796,60.015,-1.190,3.03776,0.00755,40.280,-0.711
0.114,2.93221,0.00794,49.451,-0.893,3.07723,0.00723,47.944,-0.675,2.83362,0.00821,59.987,-1.158,3.03432,0.00779,40.263,-0.691
0.120,2.92903,0.00818,49.430,-0.869,3.07423,0.00745,47.929,-0.656,2.83042,0.00845,59.960,-1.128,3.03114,0.00803,40.247,-0.673
0.126,2.92608,0.00841,49.411,-0.847,3.07144,0.00768,47.915,-0.638,2.82744,0.00869,59.935,-1.100,3.02818,0.00826,40.232,-0.656
0.132,2.92333,0.00864,49.394,-0.827,3.06884,0.00790,47.903,-0.622,2.82466,0.00893,59.913,-1.074,3.02542,0.00849,40.219,-0.640
0.138,2.92075,0.00887,49.377,-0.808,3.06639,0.00811,47.891,-0.606,2.82206,0.00917,59.892,-1.050,3.02284,0.00871,40.206,-0.626
0.144,2.91833,0.00910,49.362,-0.791,3.06409,0.00832,47.880,-0.592,2.81962,0.00940,59.872,-1.027,3.02041,0.00893,40.195,-0.612
0.150,2.91606,0.00932,49.348,-0.774,3.06192,0.00853,47.870,-0.578,2.81732,0.00962,59.853,-1.006,3.01813,0.00915,40.184,-0.599
0.156,2.91391,0.00954,49.335,-0.759,3.05987,0.00874,47.861,-0.566,2.81515,0.00985,59.836,-0.986,3.01597,0.00937,40.173,-0.587
0.162,2.91188,0.00975,49.322,-0.744,3.05793,0.00895,47.852,-0.554,2.81310,0.01007,59.820,-0.967,3.01393,0.00958,40.164,-0.575
0.168,2.90995,0.00996,49.311,-0.730,3.05609,0.00915,47.844,-0.542,2.81115,0.01029,59.805,-0.949,3.01200,0.00979,40.155,-0.565
0.174,2.90812,0.01018,49.299,-0.717,3.05434,0.00935,47.836,-0.532,2.80931,0.01050,59.790,-0.932,3.01016,0.01000,40.146,-0.554
0.180,2.90638,0.01038,49.289,-0.705,3.05267,0.00955,47.828,-0.521,2.80755,0.01072,59.776,-0.916,3.00842,0.01020,40.138,-0.545
0.186,2.90473,0.01059,49.279,-0.693,3.05108,0.00975,47.821,-0.512,2.80588,0.01093,59.763,-0.901,3.00675,0.01041,40.131,-0.535
0.192,2.90314,0.01079,49.270,-0.682,3.04956,0.00994,47.815,-0.502,2.80429,0.01114,59.751,-0.886,3.00517,0.01061,40.123,-0.526
0.198,2.90163,0.01100,49.261,-0.671,3.04811,0.01014,47.809,-0.494,2.80276,0.01134,59.740,-0.873,3.00365,0.01081,40.116,-0.518
0.204,2.90019,0.01120,49.252,-0.660,3.04671,0.01033,47.803,-0.485,2.80130,0.01155,59.728,-0.859,3.00220,0.01101,40.110,-0.510
0.210,2.89880,0.01139,49.244,-0.651,3.04538,0.01052,47.797,-0.477,2.79991,0.01175,59.718,-0.847,3.00080,0.01120,40.104,-0.502
0.216,2.89747,0.01159,49.236,-0.641,3.04409,0.01071,47.792,-0.470,2.79856,0.01195,59.708,-0.835,2.99947,0.01140,40.098,-0.495
0.222,2.89619,0.01179,49.229,-0.632,3.04285,0.01090,47.787,-0.462,2.79728,0.01215,59.698,-0.823,2.99819,0.01159,40.092,-0.488
0.228,2.89496,0.01198,49.222,-0.624,3.04166,0.01108,47.782,-0.455,2.79604,0.01235,59.689,-0.812,2.99695,0.01178,40.087,-0.481
0.234,2.89378,0.01217,49.215,-0.615,3.04052,0.01127,47.777,-0.448,2.79485,0.01255,59.680,-0.801,2.99576,0.01197,40.081,-0.475
0.240,2.89264,0.01236,49.209,-0.607,3.03941,0.01145,47.773,-0.442,2.79370,0.01274,59.672,-0.791,2.99462,0.01216,40.076,-0.469
0.246,2.89154,0.01255,49.203,-0.600,3.03834,0.01163,47.769,-0.436,2.79259,0.01294,59.663,-0.781,2.99352,0.01235,40.072,-0.463
0.252,2.89048,0.01274,49.197,-0.592,3.03731,0.01182,47.765,-0.430,2.79152,0.01313,59.656,-0.772,2.99245,0.01253,40.067,-0.457
0.258,2.88946,0.01293,49.191,-0.585,3.03631,0.01200,47.761,-0.424,2.79049,0.01332,59.648,-0.762,2.99142,0.01272,40.063,-0.451
0.264,2.88847,0.01311,49.185,-0.578,3.03535,0.01218,47.757,-0.418,2.78949,0.01351,59.641,-0.754,2.99042,0.01290,40.058,-0.446
0.270,2.88751,0.01329,49.180,-0.572,3.03441,0.01235,47.754,-0.413,2.78852,0.01370,59.634,-0.745,2.98946,0.01308,40.054,-0.441
0.276,2.88658,0.01348,49.175,-0.565,3.03351,0.01253,47.750,-0.407,2.78759,0.01388,59.627,-0.737,2.98853,0.01326,40.051,-0.436
0.282,2.88568,0.01366,49.170,-0.559,3.03263,0.01271,47.747,-0.402,2.78668,0.01407,59.621,-0.729,2.98762,0.01344,40.047,-0.431
0.288,2.88481,0.01384,49.165,-0.553,3.03177,0.01288,47.744,-0.397,2.78580,0.01426,59.615,-0.721,2.98675,0.01362,40.043,-0.426
0.294,2.88396,0.01402,49.161,-0.547,3.03094,0.01306,47.741,-0.393,2.78495,0.01444,59.609,-0.714,2.98590,0.01380,40.040,-0.422
0.300,2.88314,0.01420,49.156,-0.541,3.03014,0.01323,47.738,-0.388,2.78412,0.01462,59.603,-0.706,2.98507,0.01398,40.036,-0.417
0.306,2.88234,0.01438,49.152,-0.536,3.02935,0.01340,47.735,-0.384,2.78332,0.01480,59.597,-0.699,2.98427,0.01415,40.033,-0.413
0.312,2.88156,0.01455,49.148,-0.531,3.02859,0.01358,47.733,-0.379,2.78254,0.01498,59.592,-0.692,2.98349,0.01433,40.030,-0.409
0.318,2.88081,0.01473,49.144,-0.526,3.02785,0.01375,47.730,-0.375,2.78178,0.01516,59.586,-0.686,2.98273,0.01450,40.027,-0.405
0.324,2.88007,0.01490,49.140,-0.520,3.02712,0.01392,47.727,-0.371,2.78104,0.01534,59.581,-0.679,2.98199,0.01467,40.024,-0.401
0.330,2.87936,0.01508,49.136,-0.516,3.02642,0.01409,47.725,-0.367,2.78032,0.01552,59.576,-0.673,2.98127,0.01485,40.021,-0.397
0.336,2.87866,0.01525,49.133,-0.511,3.02573,0.01426,47.723,-0.363,2.77962,0.01570,59.572,-0.667,2.98057,0.01502,40.018,-0.393
0.342,2.87798,0.01542,49.129,-0.506,3.02506,0.01443,47.720,-0.359,2.77893,0.01587,59.567,-0.661,2.97988,0.01519,40.015,-0.390
0.348,2.87732,0.01559,49.126,-0.502,3.02441,0.01459,47.718,-0.356,2.77827,0.01605,59.562,-0.655,2.97922,0.01536,40.013,-0.386
0.354,2.87667,0.01577,49.122,-0.497,3.02377,0.01476,47.716,-0.352,2.77762,0.01622,59.558,-0.650,2.97857,0.01553,40.010,-0.383
0.360,2.87604,0.01594,49.119,-0.493,3.02315,0.01493,47.714,-0.349,2.77698,0.01640,59.554,-0.644,2.97793,0.01570,40.008,-0.380
0.366,2.87543,0.01610,49.116,-0.489,3.02254,0.01509,47.712,-0.345,2.77636,0.01657,59.550,-0.639,2.97732,0.01586,40.005,-0.376
0.372,2.87483,0.01627,49.113,-0.485,3.02194,0.01526,47.710,-0.342,2.77576,0.01674,59.546,-0.634,2.97671,0.01603,40.003,-0.373
0.378,2.87424,0.01644,49.110,-0.481,3.02136,0.01542,47.708,-0.339,2.77517,0.01692,59.542,-0.629,2.97612,0.01620,40.001,-0.370
0.384,2.87367,0.01661,49.107,-0.477,3.02079,0.01559,47.707,-0.336,2.77459,0.01709,59.538,-0.624,2.97554,0.01636,39.999,-0.367
0.390,2.87311,0.01678,49.104,-0.473,3.02023,0.01575,47.705,-0.333,2.77403,0.01726,59.534,-0.619,2.97498,0.01653,39.997,-0.364
0.396,2.87256,0.01694,49.102,-0.470,3.01969,0.01591,47.703,-0.330,2.77348,0.01743,59.531,-0.614,2.97443,0.01669,39.994,-0.361
0.402,2.87202,0.01711,49.099,-0.466,3.01915,0.01607,47.701,-0.327,2.77294,0.01760,59.527,-0.610,2.97389,0.01686,39.992,-0.358
0.408,2.87150,0.01727,49.096,-0.463,3.01863,0.01624,47.700,-0.324,2.77241,0.01776,59.524,-0.605,2.97336,0.01702,39.991,-0.356
0.414,2.87098,0.01744,49.094,-0.459,3.01812,0.01640,47.698,-0.321,2.77189,0.01793,59.520,-0.601,2.97284,0.01718,39.989,-0.353
0.420,2.87048,0.01760,49.091,-0.456,3.01762,0.01656,47.697,-0.318,2.77138,0.01810,59.517,-0.596,2.97233,0.01734,39.987,-0.350
0.426,2.86998,0.01776,49.089,-0.453,3.01712,0.01672,47.695,-0.316,2.77089,0.01826,59.514,-0.592,2.97184,0.01751,39.985,-0.348
0.432,2.86950,0.01792,49.087,-0.449,3.01664,0.01688,47.694,-0.313,2.77040,0.01843,59.511,-0.588,2.97135,0.01767,39.983,-0.345
0.438,2.86903,0.01809,49.084,-0.446,3.01617,0.01704,47.693,-0.310,2.76992,0.01860,59.508,-0.584,2.97087,0.01783,39.981,-0.343
0.444,2.86856,0.01825,49.082,-0.443,3.01570,0.01720,47.691,-0.308,2.76946,0.01876,59.505,-0.580,2.97040,0.01799,39.980,-0.341
0.450,2.86811,0.01841,49.080,-0.440,3.01525,0.01736,47.690,-0.305,2.76900,0.01893,59.502,-0.576,2.96995,0.01815,39.978,-0.338
0.456,2.86766,0.01857,49.078,-0.437,3.01480,0.01751,47.689,-0.303,2.76855,0.01909,59.499,-0.572,2.96950,0.01831,39.976,-0.336
0.462,2.86722,0.01873,49.076,-0.434,3.01436,0.01767,47.687,-0.301,2.76811,0.01925,59.497,-0.569,2.96905,0.01846,39.975,-0.334
0.468,2.86679,0.01889,49.074,-0.432,3.01393,0.01783,47.686,-0.298,2.76768,0.01941,59.494,-0.565,2.96862,0.01862,39.973,-0.331
0.474,2.86637,0.01905,49.072,-0.429,3.01350,0.01799,47.685,-0.296,2.76725,0.01958,59.491,-0.562,2.96819,0.01878,39.972,-0.329
0.480,2.86595,0.01921,49.070,-0.426,3.01309,0.01814,47.684,-0.294,2.76683,0.01974,59.489,-0.558,2.96778,0.01894,39.970,-0.327
0.486,2.86554,0.01936,49.068,-0.423,3.01268,0.01830,47.683,-0.292,2.76642,0.01990,59.486,-0.555,2.96737,0.01909,39.969,-0.325
0.492,2.86514,0.01952,49.066,-0.421,3.01227,0.01845,47.682,-0.290,2.76602,0.02006,59.484,-0.551,2.96696,0.01925,39.968,-0.323
0.498,2.86475,0.01968,49.064,-0.418,3.01188,0.01861,47.681,-0.288,2.76563,0.02022,59.481,-0.548,2.96657,0.01940,39.966,-0.321
0.504,2.86436,0.01983,49.063,-0.416,3.01149,0.01876,47.679,-0.285,2.76524,0.02038,59.479,-0.545,2.96618,0.01956,39.965,-0.319
0.510,2.86398,0.01999,49.061,-0.413,3.01111,0.01892,47.678,-0.283,2.76486,0.02054,59.477,-0.542,2.96579,0.01971,39.963,-0.317
0.516,2.86361,0.02015,49.059,-0.411,3.01073,0.01907,47.678,-0.281,2.76448,0.02070,59.474,-0.538,2.96542,0.01987,39.962,-0.315
0.522,2.86324,0.02030,49.057,-0.408,3.01036,0.01923,47.677,-0.279,2.76411,0.02086,59.472,-0.535,2.96505,0.02002,39.961,-0.313
0.528,2.86288,0.02046,49.056,-0.406,3.00999,0.01938,47.676,-0.278,2.76375,0.02102,59.470,-0.532,2.96468,0.02018,39.960,-0.311
0.534,2.86253,0.02061,49.054,-0.404,3.00963,0.01953,47.675,-0.276,2.76339,0.02117,59.468,-0.529,2.96433,0.02033,39.959,-0.310
0.540,2.86218,0.02076,49.053,-0.401,3.00928,0.01969,47.674,-0.274,2.76304,0.02133,59.466,-0.526,2.96397,0.02048,39.957,-0.308
0.546,2.86183,0.02092,49.051,-0.399,3.00893,0.01984,47.673,-0.272,2.76269,0.02149,59.464,-0.524,2.96363,0.02064,39.956,-0.306
0.552,2.86149,0.02107,49.050,-0.397,3.00859,0.01999,47.672,-0.270,2.76235,0.02164,59.462,-0.521,2.96328,0.02079,39.955,-0.304
0.558,2.86116,0.02123,49.048,-0.395,3.00825,0.02014,47.671,-0.269,2.76202,0.02180,59.460,-0.518,2.96295,0.02094,39.954,-0.303
0.564,2.86083,0.02138,49.047,-0.393,3.00792,0.02029,47.670,-0.267,2.76169,0.02196,59.458,-0.515,2.96262,0.02109,39.953,-0.301
0.570,2.86051,0.02153,49.045,-0.391,3.00759,0.02045,47.670,-0.265,2.76136,0.02211,59.456,-0.513,2.96229,0.02124,39.952,-0.300
0.576,2.86019,0.02168,49.044,-0.389,3.00727,0.02060,47.669,-0.263,2.76104,0.02227,59.454,-0.510,2.96197,0.02139,39.951,-0.298
0.582,2.85987,0.02183,49.043,-0.387,3.00695,0.02075,47.668,-0.262,2.76073,0.02242,59.452,-0.507,2.96165,0.02154,39.950,-0.296
0.588,2.85956,0.02198,49.041,-0.385,3.00663,0.02090,47.667,-0.260,2.76042,0.02257,59.450,-0.505,2.96134,0.02169,39.949,-0.295
0.594,2.85926,0.02214,49.040,-0.383,3.00632,0.02105,47.667,-0.259,2.76011,0.02273,59.449,-0.502,2.96103,0.02184,39.948,-0.293
0.600,2.85896,0.02229,49.039,-0.381,3.00602,0.02120,47.666,-0.257,2.75981,0.02288,59.447,-0.500,2.96073,0.02199,39.947,-0.292
0.606,2.85866,0.02244,49.037,-0.379,3.00572,0.02135,47.665,-0.255,2.75951,0.02304,59.445,-0.497,2.96043,0.02214,39.946,-0.290
0.612,2.85837,0.02259,49.036,-0.377,3.00542,0.02150,47.665,-0.254,2.75922,0.02319,59.444,-0.495,2.96014,0.02229,39.945,-0.289
0.618,2.85808,0.02274,49.035,-0.375,3.00513,0.02164,47.664,-0.252,2.75893,0.02334,59.442,-0.493,2.95985,0.02244,39.944,-0.287
0.624,2.85780,0.02289,49.034,-0.373,3.00484,0.02179,47.663,-0.251,2.75864,0.02349,59.440,-0.490,2.95956,0.02259,39.943,-0.286
0.630,2.85752,0.02303,49.033,-0.372,3.00455,0.02194,47.663,-0.250,2.75836,0.02365,59.439,-0.488,2.95928,0.02274,39.942,-0.285
0.636,2.85724,0.02318,49.031,-0.370,3.00427,0.02209,47.662,-0.248,2.75809,0.02380,59.437,-0.486,2.95900,0.02288,39.941,-0.283
0.642,2.85697,0.02333,49.030,-0.368,3.00399,0.02224,47.661,-0.247,2.75781,0.02395,59.436,-0.484,2.95873,0.02303,39.940,-0.282
0.648,2.85670,0.02348,49.029,-0.366,3.00372,0.02239,47.661,-0.245,2.75754,0.02410,59.434,-0.481,2.95846,0.02318,39.940,-0.281
0.654,2.85643,0.02363,49.028,-0.365,3.00345,0.02253,47.660,-0.244,2.75728,0.02425,59.433,-0.479,2.95819,0.02332,39.939,-0.279
0.660,2.85617,0.02378,49.027,-0.363,3.00318,0.02268,47.660,-0.243,2.75701,0.02440,59.431,-0.477,2.95792,0.02347,39.938,-0.278
0.666,2.85591,0.02392,49.026,-0.361,3.00291,0.02283,47.659,-0.241,2.75675,0.02455,59.430,-0.475,2.95766,0.02362,39.937,-0.277
0.672,2.85566,0.02407,49.025,-0.360,3.00265,0.02297,47.659,-0.240,2.75650,0.02470,59.429,-0.473,2.95741,0.02376,39.936,-0.275
0.678,2.85541,0.02422,49.024,-0.358,3.00239,0.02312,47.658,-0.239,2.75624,0.02485,59.427,-0.471,2.95715,0.02391,39.936,-0.274
0.684,2.85516,0.02436,49.023,-0.357,3.00214,0.02327,47.658,-0.237,2.75599,0.02500,59.426,-0.469,2.95690,0.02405,39.935,-0.273
0.690,2.85491,0.02451,49.022,-0.355,3.00189,0.02341,47.657,-0.236,2.75575,0.02515,59.424,-0.467,2.95665,0.02420,39.934,-0.272
0.696,2.85467,0.02466,49.021,-0.354,3.00164,0.02356,47.657,-0.235,2.75550,0.02530,59.423,-0.465,2.95641,0.02434,39.933,-0.271
0.702,2.85443,0.02480,49.020,-0.352,3.00139,0.02370,47.656,-0.234,2.75526,0.02545,59.422,-0.463,2.95617,0.02449,39.933,-0.269
0.708,2.85419,0.02495,49.019,-0.351,3.00115,0.02385,47.656,-0.232,2.75503,0.02559,59.421,-0.461,2.95593,0.02463,39.932,-0.268
0.714,2.85396,0.02509,49.018,-0.349,3.00091,0.02400,47.655,-0.231,2.75479,0.02574,59.419,-0.459,2.95569,0.02478,39.931,-0.267
0.720,2.85373,0.02524,49.017,-0.348,3.00067,0.02414,47.655,-0.230,2.75456,0.02589,59.418,-0.457,2.95546,0.02492,39.931,-0.266
0.726,2.85350,0.02538,49.016,-0.346,3.00044,0.02428,47.654,-0.229,2.75433,0.02604,59.417,-0.456,2.95523,0.02507,39.930,-0.265
0.732,2.85327,0.02553,49.015,-0.345,3.00021,0.02443,47.654,-0.228,2.75410,0.02618,59.416,-0.454,2.95500,0.02521,39.929,-0.264
0.738,2.85305,0.02567,49.014,-0.343,2.99998,0.02457,47.653,-0.227,2.75388,0.02633,59.415,-0.452,2.95478,0.02535,39.929,-0.263
0.744,2.85283,0.02581,49.014,-0.342,2.99975,0.02472,47.653,-0.225,2.75366,0.02648,59.413,-0.450,2.95456,0.02549,39.928,-0.262
0.750,2.85261,0.02596,49.013,-0.341,2.99952,0.02486,47.652,-0.224,2.75344,0.02662,59.412,-0.448,2.95434,0.02564,39.927,-0.261
0.756,2.85240,0.02610,49.012,-0.339,2.99930,0.02501,47.652,-0.223,2.75323,0.02677,59.411,-0.447,2.95412,0.02578,39.927,-0.259
0.762,2.85218,0.02624,49.011,-0.338,2.99908,0.02515,47.652,-0.222,2.75301,0.02692,59.410,-0.445,2.95391,0.02592,39.926,-0.258
0.768,2.85197,0.02639,49.010,-0.337,2.99887,0.02529,47.651,-0.221,2.75280,0.02706,59.409,-0.443,2.95369,0.02606,39.925,-0.257
0.774,2.85177,0.02653,49.009,-0.336,2.99865,0.02544,47.651,-0.220,2.75259,0.02721,59.408,-0.442,2.95348,0.02621,39.925,-0.256
0.780,2.85156,0.02667,49.009,-0.334,2.99844,0.02558,47.650,-0.219,2.75239,0.02735,59.407,-0.440,2.95328,0.02635,39.924,-0.255
0.786,2.85136,0.02682,49.008,-0.333,2.99823,0.02572,47.650,-0.218,2.75218,0.02750,59.406,-0.438,2.95307,0.02649,39.924,-0.254
0.792,2.85116,0.02696,49.007,-0.332,2.99802,0.02586,47.650,-0.217,2.75198,0.02764,59.405,-0.437,2.95287,0.02663,39.923,-0.253
0.798,2.85096,0.02710,49.006,-0.330,2.99781,0.02601,47.649,-0.216,2.75178,0.02779,59.404,-0.435,2.95267,0.02677,39.923,-0.252
0.804,2.85076,0.02724,49.006,-0.329,2.99761,0.02615,47.649,-0.215,2.75158,0.02793,59.403,-0.434,2.95247,0.02691,39.922,-0.252
0.810,2.85056,0.02738,49.005,-0.328,2.99741,0.02629,47.649,-0.214,2.75139,0.02808,59.402,-0.432,2.95227,0.02705,39.922,-0.251
0.816,2.85037,0.02753,49.004,-0.327,2.99721,0.02643,47.648,-0.213,2.75119,0.02822,59.401,-0.431,2.95208,0.02719,39.921,-0.250
0.822,2.85018,0.02767,49.004,-0.326,2.99701,0.02657,47.648,-0.212,2.75100,0.02836,59.400,-0.429,2.95189,0.02733,39.920,-0.249
0.828,2.84999,0.02781,49.003,-0.325,2.99682,0.02672,47.648,-0.211,2.75081,0.02851,59.399,-0.428,2.95170,0.02747,39.920,-0.248
0.834,2.84980,0.02795,49.002,-0.323,2.99662,0.02686,47.647,-0.210,2.75062,0.02865,59.398,-0.426,2.95151,0.02761,39.919,-0.247
0.840,2.84962,0.02809,49.001,-0.322,2.99643,0.02700,47.647,-0.209,2.75044,0.02880,59.397,-0.425,2.95132,0.02775,39.919,-0.246
0.846,2.84944,0.02823,49.001,-0.321,2.99624,0.02714,47.647,-0.208,2.75025,0.02894,59.396,-0.423,2.95114,0.02789,39.918,-0.245
0.852,2.84926,0.02837,49.000,-0.320,2.99605,0.02728,47.647,-0.207,2.75007,0.02908,59.395,-0.422,2.95095,0.02803,39.918,-0.244
0.858,2.84908,0.02851,48.999,-0.319,2.99587,0.02742,47.646,-0.207,2.74989,0.02922,59.394,-0.420,2.95077,0.02817,39.917,-0.243
0.864,2.84890,0.02865,48.999,-0.318,2.99568,0.02756,47.646,-0.206,2.74971,0.02937,59.393,-0.419,2.95059,0.02831,39.917,-0.243
0.870,2.84872,0.02879,48.998,-0.317,2.99550,0.02770,47.646,-0.205,2.74954,0.02951,59.393,-0.418,2.95042,0.02845,39.916,-0.242
0.876,2.84855,0.02893,48.998,-0.316,2.99532,0.02784,47.645,-0.204,2.74936,0.02965,59.392,-0.416,2.95024,0.02859,39.916,-0.241
0.882,2.84838,0.02907,48.997,-0.315,2.99514,0.02798,47.645,-0.203,2.74919,0.02979,59.391,-0.415,2.95007,0.02873,39.916,-0.240
0.888,2.84820,0.02921,48.996,-0.314,2.99496,0.02812,47.645,-0.202,2.74902,0.02993,59.390,-0.414,2.94990,0.02887,39.915,-0.239
0.894,2.84804,0.02935,48.996,-0.313,2.99478,0.02826,47.645,-0.201,2.74885,0.03008,59.389,-0.412,2.94973,0.02900,39.915,-0.238
0.900,2.84787,0.02949,48.995,-0.312,2.99461,0.02840,47.644,-0.201,2.74868,0.03022,59.388,-0.411,2.94956,0.02914,39.914,-0.238
0.906,2.84770,0.02962,48.995,-0.311,2.99444,0.02854,47.644,-0.200,2.74852,0.03036,59.388,-0.410,2.94939,0.02928,39.914,-0.237
0.912,2.84754,0.02976,48.994,-0.310,2.99427,0.02868,47.644,-0.199,2.74835,0.03050,59.387,-0.408,2.94922,0.02942,39.913,-0.236
0.918,2.84738,0.02990,48.993,-0.309,2.99410,0.02882,47.644,-0.198,2.74819,0.03064,59.386,-0.407,2.94906,0.02955,39.913,-0.235
0.924,2.84721,0.03004,48.993,-0.308,2.99393,0.02896,47.643,-0.197,2.74803,0.03078,59.385,-0.406,2.94890,0.02969,39.913,-0.235
0.930,2.84705,0.03018,48.992,-0.307,2.99376,0.02910,47.643,-0.197,2.74787,0.03092,59.385,-0.405,2.94874,0.02983,39.912,-0.234
0.936,2.84690,0.03031,48.992,-0.306,2.99360,0.02924,47.643,-0.196,2.74771,0.03106,59.384,-0.403,2.94858,0.02997,39.912,-0.233
0.942,2.84674,0.03045,48.991,-0.305,2.99343,0.02938,47.643,-0.195,2.74755,0.03120,59.383,-0.402,2.94842,0.03010,39.911,-0.232
0.948,2.84658,0.03059,48.991,-0.304,2.99327,0.02952,47.642,-0.194,2.74739,0.03134,59.382,-0.401,2.94826,0.03024,39.911,-0.232
0.954,2.84643,0.03073,48.990,-0.303,2.99311,0.02965,47.642,-0.193,2.74724,0.03148,59.382,-0.400,2.94811,0.03038,39.911,-0.231
0.960,2.84628,0.03086,48.990,-0.302,2.99295,0.02979,47.642,-0.193,2.74709,0.03162,59.381,-0.399,2.94795,0.03051,39.910,-0.230
0.966,2.84613,0.03100,48.989,-0.301,2.99279,0.02993,47.642,-0.192,2.74693,0.03176,59.380,-0.397,2.94780,0.03065,39.910,-0.229
0.972,2.84598,0.03114,48.989,-0.300,2.99263,0.03007,47.642,-0.191,2.74678,0.03190,59.380,-0.396,2.94765,0.03079,39.909,-0.229
0.978,2.84583,0.03128,48.988,-0.299,2.99248,0.03021,47.641,-0.190,2.74664,0.03204,59.379,-0.395,2.94750,0.03092,39.909,-0.228
0.984,2.84568,0.03141,48.988,-0.298,2.99232,0.03034,47.641,-0.190,2.74649,0.03218,59.378,-0.394,2.94735,0.03106,39.909,-0.227
0.990,2.84553,0.03155,48.987,-0.297,2.99217,0.03048,47.641,-0.189,2.74634,0.03232,59.378,-0.393,2.94721,0.03119,39.908,-0.227
0.996,2.84539,0.03168,48.987,-0.297,2.99202,0.03062,47.641,-0.188,2.74620,0.03246,59.377,-0.392,2.94706,0.03133,39.908,-0.226
1.002,2.84525,0.03182,48.986,-0.296,2.99187,0.03076,47.641,-0.188,2.74605,0.03259,59.376,-0.391,2.94692,0.03146,39.908,-0.225
1.008,2.84510,0.03196,48.986,-0.295,2.99172,0.03089,47.640,-0.187,2.74591,0.03273,59.376,-0.389,2.94677,0.03160,39.907,-0.225
1.014,2.84496,0.03209,48.985,-0.294,2.99157,0.03103,47.640,-0.186,2.74577,0.03287,59.375,-0.388,2.94663,0.03173,39.907,-0.224
1.020,2.84482,0.03223,48.985,-0.293,2.99143,0.03117,47.640,-0.186,2.74563,0.03301,59.374,-0.387,2.94649,0.03187,39.907,-0.223
1.026,2.84469,0.03236,48.984,-0.292,2.99128,0.03131,47.640,-0.185,2.74549,0.03315,59.374,-0.386,2.94635,0.03200,39.906,-0.223
1.032,2.84455,0.03250,48.984,-0.291,2.99114,0.03144,47.640,-0.184,2.74535,0.03328,59.373,-0.385,2.94621,0.03214,39.906,-0.222
1.038,2.84441,0.03263,48.983,-0.291,2.99099,0.03158,47.640,-0.184,2.74521,0.03342,59.372,-0.384,2.94607,0.03227,39.906,-0.221
1.044,2.84428,0.03277,48.983,-0.290,2.99085,0.03172,47.639,-0.183,2.74508,0.03356,59.372,-0.383,2.94594,0.03241,39.905,-0.221
1.050,2.84414,0.03290,48.983,-0.289,2.99071,0.03185,47.639,-0.182,2.74494,0.03370,59.371,-0.382,2.94580,0.03254,39.905,-0.220
1.056,2.84401,0.03304,48.982,-0.288,2.99057,0.03199,47.639,-0.182,2.74481,0.03383,59.371,-0.381,2.94567,0.03268,39.905,-0.219
1.062,2.84388,0.03317,48.982,-0.287,2.99043,0.03212,47.639,-0.181,2.74468,0.03397,59.370,-0.380,2.94554,0.03281,39.904,-0.219
1.068,2.84375,0.03331,48.981,-0.287,2.99029,0.03226,47.639,-0.180,2.74455,0.03411,59.369,-0.379,2.94540,0.03294,39.904,-0.218
1.074,2.84362,0.03344,48.981,-0.286,2.99016,0.03240,47.639,-0.180,2.74442,0.03424,59.369,-0.378,2.94527,0.03308,39.904,-0.218
1.080,2.84349,0.03358,48.980,-0.285,2.99002,0.03253,47.639,-0.179,2.74429,0.03438,59.368,-0.377,2.94514,0.03321,39.903,-0.217
1.086,2.84336,0.03371,48.980,-0.284,2.98989,0.03267,47.638,-0.178,2.74416,0.03452,59.368,-0.376,2.94502,0.03334,39.903,-0.216
1.092,2.84323,0.03385,48.980,-0.284,2.98975,0.03280,47.638,-0.178,2.74403,0.03465,59.367,-0.375,2.94489,0.03348,39.903,-0.216
1.098,2.84311,0.03398,48.979,-0.283,2.98962,0.03294,47.638,-0.177,2.74391,0.03479,59.367,-0.374,2.94476,0.03361,39.903,-0.215
1.104,2.84298,0.03411,48.979,-0.282,2.98949,0.03308,47.638,-0.177,2.74378,0.03493,59.366,-0.373,2.94464,0.03374,39.902,-0.215
1.110,2.84286,0.03425,48.979,-0.281,2.98936,0.03321,47.638,-0.176,2.74366,0.03506,59.366,-0.372,2.94451,0.03388,39.902,-0.214
1.116,2.84274,0.03438,48.978,-0.281,2.98923,0.03335,47.638,-0.175,2.74353,0.03520,59.365,-0.371,2.94439,0.03401,39.902,-0.214
1.122,2.84262,0.03451,48.978,-0.280,2.98910,0.03348,47.638,-0.175,2.74341,0.03533,59.365,-0.370,2.94427,0.03414,39.901,-0.213
1.128,2.84249,0.03465,48.977,-0.279,2.98897,0.03362,47.637,-0.174,2.74329,0.03547,59.364,-0.369,2.94414,0.03427,39.901,-0.212
1.134,2.84237,0.03478,48.977,-0.278,2.98885,0.03375,47.637,-0.174,2.74317,0.03561,59.364,-0.368,2.94402,0.03441,39.901,-0.212
1.140,2.84226,0.03491,48.977,-0.278,2.98872,0.03389,47.637,-0.173,2.74305,0.03574,59.363,-0.368,2.94390,0.03454,39.901,-0.211
1.146,2.84214,0.03505,48.976,-0.277,2.98859,0.03402,47.637,-0.172,2.74293,0.03588,59.363,-0.367,2.94379,0.03467,39.900,-0.211
1.152,2.84202,0.03518,48.976,-0.276,2.98847,0.03416,47.637,-0.172,2.74281,0.03601,59.362,-0.366,2.94367,0.03480,39.900,-0.210
1.158,2.84190,0.03531,48.976,-0.276,2.98835,0.03429,47.637,-0.171,2.74270,0.03615,59.362,-0.365,2.94355,0.03494,39.900,-0.210
1.164,2.84179,0.03545,48.975,-0.275,2.98823,0.03442,47.637,-0.171,2.74258,0.03628,59.361,-0.364,2.94343,0.03507,39.900,-0.209
1.170,2.84167,0.03558,48.975,-0.274,2.98810,0.03456,47.637,-0.170,2.74247,0.03642,59.361,-0.363,2.94332,0.03520,39.899,-0.209
1.176,2.84156,0.03571,48.975,-0.274,2.98798,0.03469,47.637,-0.170,2.74235,0.03655,59.360,-0.362,2.94320,0.03533,39.899,-0.208
1.182,2.84145,0.03584,48.974,-0.273,2.98786,0.03483,47.636,-0.169,2.74224,0.03668,59.360,-0.361,2.94309,0.03546,39.899,-0.208
1.188,2.84134,0.03597,48.974,-0.272,2.98774,0.03496,47.636,-0.169,2.74213,0.03682,59.359,-0.361,2.94298,0.03559,39.899,-0.207
1.194,2.84122,0.03611,48.974,-0.272,2.98763,0.03509,47.636,-0.168,2.74202,0.03695,59.359,-0.360,2.94287,0.03573,39.898,-0.207
1.200,2.84111,0.03624,48.973,-0.271,2.98751,0.03523,47.636,-0.167,2.74190,0.03709,59.358,-0.359,2.94275,0.03586,39.898,-0.206
1.206,2.84100,0.03637,48.973,-0.270,2.98739,0.03536,47.636,-0.167,2.74179,0.03722,59.358,-0.358,2.94264,0.03599,39.898,-0.206
1.212,2.84090,0.03650,48.973,-0.270,2.98728,0.03550,47.636,-0.166,2.74168,0.03736,59.357,-0.357,2.94254,0.03612,39.898,-0.205
1.218,2.84079,0.03663,48.972,-0.269,2.98716,0.03563,47.636,-0.166,2.74158,0.03749,59.357,-0.356,2.94243,0.03625,39.897,-0.205
1.224,2.84068,0.03677,48.972,-0.268,2.98705,0.03576,47.636,-0.165,2.74147,0.03762,59.356,-0.356,2.94232,0.03638,39.897,-0.204
1.230,2.84057,0.03690,48.972,-0.268,2.98694,0.03590,47.636,-0.165,2.74136,0.03776,59.356,-0.355,2.94221,0.03651,39.897,-0.204
1.236,2.84047,0.03703,48.971,-0.267,2.98682,0.03603,47.636,-0.164,2.74126,0.03789,59.356,-0.354,2.94210,0.03664,39.897,-0.203
1.242,2.84036,0.03716,48.971,-0.267,2.98671,0.03616,47.636,-0.164,2.74115,0.03802,59.355,-0.353,2.94200,0.03677,39.896,-0.203
1.248,2.84026,0.03729,48.971,-0.266,2.98660,0.03630,47.635,-0.163,2.74104,0.03816,59.355,-0.352,2.94189,0.03690,39.896,-0.202
1.254,2.84015,0.03742,48.970,-0.265,2.98649,0.03643,47.635,-0.163,2.74094,0.03829,59.354,-0.352,2.94179,0.03703,39.896,-0.202
1.260,2.84005,0.03755,48.970,-0.265,2.98638,0.03656,47.635,-0.162,2.74084,0.03842,59.354,-0.351,2.94169,0.03716,39.896,-0.201
1.266,2.83995,0.03768,48.970,-0.264,2.98627,0.03669,47.635,-0.162,2.74073,0.03856,59.354,-0.350,2.94158,0.03729,39.896,-0.201
1.272,2.83985,0.03781,48.970,-0.264,2.98616,0.03683,47.635,-0.161,2.74063,0.03869,59.353,-0.349,2.94148,0.03742,39.895,-0.200
1.278,2.83975,0.03794,48.969,-0.263,2.98606,0.03696,47.635,-0.161,2.74053,0.03882,59.353,-0.349,2.94138,0.03755,39.895,-0.200
1.284,2.83965,0.03807,48.969,-0.262,2.98595,0.03709,47.635,-0.160,2.74043,0.03895,59.352,-0.348,2.94128,0.03768,39.895,-0.199
1.290,2.83955,0.03820,48.969,-0.262,2.98584,0.03722,47.635,-0.160,2.74033,0.03909,59.352,-0.347,2.94118,0.03781,39.895,-0.199
1.296,2.83945,0.03834,48.968,-0.261,2.98574,0.03736,47.635,-0.160,2.74023,0.03922,59.352,-0.346,2.94108,0.03794,39.895,-0.198
1.302,2.83935,0.03847,48.968,-0.261,2.98563,0.03749,47.635,-0.159,2.74013,0.03935,59.351,-0.346,2.94098,0.03807,39.894,-0.198
1.308,2.83925,0.03860,48.968,-0.260,2.98553,0.03762,47.635,-0.159,2.74004,0.03948,59.351,-0.345,2.94088,0.03820,39.894,-0.197
1.314,2.83916,0.03873,48.968,-0.259,2.98543,0.03775,47.635,-0.158,2.73994,0.03962,59.350,-0.344,2.94079,0.03833,39.894,-0.197
1.320,2.83906,0.03886,48.967,-0.259,2.98532,0.03789,47.635,-0.158,2.73984,0.03975,59.350,-0.343,2.94069,0.03846,39.894,-0.197
1.326,2.83896,0.03898,48.967,-0.258,2.98522,0.03802,47.635,-0.157,2.73975,0.03988,59.350,-0.343,2.94059,0.03859,39.894,-0.196
1.332,2.83887,0.03911,48.967,-0.258,2.98512,0.03815,47.634,-0.157,2.73965,0.04001,59.349,-0.342,2.94050,0.03872,39.893,-0.196
1.338,2.83878,0.03924,48.967,-0.257,2.98502,0.03828,47.634,-0.156,2.73956,0.04014,59.349,-0.341,2.94040,0.03885,39.893,-0.195
1.344,2.83868,0.03937,48.966,-0.257,2.98492,0.03841,47.634,-0.156,2.73946,0.04027,59.349,-0.341,2.94031,0.03898,39.893,-0.195
1.350,2.83859,0.03950,48.966,-0.256,2.98482,0.03854,47.634,-0.155,2.73937,0.04041,59.348,-0.340,2.94022,0.03910,39.893,-0.194
1.356,2.83850,0.03963,48.966,-0.256,2.98472,0.03868,47.634,-0.155,2.73928,0.04054,59.348,-0.339,2.94012,0.03923,39.893,-0.194
1.362,2.83840,0.03976,48.965,-0.255,2.98462,0.03881,47.634,-0.155,2.73918,0.04067,59.347,-0.338,2.94003,0.03936,39.893,-0.194
1.368,2.83831,0.03989,48.965,-0.255,2.98452,0.03894,47.634,-0.154,2.73909,0.04080,59.347,-0.338,2.93994,0.03949,39.892,-0.193
1.374,2.83822,0.04002,48.965,-0.254,2.98443,0.03907,47.634,-0.154,2.73900,0.04093,59.347,-0.337,2.93985,0.03962,39.892,-0.193
1.380,2.83813,0.04015,48.965,-0.253,2.98433,0.03920,47.634,-0.153,2.73891,0.04106,59.346,-0.336,2.93976,0.03975,39.892,-0.192
1.386,2.83804,0.04028,48.965,-0.253,2.98423,0.03933,47.634,-0.153,2.73882,0.04119,59.346,-0.336,2.93967,0.03988,39.892,-0.192
1.392,2.83795,0.04041,48.964,-0.252,2.98414,0.03946,47.634,-0.152,2.73873,0.04132,59.346,-0.335,2.93958,0.04000,39.892,-0.192
1.398,2.83787,0.04053,48.964,-0.252,2.98404,0.03959,47.634,-0.152,2.73864,0.04145,59.345,-0.334,2.93949,0.04013,39.891,-0.191
1.404,2.83778,0.04066,48.964,-0.251,2.98395,0.03973,47.634,-0.152,2.73855,0.04159,59.345,-0.334,2.93940,0.04026,39.891,-0.191
1.410,2.83769,0.04079,48.964,-0.251,2.98386,0.03986,47.634,-0.151,2.73846,0.04172,59.345,-0.333,2.93931,0.04039,39.891,-0.190
1.416,2.83760,0.04092,48.963,-0.250,2.98376,0.03999,47.634,-0.151,2.73838,0.04185,59.344,-0.332,2.93923,0.04051,39.891,-0.190
1.422,2.83752,0.04105,48.963,-0.250,2.98367,0.04012,47.634,-0.150,2.73829,0.04198,59.344,-0.332,2.93914,0.04064,39.891,-0.190
1.428,2.83743,0.04118,48.963,-0.249,2.98358,0.04025,47.634,-0.150,2.73820,0.04211,59.344,-0.331,2.93905,0.04077,39.891,-0.189
1.434,2.83735,0.04130,48.963,-0.249,2.98349,0.04038,47.634,-0.149,2.73812,0.04224,59.344,-0.331,2.93897,0.04090,39.890,-0.189
1.440,2.83726,0.04143,48.962,-0.248,2.98340,0.04051,47.634,-0.149,2.73803,0.04237,59.343,-0.330,2.93888,0.04103,39.890,-0.188
1.446,2.83718,0.04156,48.962,-0.248,2.98331,0.04064,47.634,-0.149,2.73795,0.04250,59.343,-0.329,2.93880,0.04115,39.890,-0.188
1.452,2.83709,0.04169,48.962,-0.247,2.98322,0.04077,47.634,-0.148,2.73786,0.04263,59.343,-0.329,2.93872,0.04128,39.890,-0.188
1.458,2.83701,0.04182,48.962,-0.247,2.98313,0.04090,47.633,-0.148,2.73778,0.04276,59.342,-0.328,2.93863,0.04141,39.890,-0.187
1.464,2.83693,0.04194,48.962,-0.246,2.98304,0.04103,47.633,-0.148,2.73770,0.04289,59.342,-0.327,2.93855,0.04153,39.890,-0.187
1.470,2.83685,0.04207,48.961,-0.246,2.98295,0.04116,47.633,-0.147,2.73762,0.04302,59.342,-0.327,2.93847,0.04166,39.890,-0.187
1.476,2.83676,0.04220,48.961,-0.246,2.98286,0.04129,47.633,-0.147,2.73753,0.04315,59.341,-0.326,2.93838,0.04179,39.889,-0.186
1.482,2.83668,0.04233,48.961,-0.245,2.98277,0.04142,47.633,-0.146,2.73745,0.04328,59.341,-0.326,2.93830,0.04191,39.889,-0.186
1.488,2.83660,0.04245,48.961,-0.245,2.98269,0.04155,47.633,-0.146,2.73737,0.04340,59.341,-0.325,2.93822,0.04204,39.889,-0.185
1.494,2.83652,0.04258,48.961,-0.244,2.98260,0.04168,47.633,-0.146,2.73729,0.04353,59.341,-0.324,2.93814,0.04217,39.889,-0.185
1.500,2.83644,0.04271,48.960,-0.244,2.98251,0.04181,47.633,-0.145,2.73721,0.04366,59.340,-0.324,2.93806,0.04229,39.889,-0.185
1.506,2.83636,0.04284,48.960,-0.243,2.98243,0.04194,47.633,-0.145,2.73713,0.04379,59.340,-0.323,2.93798,0.04242,39.889,-0.184
1.512,2.83628,0.04296,48.960,-0.243,2.98234,0.04207,47.633,-0.144,2.73705,0.04392,59.340,-0.323,2.93790,0.04255,39.889,-0.184
1.518,2.83621,0.04309,48.960,-0.242,2.98226,0.04220,47.633,-0.144,2.73697,0.04405,59.339,-0.322,2.93783,0.04267,39.888,-0.184
1.524,2.83613,0.04322,48.960,-0.242,2.98218,0.04233,47.633,-0.144,2.73689,0.04418,59.339,-0.321,2.93775,0.04280,39.888,-0.183
1.530,2.83605,0.04334,48.959,-0.241,2.98209,0.04246,47.633,-0.143,2.73682,0.04431,59.339,-0.321,2.93767,0.04293,39.888,-0.183
1.536,2.83597,0.04347,48.959,-0.241,2.98201,0.04259,47.633,-0.143,2.73674,0.04444,59.339,-0.320,2.93759,0.04305,39.888,-0.183
1.542,2.83590,0.04360,48.959,-0.241,2.98193,0.04272,47.633,-0.143,2.73666,0.04457,59.338,-0.320,2.93752,0.04318,39.888,-0.182
1.548,2.83582,0.04372,48.959,-0.240,2.98184,0.04285,47.633,-0.142,2.73658,0.04469,59.338,-0.319,2.93744,0.04331,39.888,-0.182
1.554,2.83575,0.04385,48.959,-0.240,2.98176,0.04298,47.633,-0.142,2.73651,0.04482,59.338,-0.319,2.93736,0.04343,39.888,-0.182
1.560,2.83567,0.04398,48.958,-0.239,2.98168,0.04310,47.633,-0.142,2.73643,0.04495,59.338,-0.318,2.93729,0.04356,39.887,-0.181
1.566,2.83559,0.04410,48.958,-0.239,2.98160,0.04323,47.633,-0.141,2.73636,0.04508,59.337,-0.317,2.93721,0.04368,39.887,-0.181
1.572,2.83552,0.04423,48.958,-0.238,2.98152,0.04336,47.633,-0.141,2.73628,0.04521,59.337,-0.317,2.93714,0.04381,39.887,-0.181
1.578,2.83545,0.04436,48.958,-0.238,2.98144,0.04349,47.633,-0.141,2.73621,0.04534,59.337,-0.316,2.93706,0.04393,39.887,-0.180
1.584,2.83537,0.04448,48.958,-0.237,2.98136,0.04362,47.633,-0.140,2.73613,0.04546,59.336,-0.316,2.93699,0.04406,39.887,-0.180
1.590,2.83530,0.04461,48.958,-0.237,2.98128,0.04375,47.633,-0.140,2.73606,0.04559,59.336,-0.315,2.93692,0.04419,39.887,-0.180
1.596,2.83523,0.04473,48.957,-0.237,2.98120,0.04388,47.633,-0.139,2.73599,0.04572,59.336,-0.315,2.93684,0.04431,39.887,-0.179
1.602,2.83515,0.04486,48.957,-0.236,2.98112,0.04401,47.633,-0.139,2.73591,0.04585,59.336,-0.314,2.93677,0.04444,39.887,-0.179
1.608,2.83508,0.04498,48.957,-0.236,2.98105,0.04414,47.633,-0.139,2.73584,0.04598,59.335,-0.314,2.93670,0.04456,39.886,-0.179
1.614,2.83501,0.04511,48.957,-0.235,2.98097,0.04426,47.633,-0.138,2.73577,0.04610,59.335,-0.313,2.93663,0.04469,39.886,-0.178
1.620,2.83494,0.04524,48.957,-0.235,2.98089,0.04439,47.633,-0.138,2.73570,0.04623,59.335,-0.313,2.93656,0.04481,39.886,-0.178
1.626,2.83487,0.04536,48.957,-0.235,2.98081,0.04452,47.633,-0.138,2.73563,0.04636,59.335,-0.312,2.93649,0.04494,39.886,-0.178
1.632,2.83480,0.04549,48.956,-0.234,2.98074,0.04465,47.633,-0.137,2.73555,0.04649,59.335,-0.312,2.93642,0.04506,39.886,-0.177
1.638,2.83473,0.04561,48.956,-0.234,2.98066,0.04478,47.633,-0.137,2.73548,0.04661,59.334,-0.311,2.93635,0.04519,39.886,-0.177
1.644,2.83466,0.04574,48.956,-0.233,2.98059,0.04491,47.633,-0.137,2.73541,0.04674,59.334,-0.311,2.93628,0.04531,39.886,-0.177
1.650,2.83459,0.04586,48.956,-0.233,2.98051,0.04503,47.633,-0.136,2.73534,0.04687,59.334,-0.310,2.93621,0.04544,39.886,-0.176
1.656,2.83452,0.04599,48.956,-0.233,2.98044,0.04516,47.633,-0.136,2.73527,0.04700,59.334,-0.310,2.93614,0.04556,39.886,-0.176
1.662,2.83445,0.04611,48.956,-0.232,2.98036,0.04529,47.633,-0.136,2.73521,0.04712,59.333,-0.309,2.93607,0.04569,39.885,-0.176
1.668,2.83438,0.04624,48.955,-0.232,2.98029,0.04542,47.633,-0.136,2.73514,0.04725,59.333,-0.309,2.93600,0.04581,39.885,-0.175
1.674,2.83432,0.04636,48.955,-0.231,2.98022,0.04555,47.633,-0.135,2.73507,0.04738,59.333,-0.308,2.93593,0.04593,39.885,-0.175
1.680,2.83425,0.04649,48.955,-0.231,2.98014,0.04567,47.633,-0.135,2.73500,0.04750,59.333,-0.308,2.93587,0.04606,39.885,-0.175
1.686,2.83418,0.04661,48.955,-0.231,2.98007,0.04580,47.633,-0.135,2.73493,0.04763,59.332,-0.307,2.93580,0.04618,39.885,-0.174
1.692,2.83412,0.04674,48.955,-0.230,2.98000,0.04593,47.633,-0.134,2.73487,0.04776,59.332,-0.307,2.93573,0.04631,39.885,-0.174
1.698,2.83405,0.04686,48.955,-0.230,2.97992,0.04606,47.633,-0.134,2.73480,0.04788,59.332,-0.306,2.93567,0.04643,39.885,-0.174
1.704,2.83398,0.04699,48.954,-0.229,2.97985,0.04618,47.633,-0.134,2.73473,0.04801,59.332,-0.306,2.93560,0.04656,39.885,-0.174
1.710,2.83392,0.04711,48.954,-0.229,2.97978,0.04631,47.633,-0.133,2.73467,0.04814,59.332,-0.305,2.93553,0.04668,39.885,-0.173
1.716,2.83385,0.04724,48.954,-0.229,2.97971,0.04644,47.633,-0.133,2.73460,0.04826,59.331,-0.305,2.93547,0.04680,39.884,-0.173
1.722,2.83379,0.04736,48.954,-0.228,2.97964,0.04657,47.633,-0.133,2.73453,0.04839,59.331,-0.304,2.93540,0.04693,39.884,-0.173
1.728,2.83372,0.04749,48.954,-0.228,2.97957,0.04669,47.633,-0.132,2.73447,0.04852,59.331,-0.304,2.93534,0.04705,39.884,-0.172
1.734,2.83366,0.04761,48.954,-0.228,2.97950,0.04682,47.633,-0.132,2.73440,0.04864,59.331,-0.303,2.93527,0.04718,39.884,-0.172
1.740,2.83359,0.04774,48.954,-0.227,2.97943,0.04695,47.633,-0.132,2.73434,0.04877,59.331,-0.303,2.93521,0.04730,39.884,-0.172
1.746,2.83353,0.04786,48.953,-0.227,2.97936,0.04708,47.633,-0.132,2.73428,0.04889,59.330,-0.302,2.93515,0.04742,39.884,-0.172
1.752,2.83347,0.04798,48.953,-0.226,2.97929,0.04720,47.633,-0.131,2.73421,0.04902,59.330,-0.302,2.93508,0.04755,39.884,-0.171
1.758,2.83340,0.04811,48.953,-0.226,2.97922,0.04733,47.633,-0.131,2.73415,0.04915,59.330,-0.301,2.93502,0.04767,39.884,-0.171
1.764,2.83334,0.04823,48.953,-0.226,2.97915,0.04746,47.633,-0.131,2.73408,0.04927,59.330,-0.301,2.93496,0.04779,39.884,-0.171
1.770,2.83328,0.04836,48.953,-0.225,2.97909,0.04758,47.633,-0.130,2.73402,0.04940,59.330,-0.300,2.93490,0.04792,39.884,-0.170
1.776,2.83322,0.04848,48.953,-0.225,2.97902,0.04771,47.633,-0.130,2.73396,0.04952,59.329,-0.300,2.93483,0.04804,39.884,-0.170
1.782,2.83315,0.04860,48.953,-0.225,2.97895,0.04784,47.633,-0.130,2.73390,0.04965,59.329,-0.299,2.93477,0.04816,39.883,-0.170
1.788,2.83309,0.04873,48.952,-0.224,2.97888,0.04797,47.633,-0.129,2.73383,0.04978,59.329,-0.299,2.93471,0.04829,39.883,-0.170
1.794,2.83303,0.04885,48.952,-0.224,2.97882,0.04809,47.633,-0.129,2.73377,0.04990,59.329,-0.299,2.93465,0.04841,39.883,-0.169
1.800,2.83297,0.04897,48.952,-0.224,2.97875,0.04822,47.633,-0.129,2.73371,0.05003,59.329,-0.298,2.93459,0.04853,39.883,-0.169
1.806,2.83291,0.04910,48.952,-0.223,2.97868,0.04835,47.633,-0.129,2.73365,0.05015,59.328,-0.298,2.93453,0.04866,39.883,-0.169
1.812,2.83285,0.04922,48.952,-0.223,2.97862,0.04847,47.633,-0.128,2.73359,0.05028,59.328,-0.297,2.93447,0.04878,39.883,-0.169
1.818,2.83279,0.04935,48.952,-0.223,2.97855,0.04860,47.633,-0.128,2.73353,0.05040,59.328,-0.297,2.93441,0.04890,39.883,-0.168
1.824,2.83273,0.04947,48.952,-0.222,2.97849,0.04873,47.633,-0.128,2.73347,0.05053,59.328,-0.296,2.93435,0.04903,39.883,-0.168
1.830,2.83267,0.04959,48.952,-0.222,2.97842,0.04885,47.633,-0.127,2.73341,0.05065,59.328,-0.296,2.93429,0.04915,39.883,-0.168
1.836,2.83261,0.04972,48.951,-0.222,2.97836,0.04898,47.633,-0.127,2.73335,0.05078,59.327,-0.295,2.93423,0.04927,39.883,-0.167
1.842,2.83255,0.04984,48.951,-0.221,2.97829,0.04910,47.633,-0.127,2.73329,0.05090,59.327,-0.295,2.93417,0.04939,39.883,-0.167
1.848,2.83250,0.04996,48.951,-0.221,2.97823,0.04923,47.633,-0.127,2.73323,0.05103,59.327,-0.295,2.93411,0.04952,39.882,-0.167
1.854,2.83244,0.05008,48.951,-0.221,2.97817,0.04936,47.633,-0.126,2.73317,0.05115,59.327,-0.294,2.93406,0.04964,39.882,-0.167
1.860,2.83238,0.05021,48.951,-0.220,2.97810,0.04948,47.633,-0.126,2.73311,0.05128,59.327,-0.294,2.93400,0.04976,39.882,-0.166
1.866,2.83232,0.05033,48.951,-0.220,2.97804,0.04961,47.633,-0.126,2.73305,0.05140,59.327,-0.293,2.93394,0.04989,39.882,-0.166
1.872,2.83226,0.05045,48.951,-0.220,2.97798,0.04974,47.633,-0.126,2.73300,0.05153,59.326,-0.293,2.93388,0.05001,39.882,-0.166
1.878,2.83221,0.05058,48.951,-0.219,2.97791,0.04986,47.633,-0.125,2.73294,0.05165,59.326,-0.292,2.93383,0.05013,39.882,-0.166
1.884,2.83215,0.05070,48.950,-0.219,2.97785,0.04999,47.633,-0.125,2.73288,0.05178,59.326,-0.292,2.93377,0.05025,39.882,-0.165
1.890,2.83209,0.05082,48.950,-0.219,2.97779,0.05011,47.633,-0.125,2.73282,0.05190,59.326,-0.292,2.93371,0.05037,39.882,-0.165
1.896,2.83204,0.05094,48.950,-0.218,2.97773,0.05024,47.633,-0.125,2.73277,0.05203,59.326,-0.291,2.93366,0.05050,39.882,-0.165
1.902,2.83198,0.05107,48.950,-0.218,2.97767,0.05037,47.633,-0.124,2.73271,0.05215,59.326,-0.291,2.93360,0.05062,39.882,-0.165
1.908,2.83193,0.05119,48.950,-0.218,2.97761,0.05049,47.633,-0.124,2.73265,0.05228,59.325,-0.290,2.93355,0.05074,39.882,-0.164
1.914,2.83187,0.05131,48.950,-0.217,2.97755,0.05062,47.633,-0.124,2.73260,0.05240,59.325,-0.290,2.93349,0.05086,39.882,-0.164
1.920,2.83182,0.05143,48.950,-0.217,2.97748,0.05074,47.633,-0.123,2.73254,0.05252,59.325,-0.290,2.93344,0.05098,39.881,-0.164
1.926,2.83176,0.05156,48.950,-0.217,2.97742,0.05087,47.633,-0.123,2.73249,0.05265,59.325,-0.289,2.93338,0.05111,39.881,-0.164
1.932,2.83171,0.05168,48.950,-0.216,2.97736,0.05099,47.633,-0.123,2.73243,0.05277,59.325,-0.289,2.93333,0.05123,39.881,-0.163
1.938,2.83165,0.05180,48.949,-0.216,2.97730,0.05112,47.633,-0.123,2.73238,0.05290,59.325,-0.288,2.93327,0.05135,39.881,-0.163
1.944,2.83160,0.05192,48.949,-0.216,2.97725,0.05124,47.633,-0.122,2.73232,0.05302,59.324,-0.288,2.93322,0.05147,39.881,-0.163
1.950,2.83154,0.05205,48.949,-0.215,2.97719,0.05137,47.633,-0.122,2.73227,0.05314,59.324,-0.288,2.93316,0.05159,39.881,-0.163
1.956,2.83149,0.05217,48.949,-0.215,2.97713,0.05150,47.633,-0.122,2.73221,0.05327,59.324,-0.287,2.93311,0.05172,39.881,-0.162
1.962,2.83144,0.05229,48.949,-0.215,2.97707,0.05162,47.633,-0.122,2.73216,0.05339,59.324,-0.287,2.93306,0.05184,39.881,-0.162
1.968,2.83138,0.05241,48.949,-0.215,2.97701,0.05175,47.633,-0.121,2.73210,0.05352,59.324,-0.286,2.93300,0.05196,39.881,-0.162
1.974,2.83133,0.05253,48.949,-0.214,2.97695,0.05187,47.633,-0.121,2.73205,0.05364,59.324,-0.286,2.93295,0.05208,39.881,-0.162
1.980,2.83128,0.05266,48.949,-0.214,2.97689,0.05200,47.633,-0.121,2.73200,0.05376,59.323,-0.286,2.93290,0.05220,39.881,-0.161
1.986,2.83122,0.05278,48.949,-0.214,2.97684,0.05212,47.633,-0.121,2.73194,0.05389,59.323,-0.285,2.93285,0.05232,39.881,-0.161
1.992,2.83117,0.05290,48.949,-0.213,2.97678,0.05225,47.633,-0.120,2.73189,0.05401,59.323,-0.285,2.93280,0.05244,39.881,-0.161
1.998,2.83112,0.05302,48.948,-0.213,2.97672,0.05237,47.633,-0.120,2.73184,0.05413,59.323,-0.284,2.93274,0.05257,39.881,-0.161
2.004,2.83107,0.05314,48.948,-0.213,2.97666,0.05250,47.633,-0.120,2.73179,0.05426,59.323,-0.284,2.93269,0.05269,39.880,-0.161
2.010,2.83102,0.05326,48.948,-0.212,2.97661,0.05262,47.633,-0.120,2.73173,0.05438,59.323,-0.284,2.93264,0.05281,39.880,-0.160
2.016,2.83097,0.05339,48.948,-0.212,2.97655,0.05275,47.633,-0.120,2.73168,0.05450,59.323,-0.283,2.93259,0.05293,39.880,-0.160
2.022,2.83092,0.05351,48.948,-0.212,2.97650,0.05287,47.633,-0.119,2.73163,0.05463,59.322,-0.283,2.93254,0.05305,39.880,-0.160
2.028,2.83086,0.05363,48.948,-0.212,2.97644,0.05300,47.633,-0.119,2.73158,0.05475,59.322,-0.283,2.93249,0.05317,39.880,-0.160
2.034,2.83081,0.05375,48.948,-0.211,2.97638,0.05312,47.633,-0.119,2.73153,0.05487,59.322,-0.282,2.93244,0.05329,39.880,-0.159
2.040,2.83076,0.05387,48.948,-0.211,2.97633,0.05325,47.633,-0.119,2.73148,0.05500,59.322,-0.282,2.93239,0.05341,39.880,-0.159
2.046,2.83071,0.05399,48.948,-0.211,2.97627,0.05337,47.633,-0.118,2.73143,0.05512,59.322,-0.281,2.93234,0.05353,39.880,-0.159
2.052,2.83066,0.05411,48.948,-0.210,2.97622,0.05350,47.633,-0.118,2.73138,0.05524,59.322,-0.281,2.93229,0.05365,39.880,-0.159
2.058,2.83061,0.05424,48.947,-0.210,2.97616,0.05362,47.633,-0.118,2.73133,0.05537,59.322,-0.281,2.93224,0.05378,39.880,-0.158
2.064,2.83056,0.05436,48.947,-0.210,2.97611,0.05374,47.633,-0.118,2.73128,0.05549,59.321,-0.280,2.93219,0.05390,39.880,-0.158
2.070,2.83052,0.05448,48.947,-0.210,2.97605,0.05387,47.633,-0.117,2.73123,0.05561,59.321,-0.280,2.93214,0.05402,39.880,-0.158
2.076,2.83047,0.05460,48.947,-0.209,2.97600,0.05399,47.634,-0.117,2.73118,0.05573,59.321,-0.280,2.93209,0.05414,39.880,-0.158
2.082,2.83042,0.05472,48.947,-0.209,2.97595,0.05412,47.634,-0.117,2.73113,0.05586,59.321,-0.279,2.93205,0.05426,39.880,-0.158
2.088,2.83037,0.05484,48.947,-0.209,2.97589,0.05424,47.634,-0.117,2.73108,0.05598,59.321,-0.279,2.93200,0.05438,39.880,-0.157
2.094,2.83032,0.05496,48.947,-0.208,2.97584,0.05437,47.634,-0.116,2.73103,0.05610,59.321,-0.279,2.93195,0.05450,39.880,-0.157
2.100,2.83027,0.05508,48.947,-0.208,2.97579,0.05449,47.634,-0.116,2.73098,0.05622,59.321,-0.278,2.93190,0.05462,39.879,-0.157
2.106,2.83022,0.05520,48.947,-0.208,2.97573,0.05462,47.634,-0.116,2.73093,0.05635,59.320,-0.278,2.93185,0.05474,39.879,-0.157
2.112,2.83018,0.05532,48.947,-0.208,2.97568,0.05474,47.634,-0.116,2.73088,0.05647,59.320,-0.277,2.93181,0.05486,39.879,-0.157
2.118,2.83013,0.05544,48.947,-0.207,2.97563,0.05486,47.634,-0.116,2.73083,0.05659,59.320,-0.277,2.93176,0.05498,39.879,-0.156
2.124,2.83008,0.05556,48.946,-0.207,2.97558,0.05499,47.634,-0.115,2.73079,0.05671,59.320,-0.277,2.93171,0.05510,39.879,-0.156
2.130,2.83003,0.05569,48.946,-0.207,2.97552,0.05511,47.634,-0.115,2.73074,0.05684,59.320,-0.276,2.93167,0.05522,39.879,-0.156
2.136,2.82999,0.05581,48.946,-0.207,2.97547,0.05524,47.634,-0.115,2.73069,0.05696,59.320,-0.276,2.93162,0.05534,39.879,-0.156
2.142,2.82994,0.05593,48.946,-0.206,2.97542,0.05536,47.634,-0.115,2.73064,0.05708,59.320,-0.276,2.93157,0.05546,39.879,-0.155
2.148,2.82989,0.05605,48.946,-0.206,2.97537,0.05548,47.634,-0.114,2.73060,0.05720,59.320,-0.275,2.93153,0.05558,39.879,-0.155
2.154,2.82985,0.05617,48.946,-0.206,2.97532,0.05561,47.634,-0.114,2.73055,0.05733,59.319,-0.275,2.93148,0.05570,39.879,-0.155
2.160,2.82980,0.05629,48.946,-0.205,2.97527,0.05573,47.634,-0.114,2.73050,0.05745,59.319,-0.275,2.93143,0.05582,39.879,-0.155
2.166,2.82976,0.05641,48.946,-0.205,2.97522,0.05586,47.634,-0.114,2.73046,0.05757,59.319,-0.274,2.93139,0.05594,39.879,-0.155
2.172,2.82971,0.05653,48.946,-0.205,2.97516,0.05598,47.634,-0.114,2.73041,0.05769,59.319,-0.274,2.93134,0.05606,39.879,-0.154
2.178,2.82967,0.05665,48.946,-0.205,2.97511,0.05610,47.634,-0.113,2.73036,0.05781,59.319,-0.274,2.93130,0.05618,39.879,-0.154
2.184,2.82962,0.05677,48.946,-0.204,2.97506,0.05623,47.634,-0.113,2.73032,0.05794,59.319,-0.273,2.93125,0.05630,39.879,-0.154
2.190,2.82957,0.05689,48.946,-0.204,2.97501,0.05635,47.634,-0.113,2.73027,0.05806,59.319,-0.273,2.93121,0.05642,39.879,-0.154
2.196,2.82953,0.05701,48.945,-0.204,2.97496,0.05647,47.634,-0.113,2.73022,0.05818,59.319,-0.273,2.93117,0.05654,39.879,-0.154
2.202,2.82949,0.05713,48.945,-0.204,2.97491,0.05660,47.634,-0.113,2.73018,0.05830,59.318,-0.272,2.93112,0.05666,39.879,-0.153
2.208,2.82944,0.05725,48.945,-0.203,2.97487,0.05672,47.634,-0.112,2.73013,0.05842,59.318,-0.272,2.93108,0.05678,39.878,-0.153
2.214,2.82940,0.05737,48.945,-0.203,2.97482,0.05684,47.634,-0.112,2.73009,0.05854,59.318,-0.272,2.93103,0.05690,39.878,-0.153
2.220,2.82935,0.05749,48.945,-0.203,2.97477,0.05697,47.634,-0.112,2.73004,0.05867,59.318,-0.271,2.93099,0.05702,39.878,-0.153
2.226,2.82931,0.05761,48.945,-0.203,2.97472,0.05709,47.634,-0.112,2.73000,0.05879,59.318,-0.271,2.93095,0.05714,39.878,-0.153
2.232,2.82926,0.05773,48.945,-0.202,2.97467,0.05721,47.634,-0.112,2.72995,0.05891,59.318,-0.271,2.93090,0.05726,39.878,-0.152
2.238,2.82922,0.05785,48.945,-0.202,2.97462,0.05734,47.634,-0.111,2.72991,0.05903,59.318,-0.270,2.93086,0.05737,39.878,-0.152
2.244,2.82918,0.05797,48.945,-0.202,2.97457,0.05746,47.634,-0.111,2.72987,0.05915,59.318,-0.270,2.93082,0.05749,39.878,-0.152
2.250,2.82913,0.05809,48.945,-0.202,2.97452,0.05758,47.634,-0.111,2.72982,0.05927,59.317,-0.270,2.93077,0.05761,39.878,-0.152
2.256,2.82909,0.05821,48.945,-0.201,2.97448,0.05771,47.634,-0.111,2.72978,0.05939,59.317,-0.269,2.93073,0.05773,39.878,-0.152
2.262,2.82905,0.05833,48.945,-0.201,2.97443,0.05783,47.634,-0.111,2.72973,0.05951,59.317,-0.269,2.93069,0.05785,39.878,-0.151
2.268,2.82901,0.05844,48.945,-0.201,2.97438,0.05795,47.634,-0.110,2.72969,0.05964,59.317,-0.269,2.93065,0.05797,39.878,-0.151
2.274,2.82896,0.05856,48.944,-0.201,2.97433,0.05808,47.634,-0.110,2.72965,0.05976,59.317,-0.268,2.93060,0.05809,39.878,-0.151
2.280,2.82892,0.05868,48.944,-0.200,2.97429,0.05820,47.634,-0.110,2.72960,0.05988,59.317,-0.268,2.93056,0.05821,39.878,-0.151
2.286,2.82888,0.05880,48.944,-0.200,2.97424,0.05832,47.634,-0.110,2.72956,0.06000,59.317,-0.268,2.93052,0.05833,39.878,-0.151
2.292,2.82884,0.05892,48.944,-0.200,2.97419,0.05845,47.635,-0.110,2.72952,0.06012,59.317,-0.268,2.93048,0.05845,39.878,-0.150
2.298,2.82879,0.05904,48.944,-0.200,2.97415,0.05857,47.635,-0.109,2.72948,0.06024,59.317,-0.267,2.93044,0.05857,39.878,-0.150
2.304,2.82875,0.05916,48.944,-0.199,2.97410,0.05869,47.635,-0.109,2.72943,0.06036,59.316,-0.267,2.93040,0.05868,39.878,-0.150
2.310,2.82871,0.05928,48.944,-0.199,2.97405,0.05882,47.635,-0.109,2.72939,0.06048,59.316,-0.267,2.93036,0.05880,39.878,-0.150
2.316,2.82867,0.05940,48.944,-0.199,2.97401,0.05894,47.635,-0.109,2.72935,0.06060,59.316,-0.266,2.93031,0.05892,39.878,-0.150
2.322,2.82863,0.05952,48.944,-0.199,2.97396,0.05906,47.635,-0.109,2.72931,0.06072,59.316,-0.266,2.93027,0.05904,39.878,-0.150
2.328,2.82859,0.05964,48.944,-0.198,2.97392,0.05918,47.635,-0.108,2.72927,0.06084,59.316,-0.266,2.93023,0.05916,39.878,-0.149
2.334,2.82855,0.05976,48.944,-0.198,2.97387,0.05931,47.635,-0.108,2.72922,0.06097,59.316,-0.265,2.93019,0.05928,39.877,-0.149
2.340,2.82851,0.05987,48.944,-0.198,2.97383,0.05943,47.635,-0.108,2.72918,0.06109,59.316,-0.265,2.93015,0.05940,39.877,-0.149
2.346,2.82847,0.05999,48.944,-0.198,2.97378,0.05955,47.635,-0.108,2.72914,0.06121,59.316,-0.265,2.93011,0.05951,39.877,-0.149
2.352,2.82843,0.06011,48.944,-0.198,2.97374,0.05967,47.635,-0.108,2.72910,0.06133,59.316,-0.264,2.93007,0.05963,39.877,-0.149
2.358,2.82839,0.06023,48.944,-0.197,2.97369,0.05980,47.635,-0.107,2.72906,0.06145,59.316,-0.264,2.93003,0.05975,39.877,-0.148
2.364,2.82835,0.06035,48.943,-0.197,2.97365,0.05992,47.635,-0.107,2.72902,0.06157,59.315,-0.264,2.92999,0.05987,39.877,-0.148
2.370,2.82831,0.06047,48.943,-0.197,2.97360,0.06004,47.635,-0.107,2.72898,0.06169,59.315,-0.264,2.92995,0.05999,39.877,-0.148
2.376,2.82827,0.06059,48.943,-0.197,2.97356,0.06016,47.635,-0.107,2.72894,0.06181,59.315,-0.263,2.92992,0.06011,39.877,-0.148
2.382,2.82823,0.06071,48.943,-0.196,2.97351,0.06029,47.635,-0.107,2.72890,0.06193,59.315,-0.263,2.92988,0.06022,39.877,-0.148
2.388,2.82819,0.06082,48.943,-0.196,2.97347,0.06041,47.635,-0.106,2.72886,0.06205,59.315,-0.263,2.92984,0.06034,39.877,-0.148
2.394,2.82815,0.06094,48.943,-0.196,2.97343,0.06053,47.635,-0.106,2.72882,0.06217,59.315,-0.262,2.92980,0.06046,39.877,-0.147
2.400,2.82811,0.06106,48.943,-0.196,2.97338,0.06065,47.635,-0.106,2.72878,0.06229,59.315,-0.262,2.92976,0.06058,39.877,-0.147
2.406,2.82807,0.06118,48.943,-0.195,2.97334,0.06078,47.635,-0.106,2.72874,0.06241,59.315,-0.262,2.92972,0.06070,39.877,-0.147
2.412,2.82803,0.06130,48.943,-0.195,2.97330,0.06090,47.635,-0.106,2.72870,0.06253,59.315,-0.262,2.92968,0.06081,39.877,-0.147
2.418,2.82799,0.06142,48.943,-0.195,2.97325,0.06102,47.635,-0.106,2.72866,0.06265,59.315,-0.261,2.92965,0.06093,39.877,-0.147
2.424,2.82795,0.06153,48.943,-0.195,2.97321,0.06114,47.635,-0.105,2.72862,0.06277,59.314,-0.261,2.92961,0.06105,39.877,-0.147
2.430,2.82792,0.06165,48.943,-0.195,2.97317,0.06126,47.635,-0.105,2.72858,0.06289,59.314,-0.261,2.92957,0.06117,39.877,-0.146
2.436,2.82788,0.06177,48.943,-0.194,2.97312,0.06139,47.635,-0.105,2.72854,0.06301,59.314,-0.260,2.92953,0.06129,39.877,-0.146
2.442,2.82784,0.06189,48.943,-0.194,2.97308,0.06151,47.635,-0.105,2.72850,0.06313,59.314,-0.260,2.92950,0.06140,39.877,-0.146
2.448,2.82780,0.06201,48.943,-0.194,2.97304,0.06163,47.635,-0.105,2.72846,0.06325,59.314,-0.260,2.92946,0.06152,39.877,-0.146
2.454,2.82776,0.06213,48.943,-0.194,2.97300,0.06175,47.635,-0.104,2.72842,0.06337,59.314,-0.260,2.92942,0.06164,39.877,-0.146
2.460,2.82773,0.06224,48.943,-0.193,2.97295,0.06187,47.635,-0.104,2.72839,0.06349,59.314,-0.259,2.92938,0.06176,39.877,-0.145
2.466,2.82769,0.06236,48.942,-0.193,2.97291,0.06200,47.635,-0.104,2.72835,0.06361,59.314,-0.259,2.92935,0.06187,39.877,-0.145
2.472,2.82765,0.06248,48.942,-0.193,2.97287,0.06212,47.636,-0.104,2.72831,0.06373,59.314,-0.259,2.92931,0.06199,39.877,-0.145
2.478,2.82761,0.06260,48.942,-0.193,2.97283,0.06224,47.636,-0.104,2.72827,0.06385,59.314,-0.258,2.92927,0.06211,39.877,-0.145
2.484,2.82758,0.06271,48.942,-0.193,2.97279,0.06236,47.636,-0.104,2.72823,0.06397,59.314,-0.258,2.92924,0.06223,39.877,-0.145
2.490,2.82754,0.06283,48.942,-0.192,2.97275,0.06248,47.636,-0.103,2.72820,0.06409,59.313,-0.258,2.92920,0.06235,39.876,-0.145
2.496,2.82750,0.06295,48.942,-0.192,2.97271,0.06260,47.636,-0.103,2.72816,0.06420,59.313,-0.258,2.92917,0.06246,39.876,-0.144
2.502,2.82747,0.06307,48.942,-0.192,2.97266,0.06273,47.636,-0.103,2.72812,0.06432,59.313,-0.257,2.92913,0.06258,39.876,-0.144
2.508,2.82743,0.06319,48.942,-0.192,2.97262,0.06285,47.636,-0.103,2.72808,0.06444,59.313,-0.257,2.92909,0.06270,39.876,-0.144
2.514,2.82739,0.06330,48.942,-0.192,2.97258,0.06297,47.636,-0.103,2.72805,0.06456,59.313,-0.257,2.92906,0.06281,39.876,-0.144
2.520,2.82736,0.06342,48.942,-0.191,2.97254,0.06309,47.636,-0.103,2.72801,0.06468,59.313,-0.257,2.92902,0.06293,39.876,-0.144
2.526,2.82732,0.06354,48.942,-0.191,2.97250,0.06321,47.636,-0.102,2.72797,0.06480,59.313,-0.256,2.92899,0.06305,39.876,-0.144
2.532,2.82729,0.06366,48.942,-0.191,2.97246,0.06333,47.636,-0.102,2.72794,0.06492,59.313,-0.256,2.92895,0.06317,39.876,-0.143
2.538,2.82725,0.06377,48.942,-0.191,2.97242,0.06346,47.636,-0.102,2.72790,0.06504,59.313,-0.256,2.92892,0.06328,39.876,-0.143
2.544,2.82722,0.06389,48.942,-0.190,2.97238,0.06358,47.636,-0.102,2.72786,0.06516,59.313,-0.255,2.92888,0.06340,39.876,-0.143
2.550,2.82718,0.06401,48.942,-0.190,2.97234,0.06370,47.636,-0.102,2.72783,0.06528,59.313,-0.255,2.92885,0.06352,39.876,-0.143
2.556,2.82714,0.06413,48.942,-0.190,2.97230,0.06382,47.636,-0.102,2.72779,0.06540,59.313,-0.255,2.92881,0.06363,39.876,-0.143
2.562,2.82711,0.06424,48.942,-0.190,2.97226,0.06394,47.636,-0.101,2.72775,0.06552,59.312,-0.255,2.92878,0.06375,39.876,-0.143
2.568,2.82707,0.06436,48.942,-0.190,2.97222,0.06406,47.636,-0.101,2.72772,0.06563,59.312,-0.254,2.92874,0.06387,39.876,-0.143
2.574,2.82704,0.06448,48.941,-0.189,2.97218,0.06418,47.636,-0.101,2.72768,0.06575,59.312,-0.254,2.92871,0.06399,39.876,-0.142
2.580,2.82700,0.06459,48.941,-0.189,2.97214,0.06430,47.636,-0.101,2.72765,0.06587,59.312,-0.254,2.92868,0.06410,39.876,-0.142
2.586,2.82697,0.06471,48.941,-0.189,2.97211,0.06443,47.636,-0.101,2.72761,0.06599,59.312,-0.254,2.92864,0.06422,39.876,-0.142
2.592,2.82694,0.06483,48.941,-0.189,2.97207,0.06455,47.636,-0.101,2.72758,0.06611,59.312,-0.253,2.92861,0.06434,39.876,-0.142
2.598,2.82690,0.06495,48.941,-0.189,2.97203,0.06467,47.636,-0.100,2.72754,0.06623,59.312,-0.253,2.92857,0.06445,39.876,-0.142
2.604,2.82687,0.06506,48.941,-0.188,2.97199,0.06479,47.636,-0.100,2.72751,0.06635,59.312,-0.253,2.92854,0.06457,39.876,-0.142
2.610,2.82683,0.06518,48.941,-0.188,2.97195,0.06491,47.636,-0.100,2.72747,0.06647,59.312,-0.253,2.92851,0.06469,39.876,-0.141
2.616,2.82680,0.06530,48.941,-0.188,2.97191,0.06503,47.636,-0.100,2.72744,0.06658,59.312,-0.252,2.92847,0.06480,39.876,-0.141
2.622,2.82676,0.06541,48.941,-0.188,2.97187,0.06515,47.636,-0.100,2.72740,0.06670,59.312,-0.252,2.92844,0.06492,39.876,-0.141
2.628,2.82673,0.06553,48.941,-0.188,2.97184,0.06527,47.636,-0.100,2.72737,0.06682,59.312,-0.252,2.92841,0.06504,39.876,-0.141
2.634,2.82670,0.06565,48.941,-0.187,2.97180,0.06539,47.637,-0.099,2.72733,0.06694,59.312,-0.252,2.92837,0.06515,39.876,-0.141
2.640,2.82666,0.06576,48.941,-0.187,2.97176,0.06552,47.637,-0.099,2.72730,0.06706,59.311,-0.251,2.92834,0.06527,39.876,-0.141
2.646,2.82663,0.06588,48.941,-0.187,2.97172,0.06564,47.637,-0.099,2.72726,0.06718,59.311,-0.251,2.92831,0.06539,39.876,-0.140
2.652,2.82660,0.06600,48.941,-0.187,2.97169,0.06576,47.637,-0.099,2.72723,0.06729,59.311,-0.251,2.92828,0.06550,39.876,-0.140
2.658,2.82656,0.06611,48.941,-0.187,2.97165,0.06588,47.637,-0.099,2.72719,0.06741,59.311,-0.251,2.92824,0.06562,39.876,-0.140
2.664,2.82653,0.06623,48.941,-0.186,2.97161,0.06600,47.637,-0.099,2.72716,0.06753,59.311,-0.250,2.92821,0.06573,39.876,-0.140
2.670,2.82650,0.06635,48.941,-0.186,2.97157,0.06612,47.637,-0.098,2.72713,0.06765,59.311,-0.250,2.92818,0.06585,39.876,-0.140
2.676,2.82647,0.06646,48.941,-0.186,2.97154,0.06624,47.637,-0.098,2.72709,0.06777,59.311,-0.250,2.92815,0.06597,39.876,-0.140
2.682,2.82643,0.06658,48.941,-0.186,2.97150,0.06636,47.637,-0.098,2.72706,0.06789,59.311,-0.250,2.92812,0.06608,39.875,-0.140
2.688,2.82640,0.06670,48.941,-0.186,2.97146,0.06648,47.637,-0.098,2.72703,0.06800,59.311,-0.249,2.92808,0.06620,39.875,-0.139
2.694,2.82637,0.06681,48.941,-0.186,2.97143,0.06660,47.637,-0.098,2.72699,0.06812,59.311,-0.249,2.92805,0.06632,39.875,-0.139
2.700,2.82634,0.06693,48.940,-0.185,2.97139,0.06672,47.637,-0.098,2.72696,0.06824,59.311,-0.249,2.92802,0.06643,39.875,-0.139
2.706,2.82630,0.06705,48.940,-0.185,2.97135,0.06684,47.637,-0.097,2.72693,0.06836,59.311,-0.249,2.92799,0.06655,39.875,-0.139
2.712,2.82627,0.06716,48.940,-0.185,2.97132,0.06696,47.637,-0.097,2.72689,0.06848,59.311,-0.248,2.92796,0.06666,39.875,-0.139
2.718,2.82624,0.06728,48.940,-0.185,2.97128,0.06708,47.637,-0.097,2.72686,0.06859,59.311,-0.248,2.92793,0.06678,39.875,-0.139
2.724,2.82621,0.06740,48.940,-0.185,2.97125,0.06720,47.637,-0.097,2.72683,0.06871,59.310,-0.248,2.92790,0.06690,39.875,-0.139
2.730,2.82618,0.06751,48.940,-0.184,2.97121,0.06732,47.637,-0.097,2.72680,0.06883,59.310,-0.248,2.92786,0.06701,39.875,-0.138
2.736,2.82614,0.06763,48.940,-0.184,2.97117,0.06744,47.637,-0.097,2.72676,0.06895,59.310,-0.247,2.92783,0.06713,39.875,-0.138
2.742,2.82611,0.06774,48.940,-0.184,2.97114,0.06756,47.637,-0.097,2.72673,0.06906,59.310,-0.247,2.92780,0.06724,39.875,-0.138
2.748,2.82608,0.06786,48.940,-0.184,2.97110,0.06769,47.637,-0.096,2.72670,0.06918,59.310,-0.247,2.92777,0.06736,39.875,-0.138
2.754,2.82605,0.06798,48.940,-0.184,2.97107,0.06781,47.637,-0.096,2.72667,0.06930,59.310,-0.247,2.92774,0.06748,39.875,-0.138
2.760,2.82602,0.06809,48.940,-0.183,2.97103,0.06793,47.637,-0.096,2.72663,0.06942,59.310,-0.246,2.92771,0.06759,39.875,-0.138
2.766,2.82599,0.06821,48.940,-0.183,2.97100,0.06805,47.637,-0.096,2.72660,0.06954,59.310,-0.246,2.92768,0.06771,39.875,-0.138
2.772,2.82596,0.06832,48.940,-0.183,2.97096,0.06817,47.637,-0.096,2.72657,0.06965,59.310,-0.246,2.92765,0.06782,39.875,-0.137
2.778,2.82593,0.06844,48.940,-0.183,2.97093,0.06829,47.637,-0.096,2.72654,0.06977,59.310,-0.246,2.92762,0.06794,39.875,-0.137
2.784,2.82590,0.06856,48.940,-0.183,2.97089,0.06841,47.638,-0.096,2.72651,0.06989,59.310,-0.246,2.92759,0.06805,39.875,-0.137
2.790,2.82587,0.06867,48.940,-0.183,2.97086,0.06853,47.638,-0.095,2.72648,0.07001,59.310,-0.245,2.92756,0.06817,39.875,-0.137
2.796,2.82583,0.06879,48.940,-0.182,2.97082,0.06865,47.638,-0.095,2.72644,0.07012,59.310,-0.245,2.92753,0.06828,39.875,-0.137
2.802,2.82580,0.06890,48.940,-0.182,2.97079,0.06877,47.638,-0.095,2.72641,0.07024,59.310,-0.245,2.92750,0.06840,39.875,-0.137
2.808,2.82577,0.06902,48.940,-0.182,2.97076,0.06889,47.638,-0.095,2.72638,0.07036,59.310,-0.245,2.92747,0.06852,39.875,-0.137
2.814,2.82574,0.06914,48.940,-0.182,2.97072,0.06901,47.638,-0.095,2.72635,0.07047,59.309,-0.244,2.92744,0.06863,39.875,-0.136
2.820,2.82571,0.06925,48.940,-0.182,2.97069,0.06913,47.638,-0.095,2.72632,0.07059,59.309,-0.244,2.92741,0.06875,39.875,-0.136
2.826,2.82568,0.06937,48.940,-0.181,2.97065,0.06925,47.638,-0.094,2.72629,0.07071,59.309,-0.244,2.92739,0.06886,39.875,-0.136
2.832,2.82565,0.06948,48.940,-0.181,2.97062,0.06937,47.638,-0.094,2.72626,0.07083,59.309,-0.244,2.92736,0.06898,39.875,-0.136
2.838,2.82562,0.06960,48.940,-0.181,2.97059,0.06949,47.638,-0.094,2.72623,0.07094,59.309,-0.243,2.92733,0.06909,39.875,-0.136
2.844,2.82559,0.06971,48.940,-0.181,2.97055,0.06961,47.638,-0.094,2.72620,0.07106,59.309,-0.243,2.92730,0.06921,39.875,-0.136
2.850,2.82557,0.06983,48.940,-0.181,2.97052,0.06973,47.638,-0.094,2.72617,0.07118,59.309,-0.243,2.92727,0.06932,39.875,-0.136
2.856,2.82554,0.06994,48.939,-0.181,2.97049,0.06985,47.638,-0.094,2.72614,0.07129,59.309,-0.243,2.92724,0.06944,39.875,-0.135
2.862,2.82551,0.07006,48.939,-0.180,2.97045,0.06996,47.638,-0.094,2.72611,0.07141,59.309,-0.243,2.92721,0.06955,39.875,-0.135
2.868,2.82548,0.07018,48.939,-0.180,2.97042,0.07008,47.638,-0.093,2.72608,0.07153,59.309,-0.242,2.92718,0.06967,39.875,-0.135
2.874,2.82545,0.07029,48.939,-0.180,2.97039,0.07020,47.638,-0.093,2.72605,0.07165,59.309,-0.242,2.92716,0.06978,39.875,-0.135
2.880,2.82542,0.07041,48.939,-0.180,2.97035,0.07032,47.638,-0.093,2.72602,0.07176,59.309,-0.242,2.92713,0.06990,39.875,-0.135
2.886,2.82539,0.07052,48.939,-0.180,2.97032,0.07044,47.638,-0.093,2.72599,0.07188,59.309,-0.242,2.92710,0.07001,39.875,-0.135
2.892,2.82536,0.07064,48.939,-0.180,2.97029,0.07056,47.638,-0.093,2.72596,0.07200,59.309,-0.241,2.92707,0.07013,39.875,-0.135
2.898,2.82533,0.07075,48.939,-0.179,2.97025,0.07068,47.638,-0.093,2.72593,0.07211,59.309,-0.241,2.92704,0.07024,39.875,-0.134
2.904,2.82530,0.07087,48.939,-0.179,2.97022,0.07080,47.638,-0.093,2.72590,0.07223,59.309,-0.241,2.92702,0.07036,39.875,-0.134
2.910,2.82528,0.07098,48.939,-0.179,2.97019,0.07092,47.638,-0.093,2.72587,0.07235,59.308,-0.241,2.92699,0.07047,39.875,-0.134
2.916,2.82525,0.07110,48.939,-0.179,2.97016,0.07104,47.638,-0.092,2.72584,0.07246,59.308,-0.241,2.92696,0.07059,39.875,-0.134
2.922,2.82522,0.07121,48.939,-0.179,2.97013,0.07116,47.638,-0.092,2.72581,0.07258,59.308,-0.240,2.92693,0.07070,39.875,-0.134
2.928,2.82519,0.07133,48.939,-0.179,2.97009,0.07128,47.639,-0.092,2.72578,0.07270,59.308,-0.240,2.92691,0.07082,39.875,-0.134
2.934,2.82516,0.07144,48.939,-0.178,2.97006,0.07140,47.639,-0.092,2.72575,0.07281,59.308,-0.240,2.92688,0.07093,39.875,-0.134
2.940,2.82514,0.07156,48.939,-0.178,2.97003,0.07152,47.639,-0.092,2.72572,0.07293,59.308,-0.240,2.92685,0.07105,39.875,-0.134
2.946,2.82511,0.07167,48.939,-0.178,2.97000,0.07164,47.639,-0.092,2.72569,0.07305,59.308,-0.239,2.92683,0.07116,39.875,-0.133
2.952,2.82508,0.07179,48.939,-0.178,2.96997,0.07176,47.639,-0.092,2.72566,0.07316,59.308,-0.239,2.92680,0.07128,39.874,-0.133
2.958,2.82505,0.07190,48.939,-0.178,2.96993,0.07188,47.639,-0.091,2.72563,0.07328,59.308,-0.239,2.92677,0.07139,39.874,-0.133
2.964,2.82502,0.07202,48.939,-0.178,2.96990,0.07200,47.639,-0.091,2.72561,0.07339,59.308,-0.239,2.92674,0.07151,39.874,-0.133
2.970,2.82500,0.07213,48.939,-0.177,2.96987,0.07211,47.639,-0.091,2.72558,0.07351,59.308,-0.239,2.92672,0.07162,39.874,-0.133
2.976,2.82497,0.07225,48.939,-0.177,2.96984,0.07223,47.639,-0.091,2.72555,0.07363,59.308,-0.238,2.92669,0.07174,39.874,-0.133
2.982,2.82494,0.07236,48.939,-0.177,2.96981,0.07235,47.639,-0.091,2.72552,0.07374,59.308,-0.238,2.92667,0.07185,39.874,-0.133
2.988,2.82491,0.07248,48.939,-0.177,2.96978,0.07247,47.639,-0.091,2.72549,0.07386,59.308,-0.238,2.92664,0.07196,39.874,-0.133
2.994,2.82489,0.07259,48.939,-0.177,2.96975,0.07259,47.639,-0.091,2.72546,0.07398,59.308,-0.238,2.92661,0.07208,39.874,-0.132
3.000,2.82486,0.07271,48.939,-0.177,2.96972,0.07271,47.639,-0.090,2.72544,0.07409,59.308,-0.238,2.92659,0.07219,39.874,-0.132
3.006,2.82483,0.07282,48.939,-0.176,2.96969,0.07283,47.639,-0.090,2.72541,0.07421,59.308,-0.237,2.92656,0.07231,39.874,-0.132
3.012,2.82481,0.07294,48.939,-0.176,2.96966,0.07295,47.639,-0.090,2.72538,0.07432,59.308,-0.237,2.92653,0.07242,39.874,-0.132
3.018,2.82478,0.07305,48.939,-0.176,2.96962,0.07307,47.639,-0.090,2.72535,0.07444,59.307,-0.237,2.92651,0.07254,39.874,-0.132
3.024,2.82475,0.07316,48.939,-0.176,2.96959,0.07319,47.639,-0.090,2.72532,0.07456,59.307,-0.237,2.92648,0.07265,39.874,-0.132
3.030,2.82473,0.07328,48.939,-0.176,2.96956,0.07330,47.639,-0.090,2.72530,0.07467,59.307,-0.237,2.92646,0.07276,39.874,-0.132
3.036,2.82470,0.07339,48.938,-0.176,2.96953,0.07342,47.639,-0.090,2.72527,0.07479,59.307,-0.236,2.92643,0.07288,39.874,-0.132
3.042,2.82467,0.07351,48.938,-0.175,2.96950,0.07354,47.639,-0.090,2.72524,0.07490,59.307,-0.236,2.92641,0.07299,39.874,-0.131
3.048,2.82465,0.07362,48.938,-0.175,2.96947,0.07366,47.639,-0.089,2.72521,0.07502,59.307,-0.236,2.92638,0.07311,39.874,-0.131
3.054,2.82462,0.07374,48.938,-0.175,2.96944,0.07378,47.639,-0.089,2.72519,0.07514,59.307,-0.236,2.92636,0.07322,39.874,-0.131
3.060,2.82460,0.07385,48.938,-0.175,2.96941,0.07390,47.639,-0.089,2.72516,0.07525,59.307,-0.236,2.92633,0.07334,39.874,-0.131
3.066,2.82457,0.07397,48.938,-0.175,2.96938,0.07402,47.640,-0.089,2.72513,0.07537,59.307,-0.235,2.92631,0.07345,39.874,-0.131
3.072,2.82454,0.07408,48.938,-0.175,2.96935,0.07414,47.640,-0.089,2.72511,0.07548,59.307,-0.235,2.92628,0.07356,39.874,-0.131
3.078,2.82452,0.07419,48.938,-0.174,2.96932,0.07425,47.640,-0.089,2.72508,0.07560,59.307,-0.235,2.92626,0.07368,39.874,-0.131
3.084,2.82449,0.07431,48.938,-0.174,2.96929,0.07437,47.640,-0.089,2.72505,0.07571,59.307,-0.235,2.92623,0.07379,39.874,-0.131
3.090,2.82447,0.07442,48.938,-0.174,2.96927,0.07449,47.640,-0.089,2.72503,0.07583,59.307,-0.235,2.92621,0.07391,39.874,-0.130
3.096,2.82444,0.07454,48.938,-0.174,2.96924,0.07461,47.640,-0.088,2.72500,0.07595,59.307,-0.234,2.92618,0.07402,39.874,-0.130
3.102,2.82441,0.07465,48.938,-0.174,2.96921,0.07473,47.640,-0.088,2.72497,0.07606,59.307,-0.234,2.92616,0.07413,39.874,-0.130
3.108,2.82439,0.07476,48.938,-0.174,2.96918,0.07485,47.640,-0.088,2.72495,0.07618,59.307,-0.234,2.92613,0.07425,39.874,-0.130
3.114,2.82436,0.07488,48.938,-0.174,2.96915,0.07497,47.640,-0.088,2.72492,0.07629,59.307,-0.234,2.92611,0.07436,39.874,-0.130
3.120,2.82434,0.07499,48.938,-0.173,2.96912,0.07508,47.640,-0.088,2.72489,0.07641,59.307,-0.234,2.92608,0.07447,39.874,-0.130
3.126,2.82431,0.07511,48.938,-0.173,2.96909,0.07520,47.640,-0.088,2.72487,0.07652,59.307,-0.233,2.92606,0.07459,39.874,-0.130
3.132,2.82429,0.07522,48.938,-0.173,2.96906,0.07532,47.640,-0.088,2.72484,0.07664,59.307,-0.233,2.92604,0.07470,39.874,-0.130
3.138,2.82426,0.07533,48.938,-0.173,2.96903,0.07544,47.640,-0.088,2.72482,0.07675,59.306,-0.233,2.92601,0.07482,39.874,-0.129
3.144,2.82424,0.07545,48.938,-0.173,2.96901,0.07556,47.640,-0.087,2.72479,0.07687,59.306,-0.233,2.92599,0.07493,39.874,-0.129
3.150,2.82421,0.07556,48.938,-0.173,2.96898,0.07568,47.640,-0.087,2.72476,0.07699,59.306,-0.233,2.92596,0.07504,39.874,-0.129
3.156,2.82419,0.07568,48.938,-0.172,2.96895,0.07579,47.640,-0.087,2.72474,0.07710,59.306,-0.232,2.92594,0.07516,39.874,-0.129
3.162,2.82416,0.07579,48.938,-0.172,2.96892,0.07591,47.640,-0.087,2.72471,0.07722,59.306,-0.232,2.92592,0.07527,39.874,-0.129
3.168,2.82414,0.07590,48.938,-0.172,2.96889,0.07603,47.640,-0.087,2.72469,0.07733,59.306,-0.232,2.92589,0.07538,39.874,-0.129
3.174,2.82412,0.07602,48.938,-0.172,2.96886,0.07615,47.640,-0.087,2.72466,0.07745,59.306,-0.232,2.92587,0.07550,39.874,-0.129
3.180,2.82409,0.07613,48.938,-0.172,2.96884,0.07627,47.640,-0.087,2.72464,0.07756,59.306,-0.232,2.92585,0.07561,39.874,-0.129
3.186,2.82407,0.07624,48.938,-0.172,2.96881,0.07639,47.640,-0.087,2.72461,0.07768,59.306,-0.231,2.92582,0.07572,39.874,-0.128
3.192,2.82404,0.07636,48.938,-0.172,2.96878,0.07650,47.640,-0.086,2.72458,0.07779,59.306,-0.231,2.92580,0.07584,39.874,-0.128
3.198,2.82402,0.07647,48.938,-0.171,2.96875,0.07662,47.640,-0.086,2.72456,0.07791,59.306,-0.231,2.92578,0.07595,39.874,-0.128
3.204,2.82399,0.07659,48.938,-0.171,2.96872,0.07674,47.641,-0.086,2.72453,0.07802,59.306,-0.231,2.92575,0.07606,39.874,-0.128
3.210,2.82397,0.07670,48.938,-0.171,2.96870,0.07686,47.641,-0.086,2.72451,0.07814,59.306,-0.231,2.92573,0.07618,39.874,-0.128
3.216,2.82395,0.07681,48.938,-0.171,2.96867,0.07698,47.641,-0.086,2.72448,0.07825,59.306,-0.230,2.92571,0.07629,39.874,-0.128
3.222,2.82392,0.07693,48.938,-0.171,2.96864,0.07709,47.641,-0.086,2.72446,0.07837,59.306,-0.230,2.92568,0.07640,39.874,-0.128
3.228,2.82390,0.07704,48.938,-0.171,2.96861,0.07721,47.641,-0.086,2.72443,0.07848,59.306,-0.230,2.92566,0.07652,39.874,-0.128
3.234,2.82387,0.07715,48.938,-0.171,2.96859,0.07733,47.641,-0.086,2.72441,0.07860,59.306,-0.230,2.92564,0.07663,39.874,-0.128
3.240,2.82385,0.07727,48.938,-0.170,2.96856,0.07745,47.641,-0.085,2.72438,0.07871,59.306,-0.230,2.92562,0.07674,39.874,-0.127
3.246,2.82383,0.07738,48.938,-0.170,2.96853,0.07757,47.641,-0.085,2.72436,0.07883,59.306,-0.229,2.92559,0.07686,39.874,-0.127
3.252,2.82380,0.07749,48.938,-0.170,2.96851,0.07768,47.641,-0.085,2.72434,0.07894,59.306,-0.229,2.92557,0.07697,39.874,-0.127
3.258,2.82378,0.07761,48.938,-0.170,2.96848,0.07780,47.641,-0.085,2.72431,0.07906,59.306,-0.229,2.92555,0.07708,39.874,-0.127
3.264,2.82376,0.07772,48.937,-0.170,2.96845,0.07792,47.641,-0.085,2.72429,0.07917,59.306,-0.229,2.92553,0.07720,39.874,-0.127
3.270,2.82373,0.07783,48.937,-0.170,2.96843,0.07804,47.641,-0.085,2.72426,0.07928,59.306,-0.229,2.92550,0.07731,39.874,-0.127
3.276,2.82371,0.07795,48.937,-0.170,2.96840,0.07816,47.641,-0.085,2.72424,0.07940,59.305,-0.229,2.92548,0.07742,39.874,-0.127
3.282,2.82369,0.07806,48.937,-0.169,2.96837,0.07827,47.641,-0.085,2.72421,0.07951,59.305,-0.228,2.92546,0.07753,39.874,-0.127
3.288,2.82367,0.07817,48.937,-0.169,2.96835,0.07839,47.641,-0.085,2.72419,0.07963,59.305,-0.228,2.92544,0.07765,39.874,-0.127
3.294,2.82364,0.07829,48.937,-0.169,2.96832,0.07851,47.641,-0.084,2.72417,0.07974,59.305,-0.228,2.92542,0.07776,39.874,-0.126
3.300,2.82362,0.07840,48.937,-0.169,2.96829,0.07863,47.641,-0.084,2.72414,0.07986,59.305,-0.228,2.92539,0.07787,39.874,-0.126
3.306,2.82360,0.07851,48.937,-0.169,2.96827,0.07874,47.641,-0.084,2.72412,0.07997,59.305,-0.228,2.92537,0.07799,39.874,-0.126
3.312,2.82357,0.07862,48.937,-0.169,2.96824,0.07886,47.641,-0.084,2.72409,0.08009,59.305,-0.227,2.92535,0.07810,39.874,-0.126
3.318,2.82355,0.07874,48.937,-0.169,2.96821,0.07898,47.641,-0.084,2.72407,0.08020,59.305,-0.227,2.92533,0.07821,39.874,-0.126
3.324,2.82353,0.07885,48.937,-0.168,2.96819,0.07910,47.641,-0.084,2.72405,0.08032,59.305,-0.227,2.92531,0.07832,39.874,-0.126
3.330,2.82351,0.07896,48.937,-0.168,2.96816,0.07921,47.641,-0.084,2.72402,0.08043,59.305,-0.227,2.92529,0.07844,39.874,-0.126
3.336,2.82348,0.07908,48.937,-0.168,2.96814,0.07933,47.641,-0.084,2.72400,0.08054,59.305,-0.227,2.92526,0.07855,39.874,-0.126
3.342,2.82346,0.07919,48.937,-0.168,2.96811,0.07945,47.642,-0.083,2.72398,0.08066,59.305,-0.227,2.92524,0.07866,39.874,-0.126
3.348,2.82344,0.07930,48.937,-0.168,2.96808,0.07957,47.642,-0.083,2.72395,0.08077,59.305,-0.226,2.92522,0.07877,39.874,-0.125
3.354,2.82342,0.07941,48.937,-0.168,2.96806,0.07968,47.642,-0.083,2.72393,0.08089,59.305,-0.226,2.92520,0.07889,39.874,-0.125
3.360,2.82340,0.07953,48.937,-0.168,2.96803,0.07980,47.642,-0.083,2.72391,0.08100,59.305,-0.226,2.92518,0.07900,39.874,-0.125
3.366,2.82337,0.07964,48.937,-0.167,2.96801,0.07992,47.642,-0.083,2.72388,0.08112,59.305,-0.226,2.92516,0.07911,39.874,-0.125
3.372,2.82335,0.07975,48.937,-0.167,2.96798,0.08004,47.642,-0.083,2.72386,0.08123,59.305,-0.226,2.92514,0.07922,39.874,-0.125
3.378,2.82333,0.07987,48.937,-0.167,2.96796,0.08015,47.642,-0.083,2.72384,0.08134,59.305,-0.226,2.92512,0.07934,39.874,-0.125
3.384,2.82331,0.07998,48.937,-0.167,2.96793,0.08027,47.642,-0.083,2.72381,0.08146,59.305,-0.225,2.92510,0.07945,39.874,-0.125
3.390,2.82329,0.08009,48.937,-0.167,2.96791,0.08039,47.642,-0.083,2.72379,0.08157,59.305,-0.225,2.92508,0.07956,39.874,-0.125
3.396,2.82326,0.08020,48.937,-0.167,2.96788,0.08051,47.642,-0.082,2.72377,0.08169,59.305,-0.225,2.92506,0.07967,39.874,-0.125
3.402,2.82324,0.08032,48.937,-0.167,2.96786,0.08062,47.642,-0.082,2.72375,0.08180,59.305,-0.225,2.92503,0.07979,39.874,-0.124
3.408,2.82322,0.08043,48.937,-0.166,2.96783,0.08074,47.642,-0.082,2.72372,0.08191,59.305,-0.225,2.92501,0.07990,39.873,-0.124
3.414,2.82320,0.08054,48.937,-0.166,2.96781,0.08086,47.642,-0.082,2.72370,0.08203,59.305,-0.224,2.92499,0.08001,39.873,-0.124
3.420,2.82318,0.08065,48.937,-0.166,2.96778,0.08097,47.642,-0.082,2.72368,0.08214,59.305,-0.224,2.92497,0.08012,39.873,-0.124
3.426,2.82316,0.08077,48.937,-0.166,2.96776,0.08109,47.642,-0.082,2.72366,0.08226,59.305,-0.224,2.92495,0.08024,39.873,-0.124
3.432,2.82314,0.08088,48.937,-0.166,2.96773,0.08121,47.642,-0.082,2.72363,0.08237,59.304,-0.224,2.92493,0.08035,39.873,-0.124
3.438,2.82311,0.08099,48.937,-0.166,2.96771,0.08133,47.642,-0.082,2.72361,0.08248,59.304,-0.224,2.92491,0.08046,39.873,-0.124
3.444,2.82309,0.08110,48.937,-0.166,2.96768,0.08144,47.642,-0.082,2.72359,0.08260,59.304,-0.224,2.92489,0.08057,39.873,-0.124
3.450,2.82307,0.08122,48.937,-0.166,2.96766,0.08156,47.642,-0.081,2.72357,0.08271,59.304,-0.223,2.92487,0.08069,39.873,-0.124
3.456,2.82305,0.08133,48.937,-0.165,2.96764,0.08168,47.642,-0.081,2.72354,0.08282,59.304,-0.223,2.92485,0.08080,39.873,-0.124
3.462,2.82303,0.08144,48.937,-0.165,2.96761,0.08179,47.642,-0.081,2.72352,0.08294,59.304,-0.223,2.92483,0.08091,39.873,-0.123
3.468,2.82301,0.08155,48.937,-0.165,2.96759,0.08191,47.642,-0.081,2.72350,0.08305,59.304,-0.223,2.92481,0.08102,39.873,-0.123
3.474,2.82299,0.08166,48.937,-0.165,2.96756,0.08203,47.642,-0.081,2.72348,0.08317,59.304,-0.223,2.92479,0.08113,39.873,-0.123
3.480,2.82297,0.08178,48.937,-0.165,2.96754,0.08215,47.643,-0.081,2.72346,0.08328,59.304,-0.223,2.92477,0.08125,39.873,-0.123
3.486,2.82295,0.08189,48.937,-0.165,2.96751,0.08226,47.643,-0.081,2.72343,0.08339,59.304,-0.222,2.92475,0.08136,39.873,-0.123
3.492,2.82293,0.08200,48.937,-0.165,2.96749,0.08238,47.643,-0.081,2.72341,0.08351,59.304,-0.222,2.92474,0.08147,39.873,-0.123
3.498,2.82291,0.08211,48.937,-0.164,2.96747,0.08250,47.643,-0.081,2.72339,0.08362,59.304,-0.222,2.92472,0.08158,39.873,-0.123
3.504,2.82289,0.08223,48.937,-0.164,2.96744,0.08261,47.643,-0.081,2.72337,0.08373,59.304,-0.222,2.92470,0.08169,39.873,-0.123
3.510,2.82287,0.08234,48.937,-0.164,2.96742,0.08273,47.643,-0.080,2.72335,0.08385,59.304,-0.222,2.92468,0.08181,39.873,-0.123
3.516,2.82284,0.08245,48.937,-0.164,2.96740,0.08285,47.643,-0.080,2.72333,0.08396,59.304,-0.222,2.92466,0.08192,39.873,-0.123
3.522,2.82282,0.08256,48.937,-0.164,2.96737,0.08296,47.643,-0.080,2.72331,0.08407,59.304,-0.221,2.92464,0.08203,39.873,-0.122
3.528,2.82280,0.08267,48.937,-0.164,2.96735,0.08308,47.643,-0.080,2.72328,0.08419,59.304,-0.221,2.92462,0.08214,39.873,-0.122
3.534,2.82278,0.08279,48.937,-0.164,2.96733,0.08320,47.643,-0.080,2.72326,0.08430,59.304,-0.221,2.92460,0.08225,39.873,-0.122
3.540,2.82276,0.08290,48.937,-0.164,2.96730,0.08331,47.643,-0.080,2.72324,0.08441,59.304,-0.221,2.92458,0.08236,39.873,-0.122
3.546,2.82274,0.08301,48.937,-0.163,2.96728,0.08343,47.643,-0.080,2.72322,0.08453,59.304,-0.221,2.92456,0.08248,39.873,-0.122
3.552,2.82272,0.08312,48.937,-0.163,2.96726,0.08355,47.643,-0.080,2.72320,0.08464,59.304,-0.221,2.92454,0.08259,39.873,-0.122
3.558,2.82270,0.08323,48.937,-0.163,2.96723,0.08366,47.643,-0.080,2.72318,0.08475,59.304,-0.220,2.92453,0.08270,39.873,-0.122
3.564,2.82268,0.08335,48.937,-0.163,2.96721,0.08378,47.643,-0.079,2.72316,0.08487,59.304,-0.220,2.92451,0.08281,39.873,-0.122
3.570,2.82266,0.08346,48.937,-0.163,2.96719,0.08390,47.643,-0.079,2.72314,0.08498,59.304,-0.220,2.92449,0.08292,39.873,-0.122
3.576,2.82265,0.08357,48.937,-0.163,2.96716,0.08401,47.643,-0.079,2.72312,0.08509,59.304,-0.220,2.92447,0.08303,39.873,-0.122
3.582,2.82263,0.08368,48.937,-0.163,2.96714,0.08413,47.643,-0.079,2.72309,0.08521,59.304,-0.220,2.92445,0.08315,39.873,-0.121
3.588,2.82261,0.08379,48.936,-0.163,2.96712,0.08425,47.643,-0.079,2.72307,0.08532,59.304,-0.220,2.92443,0.08326,39.873,-0.121
3.594,2.82259,0.08390,48.936,-0.162,2.96709,0.08436,47.643,-0.079,2.72305,0.08543,59.304,-0.219,2.92441,0.08337,39.873,-0.121
3.600,2.82257,0.08402,48.936,-0.162,2.96707,0.08448,47.643,-0.079,2.72303,0.08555,59.304,-0.219,2.92440,0.08348,39.873,-0.121
3.606,2.82255,0.08413,48.936,-0.162,2.96705,0.08460,47.643,-0.079,2.72301,0.08566,59.304,-0.219,2.92438,0.08359,39.873,-0.121
3.612,2.82253,0.08424,48.936,-0.162,2.96703,0.08471,47.644,-0.079,2.72299,0.08577,59.304,-0.219,2.92436,0.08370,39.873,-0.121
3.618,2.82251,0.08435,48.936,-0.162,2.96700,0.08483,47.644,-0.079,2.72297,0.08588,59.303,-0.219,2.92434,0.08381,39.873,-0.121
3.624,2.82249,0.08446,48.936,-0.162,2.96698,0.08494,47.644,-0.078,2.72295,0.08600,59.303,-0.219,2.92432,0.08393,39.873,-0.121
3.630,2.82247,0.08457,48.936,-0.162,2.96696,0.08506,47.644,-0.078,2.72293,0.08611,59.303,-0.219,2.92431,0.08404,39.873,-0.121
3.636,2.82245,0.08468,48.936,-0.162,2.96694,0.08518,47.644,-0.078,2.72291,0.08622,59.303,-0.218,2.92429,0.08415,39.873,-0.121
3.642,2.82243,0.08480,48.936,-0.161,2.96692,0.08529,47.644,-0.078,2.72289,0.08634,59.303,-0.218,2.92427,0.08426,39.873,-0.120
3.648,2.82241,0.08491,48.936,-0.161,2.96689,0.08541,47.644,-0.078,2.72287,0.08645,59.303,-0.218,2.92425,0.08437,39.873,-0.120
3.654,2.82240,0.08502,48.936,-0.161,2.96687,0.08553,47.644,-0.078,2.72285,0.08656,59.303,-0.218,2.92423,0.08448,39.873,-0.120
3.660,2.82238,0.08513,48.936,-0.161,2.96685,0.08564,47.644,-0.078,2.72283,0.08667,59.303,-0.218,2.92422,0.08459,39.873,-0.120
3.666,2.82236,0.08524,48.936,-0.161,2.96683,0.08576,47.644,-0.078,2.72281,0.08679,59.303,-0.218,2.92420,0.08470,39.873,-0.120
3.672,2.82234,0.08535,48.936,-0.161,2.96681,0.08587,47.644,-0.078,2.72279,0.08690,59.303,-0.217,2.92418,0.08482,39.873,-0.120
3.678,2.82232,0.08546,48.936,-0.161,2.96678,0.08599,47.644,-0.078,2.72277,0.08701,59.303,-0.217,2.92416,0.08493,39.873,-0.120
3.684,2.82230,0.08558,48.936,-0.161,2.96676,0.08611,47.644,-0.077,2.72275,0.08712,59.303,-0.217,2.92415,0.08504,39.873,-0.120
3.690,2.82228,0.08569,48.936,-0.160,2.96674,0.08622,47.644,-0.077,2.72273,0.08724,59.303,-0.217,2.92413,0.08515,39.873,-0.120
3.696,2.82226,0.08580,48.936,-0.160,2.96672,0.08634,47.644,-0.077,2.72271,0.08735,59.303,-0.217,2.92411,0.08526,39.873,-0.120
3.702,2.82225,0.08591,48.936,-0.160,2.96670,0.08645,47.644,-0.077,2.72269,0.08746,59.303,-0.217,2.92409,0.08537,39.873,-0.120
3.708,2.82223,0.08602,48.936,-0.160,2.96668,0.08657,47.644,-0.077,2.72267,0.08758,59.303,-0.216,2.92408,0.08548,39.873,-0.119
3.714,2.82221,0.08613,48.936,-0.160,2.96665,0.08669,47.644,-0.077,2.72265,0.08769,59.303,-0.216,2.92406,0.08559,39.873,-0.119
3.720,2.82219,0.08624,48.936,-0.160,2.96663,0.08680,47.644,-0.077,2.72263,0.08780,59.303,-0.216,2.92404,0.08570,39.873,-0.119
3.726,2.82217,0.08635,48.936,-0.160,2.96661,0.08692,47.644,-0.077,2.72261,0.08791,59.303,-0.216,2.92403,0.08581,39.873,-0.119
3.732,2.82216,0.08647,48.936,-0.160,2.96659,0.08703,47.644,-0.077,2.72259,0.08802,59.303,-0.216,2.92401,0.08593,39.873,-0.119
3.738,2.82214,0.08658,48.936,-0.159,2.96657,0.08715,47.644,-0.077,2.72257,0.08814,59.303,-0.216,2.92399,0.08604,39.873,-0.119
3.744,2.82212,0.08669,48.936,-0.159,2.96655,0.08727,47.644,-0.076,2.72256,0.08825,59.303,-0.216,2.92398,0.08615,39.873,-0.119
3.750,2.82210,0.08680,48.936,-0.159,2.96653,0.08738,47.645,-0.076,2.72254,0.08836,59.303,-0.215,2.92396,0.08626,39.873,-0.119
3.756,2.82208,0.08691,48.936,-0.159,2.96651,0.08750,47.645,-0.076,2.72252,0.08847,59.303,-0.215,2.92394,0.08637,39.873,-0.119
3.762,2.82207,0.08702,48.936,-0.159,2.96649,0.08761,47.645,-0.076,2.72250,0.08859,59.303,-0.215,2.92393,0.08648,39.873,-0.119
3.768,2.82205,0.08713,48.936,-0.159,2.96646,0.08773,47.645,-0.076,2.72248,0.08870,59.303,-0.215,2.92391,0.08659,39.873,-0.118
3.774,2.82203,0.08724,48.936,-0.159,2.96644,0.08785,47.645,-0.076,2.72246,0.08881,59.303,-0.215,2.92389,0.08670,39.873,-0.118
3.780,2.82201,0.08735,48.936,-0.159,2.96642,0.08796,47.645,-0.076,2.72244,0.08892,59.303,-0.215,2.92388,0.08681,39.873,-0.118
3.786,2.82199,0.08746,48.936,-0.159,2.96640,0.08808,47.645,-0.076,2.72242,0.08904,59.303,-0.214,2.92386,0.08692,39.873,-0.118
3.792,2.82198,0.08757,48.936,-0.158,2.96638,0.08819,47.645,-0.076,2.72240,0.08915,59.303,-0.214,2.92384,0.08703,39.873,-0.118
3.798,2.82196,0.08769,48.936,-0.158,2.96636,0.08831,47.645,-0.076,2.72238,0.08926,59.303,-0.214,2.92383,0.08714,39.873,-0.118
3.804,2.82194,0.08780,48.936,-0.158,2.96634,0.08842,47.645,-0.076,2.72237,0.08937,59.303,-0.214,2.92381,0.08725,39.873,-0.118
3.810,2.82192,0.08791,48.936,-0.158,2.96632,0.08854,47.645,-0.075,2.72235,0.08948,59.303,-0.214,2.92380,0.08737,39.873,-0.118
3.816,2.82191,0.08802,48.936,-0.158,2.96630,0.08866,47.645,-0.075,2.72233,0.08960,59.303,-0.214,2.92378,0.08748,39.873,-0.118
3.822,2.82189,0.08813,48.936,-0.158,2.96628,0.08877,47.645,-0.075,2.72231,0.08971,59.303,-0.214,2.92376,0.08759,39.873,-0.118
3.828,2.82187,0.08824,48.936,-0.158,2.96626,0.08889,47.645,-0.075,2.72229,0.08982,59.303,-0.213,2.92375,0.08770,39.873,-0.118
3.834,2.82186,0.08835,48.936,-0.158,2.96624,0.08900,47.645,-0.075,2.72227,0.08993,59.302,-0.213,2.92373,0.08781,39.873,-0.117
3.840,2.82184,0.08846,48.936,-0.158,2.96622,0.08912,47.645,-0.075,2.72226,0.09004,59.302,-0.213,2.92372,0.08792,39.873,-0.117
3.846,2.82182,0.08857,48.936,-0.157,2.96620,0.08923,47.645,-0.075,2.72224,0.09016,59.302,-0.213,2.92370,0.08803,39.873,-0.117
3.852,2.82180,0.08868,48.936,-0.157,2.96618,0.08935,47.645,-0.075,2.72222,0.09027,59.302,-0.213,2.92368,0.08814,39.873,-0.117
3.858,2.82179,0.08879,48.936,-0.157,2.96616,0.08946,47.645,-0.075,2.72220,0.09038,59.302,-0.213,2.92367,0.08825,39.873,-0.117
3.864,2.82177,0.08890,48.936,-0.157,2.96614,0.08958,47.645,-0.075,2.72218,0.09049,59.302,-0.213,2.92365,0.08836,39.873,-0.117
3.870,2.82175,0.08901,48.936,-0.157,2.96612,0.08970,47.645,-0.074,2.72216,0.09060,59.302,-0.212,2.92364,0.08847,39.873,-0.117
3.876,2.82174,0.08912,48.936,-0.157,2.96610,0.08981,47.645,-0.074,2.72215,0.09072,59.302,-0.212,2.92362,0.08858,39.873,-0.117
3.882,2.82172,0.08923,48.936,-0.157,2.96608,0.08993,47.645,-0.074,2.72213,0.09083,59.302,-0.212,2.92361,0.08869,39.873,-0.117
3.888,2.82170,0.08934,48.936,-0.157,2.96606,0.09004,47.646,-0.074,2.72211,0.09094,59.302,-0.212,2.92359,0.08880,39.873,-0.117
3.894,2.82169,0.08945,48.936,-0.157,2.96604,0.09016,47.646,-0.074,2.72209,0.09105,59.302,-0.212,2.92357,0.08891,39.873,-0.117
3.900,2.82167,0.08956,48.936,-0.156,2.96602,0.09027,47.646,-0.074,2.72207,0.09116,59.302,-0.212,2.92356,0.08902,39.873,-0.117
3.906,2.82165,0.08968,48.936,-0.156,2.96600,0.09039,47.646,-0.074,2.72206,0.09127,59.302,-0.212,2.92354,0.08913,39.873,-0.116
3.912,2.82164,0.08979,48.936,-0.156,2.96598,0.09050,47.646,-0.074,2.72204,0.09139,59.302,-0.211,2.92353,0.08924,39.873,-0.116
3.918,2.82162,0.08990,48.936,-0.156,2.96596,0.09062,47.646,-0.074,2.72202,0.09150,59.302,-0.211,2.92351,0.08935,39.873,-0.116
3.924,2.82160,0.09001,48.936,-0.156,2.96594,0.09073,47.646,-0.074,2.72200,0.09161,59.302,-0.211,2.92350,0.08946,39.873,-0.116
3.930,2.82159,0.09012,48.936,-0.156,2.96592,0.09085,47.646,-0.074,2.72199,0.09172,59.302,-0.211,2.92348,0.08957,39.873,-0.116
3.936,2.82157,0.09023,48.936,-0.156,2.96590,0.09096,47.646,-0.073,2.72197,0.09183,59.302,-0.211,2.92347,0.08968,39.873,-0.116
3.942,2.82156,0.09034,48.936,-0.156,2.96588,0.09108,47.646,-0.073,2.72195,0.09194,59.302,-0.211,2.92345,0.08979,39.873,-0.116
3.948,2.82154,0.09045,48.936,-0.156,2.96587,0.09119,47.646,-0.073,2.72193,0.09205,59.302,-0.211,2.92344,0.08990,39.873,-0.116
3.954,2.82152,0.09056,48.936,-0.155,2.96585,0.09131,47.646,-0.073,2.72192,0.09217,59.302,-0.210,2.92342,0.09001,39.873,-0.116
3.960,2.82151,0.09067,48.936,-0.155,2.96583,0.09142,47.646,-0.073,2.72190,0.09228,59.302,-0.210,2.92341,0.09012,39.873,-0.116
3.966,2.82149,0.09078,48.936,-0.155,2.96581,0.09154,47.646,-0.073,2.72188,0.09239,59.302,-0.210,2.92339,0.09023,39.873,-0.116
3.972,2.82148,0.09089,48.936,-0.155,2.96579,0.09166,47.646,-0.073,2.72186,0.09250,59.302,-0.210,2.92338,0.09034,39.873,-0.115
3.978,2.82146,0.09100,48.936,-0.155,2.96577,0.09177,47.646,-0.073,2.72185,0.09261,59.302,-0.210,2.92336,0.09045,39.873,-0.115
3.984,2.82144,0.09111,48.936,-0.155,2.96575,0.09189,47.646,-0.073,2.72183,0.09272,59.302,-0.210,2.92335,0.09056,39.873,-0.115
3.990,2.82143,0.09122,48.936,-0.155,2.96573,0.09200,47.646,-0.073,2.72181,0.09283,59.302,-0.210,2.92334,0.09067,39.873,-0.115
3.996,2.82141,0.09133,48.936,-0.155,2.96571,0.09212,47.646,-0.073,2.72180,0.09295,59.302,-0.209,2.92332,0.09078,39.873,-0.115
4.002,2.82140,0.09144,48.936,-0.155,2.96570,0.09223,47.646,-0.073,2.72178,0.09306,59.302,-0.209,2.92331,0.09089,39.873,-0.115
4.008,2.82138,0.09155,48.936,-0.154,2.96568,0.09235,47.646,-0.072,2.72176,0.09317,59.302,-0.209,2.92329,0.09100,39.873,-0.115
4.014,2.82137,0.09166,48.936,-0.154,2.96566,0.09246,47.646,-0.072,2.72174,0.09328,59.302,-0.209,2.92328,0.09111,39.873,-0.115
4.020,2.82135,0.09177,48.936,-0.154,2.96564,0.09258,47.647,-0.072,2.72173,0.09339,59.302,-0.209,2.92326,0.09122,39.873,-0.115
4.026,2.82133,0.09188,48.936,-0.154,2.96562,0.09269,47.647,-0.072,2.72171,0.09350,59.302,-0.209,2.92325,0.09133,39.873,-0.115
4.032,2.82132,0.09199,48.936,-0.154,2.96560,0.09280,47.647,-0.072,2.72169,0.09361,59.302,-0.209,2.92324,0.09144,39.873,-0.115
4.038,2.82130,0.09210,48.936,-0.154,2.96559,0.09292,47.647,-0.072,2.72168,0.09372,59.302,-0.208,2.92322,0.09155,39.873,-0.115
4.044,2.82129,0.09221,48.936,-0.154,2.96557,0.09303,47.647,-0.072,2.72166,0.09383,59.302,-0.208,2.92321,0.09166,39.873,-0.114
4.050,2.82127,0.09232,48.936,-0.154,2.96555,0.09315,47.647,-0.072,2.72164,0.09395,59.302,-0.208,2.92319,0.09177,39.873,-0.114
4.056,2.82126,0.09243,48.936,-0.154,2.96553,0.09326,47.647,-0.072,2.72163,0.09406,59.302,-0.208,2.92318,0.09188,39.873,-0.114
4.062,2.82124,0.09254,48.936,-0.153,2.96551,0.09338,47.647,-0.072,2.72161,0.09417,59.302,-0.208,2.92317,0.09199,39.873,-0.114
4.068,2.82123,0.09264,48.936,-0.153,2.96549,0.09349,47.647,-0.072,2.72159,0.09428,59.302,-0.208,2.92315,0.09210,39.873,-0.114
4.074,2.82121,0.09275,48.936,-0.153,2.96548,0.09361,47.647,-0.071,2.72158,0.09439,59.302,-0.208,2.92314,0.09221,39.873,-0.114
4.080,2.82120,0.09286,48.936,-0.153,2.96546,0.09372,47.647,-0.071,2.72156,0.09450,59.302,-0.208,2.92312,0.09232,39.873,-0.114
4.086,2.82118,0.09297,48.936,-0.153,2.96544,0.09384,47.647,-0.071,2.72155,0.09461,59.302,-0.207,2.92311,0.09243,39.873,-0.114
4.092,2.82117,0.09308,48.936,-0.153,2.96542,0.09395,47.647,-0.071,2.72153,0.09472,59.302,-0.207,2.92310,0.09253,39.873,-0.114
4.098,2.82115,0.09319,48.936,-0.153,2.96540,0.09407,47.647,-0.071,2.72151,0.09483,59.302,-0.207,2.92308,0.09264,39.873,-0.114
4.104,2.82114,0.09330,48.936,-0.153,2.96539,0.09418,47.647,-0.071,2.72150,0.09494,59.302,-0.207,2.92307,0.09275,39.873,-0.114
4.110,2.82112,0.09341,48.936,-0.153,2.96537,0.09430,47.647,-0.071,2.72148,0.09505,59.301,-0.207,2.92306,0.09286,39.873,-0.114
4.116,2.82111,0.09352,48.936,-0.153,2.96535,0.09441,47.647,-0.071,2.72146,0.09517,59.301,-0.207,2.92304,0.09297,39.873,-0.113
4.122,2.82109,0.09363,48.936,-0.152,2.96533,0.09453,47.647,-0.071,2.72145,0.09528,59.301,-0.207,2.92303,0.09308,39.873,-0.113
4.128,2.82108,0.09374,48.936,-0.152,2.96532,0.09464,47.647,-0.071,2.72143,0.09539,59.301,-0.206,2.92302,0.09319,39.873,-0.113
4.134,2.82106,0.09385,48.936,-0.152,2.96530,0.09475,47.647,-0.071,2.72142,0.09550,59.301,-0.206,2.92300,0.09330,39.873,-0.113
4.140,2.82105,0.09396,48.936,-0.152,2.96528,0.09487,47.647,-0.071,2.72140,0.09561,59.301,-0.206,2.92299,0.09341,39.873,-0.113
4.146,2.82103,0.09407,48.936,-0.152,2.96526,0.09498,47.647,-0.070,2.72138,0.09572,59.301,-0.206,2.92298,0.09352,39.873,-0.113
4.152,2.82102,0.09418,48.935,-0.152,2.96525,0.09510,47.647,-0.070,2.72137,0.09583,59.301,-0.206,2.92296,0.09363,39.873,-0.113
4.158,2.82100,0.09429,48.935,-0.152,2.96523,0.09521,47.648,-0.070,2.72135,0.09594,59.301,-0.206,2.92295,0.09374,39.873,-0.113
4.164,2.82099,0.09440,48.935,-0.152,2.96521,0.09533,47.648,-0.070,2.72134,0.09605,59.301,-0.206,2.92294,0.09385,39.873,-0.113
4.170,2.82098,0.09451,48.935,-0.152,2.96520,0.09544,47.648,-0.070,2.72132,0.09616,59.301,-0.206,2.92292,0.09396,39.873,-0.113
4.176,2.82096,0.09461,48.935,-0.151,2.96518,0.09556,47.648,-0.070,2.72131,0.09627,59.301,-0.205,2.92291,0.09406,39.873,-0.113
4.182,2.82095,0.09472,48.935,-0.151,2.96516,0.09567,47.648,-0.070,2.72129,0.09638,59.301,-0.205,2.92290,0.09417,39.873,-0.113
4.188,2.82093,0.09483,48.935,-0.151,2.96514,0.09578,47.648,-0.070,2.72127,0.09649,59.301,-0.205,2.92288,0.09428,39.873,-0.113
4.194,2.82092,0.09494,48.935,-0.151,2.96513,0.09590,47.648,-0.070,2.72126,0.09660,59.301,-0.205,2.92287,0.09439,39.873,-0.112
4.200,2.82090,0.09505,48.935,-0.151,2.96511,0.09601,47.648,-0.070,2.72124,0.09671,59.301,-0.205,2.92286,0.09450,39.873,-0.112
4.206,2.82089,0.09516,48.935,-0.151,2.96509,0.09613,47.648,-0.070,2.72123,0.09682,59.301,-0.205,2.92285,0.09461,39.873,-0.112
4.212,2.82088,0.09527,48.935,-0.151,2.96508,0.09624,47.648,-0.070,2.72121,0.09693,59.301,-0.205,2.92283,0.09472,39.873,-0.112
4.218,2.82086,0.09538,48.935,-0.151,2.96506,0.09636,47.648,-0.069,2.72120,0.09704,59.301,-0.205,2.92282,0.09483,39.873,-0.112
4.224,2.82085,0.09549,48.935,-0.151,2.96504,0.09647,47.648,-0.069,2.72118,0.09716,59.301,-0.204,2.92281,0.09494,39.873,-0.112
4.230,2.82083,0.09560,48.935,-0.151,2.96503,0.09658,47.648,-0.069,2.72117,0.09727,59.301,-0.204,2.92279,0.09505,39.873,-0.112
4.236,2.82082,0.09571,48.935,-0.150,2.96501,0.09670,47.648,-0.069,2.72115,0.09738,59.301,-0.204,2.92278,0.09515,39.873,-0.112
4.242,2.82081,0.09582,48.935,-0.150,2.96499,0.09681,47.648,-0.069,2.72114,0.09749,59.301,-0.204,2.92277,0.09526,39.873,-0.112
4.248,2.82079,0.09592,48.935,-0.150,2.96498,0.09693,47.648,-0.069,2.72112,0.09760,59.301,-0.204,2.92276,0.09537,39.873,-0.112
4.254,2.82078,0.09603,48.935,-0.150,2.96496,0.09704,47.648,-0.069,2.72111,0.09771,59.301,-0.204,2.92274,0.09548,39.873,-0.112
4.260,2.82076,0.09614,48.935,-0.150,2.96494,0.09716,47.648,-0.069,2.72109,0.09782,59.301,-0.204,2.92273,0.09559,39.873,-0.112
4.266,2.82075,0.09625,48.935,-0.150,2.96493,0.09727,47.648,-0.069,2.72108,0.09793,59.301,-0.204,2.92272,0.09570,39.873,-0.112
4.272,2.82074,0.09636,48.935,-0.150,2.96491,0.09738,47.648,-0.069,2.72106,0.09804,59.301,-0.203,2.92271,0.09581,39.873,-0.111
4.278,2.82072,0.09647,48.935,-0.150,2.96489,0.09750,47.648,-0.069,2.72105,0.09815,59.301,-0.203,2.92270,0.09592,39.873,-0.111
4.284,2.82071,0.09658,48.935,-0.150,2.96488,0.09761,47.648,-0.069,2.72103,0.09826,59.301,-0.203,2.92268,0.09602,39.873,-0.111
4.290,2.82070,0.09669,48.935,-0.150,2.96486,0.09773,47.648,-0.069,2.72102,0.09837,59.301,-0.203,2.92267,0.09613,39.873,-0.111
4.296,2.82068,0.09680,48.935,-0.150,2.96485,0.09784,47.649,-0.068,2.72100,0.09848,59.301,-0.203,2.92266,0.09624,39.873,-0.111
4.302,2.82067,0.09690,48.935,-0.149,2.96483,0.09795,47.649,-0.068,2.72099,0.09859,59.301,-0.203,2.92265,0.09635,39.873,-0.111
4.308,2.82066,0.09701,48.935,-0.149,2.96481,0.09807,47.649,-0.068,2.72097,0.09870,59.301,-0.203,2.92263,0.09646,39.873,-0.111
4.314,2.82064,0.09712,48.935,-0.149,2.96480,0.09818,47.649,-0.068,2.72096,0.09881,59.301,-0.203,2.92262,0.09657,39.873,-0.111
4.320,2.82063,0.09723,48.935,-0.149,2.96478,0.09830,47.649,-0.068,2.72094,0.09892,59.301,-0.202,2.92261,0.09668,39.873,-0.111
4.326,2.82062,0.09734,48.935,-0.149,2.96476,0.09841,47.649,-0.068,2.72093,0.09903,59.301,-0.202,2.92260,0.09679,39.873,-0.111
4.332,2.82060,0.09745,48.935,-0.149,2.96475,0.09852,47.649,-0.068,2.72091,0.09914,59.301,-0.202,2.92259,0.09689,39.873,-0.111
4.338,2.82059,0.09756,48.935,-0.149,2.96473,0.09864,47.649,-0.068,2.72090,0.09925,59.301,-0.202,2.92258,0.09700,39.873,-0.111
4.344,2.82058,0.09766,48.935,-0.149,2.96472,0.09875,47.649,-0.068,2.72088,0.09936,59.301,-0.202,2.92256,0.09711,39.873,-0.111
4.350,2.82056,0.09777,48.935,-0.149,2.96470,0.09886,47.649,-0.068,2.72087,0.09947,59.301,-0.202,2.92255,0.09722,39.873,-0.110
4.356,2.82055,0.09788,48.935,-0.149,2.96469,0.09898,47.649,-0.068,2.72086,0.09958,59.301,-0.202,2.92254,0.09733,39.873,-0.110
4.362,2.82054,0.09799,48.935,-0.148,2.96467,0.09909,47.649,-0.068,2.72084,0.09969,59.301,-0.202,2.92253,0.09744,39.873,-0.110
4.368,2.82052,0.09810,48.935,-0.148,2.96465,0.09921,47.649,-0.067,2.72083,0.09980,59.301,-0.201,2.92252,0.09754,39.873,-0.110
4.374,2.82051,0.09821,48.935,-0.148,2.96464,0.09932,47.649,-0.067,2.72081,0.09991,59.301,-0.201,2.92251,0.09765,39.873,-0.110
4.380,2.82050,0.09832,48.935,-0.148,2.96462,0.09943,47.649,-0.067,2.72080,0.10002,59.301,-0.201,2.92249,0.09776,39.873,-0.110
4.386,2.82049,0.09842,48.935,-0.148,2.96461,0.09955,47.649,-0.067,2.72078,0.10013,59.301,-0.201,2.92248,0.09787,39.873,-0.110
4.392,2.82047,0.09853,48.935,-0.148,2.96459,0.09966,47.649,-0.067,2.72077,0.10023,59.301,-0.201,2.92247,0.09798,39.873,-0.110
4.398,2.82046,0.09864,48.935,-0.148,2.96458,0.09977,47.649,-0.067,2.72076,0.10034,59.301,-0.201,2.92246,0.09809,39.873,-0.110
4.404,2.82045,0.09875,48.935,-0.148,2.96456,0.09989,47.649,-0.067,2.72074,0.10045,59.301,-0.201,2.92245,0.09819,39.873,-0.110
4.410,2.82043,0.09886,48.935,-0.148,2.96455,0.10000,47.649,-0.067,2.72073,0.10056,59.301,-0.201,2.92244,0.09830,39.873,-0.110
4.416,2.82042,0.09897,48.935,-0.148,2.96453,0.10012,47.649,-0.067,2.72071,0.10067,59.301,-0.200,2.92243,0.09841,39.873,-0.110
4.422,2.82041,0.09907,48.935,-0.147,2.96452,0.10023,47.649,-0.067,2.72070,0.10078,59.301,-0.200,2.92241,0.09852,39.873,-0.110
4.428,2.82040,0.09918,48.935,-0.147,2.96450,0.10034,47.649,-0.067,2.72069,0.10089,59.301,-0.200,2.92240,0.09863,39.873,-0.110
4.434,2.82038,0.09929,48.935,-0.147,2.96448,0.10046,47.649,-0.067,2.72067,0.10100,59.301,-0.200,2.92239,0.09874,39.873,-0.109
4.440,2.82037,0.09940,48.935,-0.147,2.96447,0.10057,47.650,-0.067,2.72066,0.10111,59.301,-0.200,2.92238,0.09884,39.873,-0.109
4.446,2.82036,0.09951,48.935,-0.147,2.96445,0.10068,47.650,-0.066,2.72064,0.10122,59.301,-0.200,2.92237,0.09895,39.873,-0.109
4.452,2.82035,0.09962,48.935,-0.147,2.96444,0.10080,47.650,-0.066,2.72063,0.10133,59.301,-0.200,2.92236,0.09906,39.873,-0.109
4.458,2.82033,0.09972,48.935,-0.147,2.96442,0.10091,47.650,-0.066,2.72062,0.10144,59.301,-0.200,2.92235,0.09917,39.873,-0.109
4.464,2.82032,0.09983,48.935,-0.147,2.96441,0.10102,47.650,-0.066,2.72060,0.10155,59.301,-0.199,2.92234,0.09928,39.873,-0.109
4.470,2.82031,0.09994,48.935,-0.147,2.96439,0.10114,47.650,-0.066,2.72059,0.10166,59.301,-0.199,2.92233,0.09938,39.873,-0.109
4.476,2.82030,0.10005,48.935,-0.147,2.96438,0.10125,47.650,-0.066,2.72057,0.10177,59.301,-0.199,2.92231,0.09949,39.873,-0.109
4.482,2.82029,0.10016,48.935,-0.147,2.96436,0.10136,47.650,-0.066,2.72056,0.10188,59.300,-0.199,2.92230,0.09960,39.873,-0.109
4.488,2.82027,0.10026,48.935,-0.146,2.96435,0.10148,47.650,-0.066,2.72055,0.10199,59.300,-0.199,2.92229,0.09971,39.873,-0.109
4.494,2.82026,0.10037,48.935,-0.146,2.96434,0.10159,47.650,-0.066,2.72053,0.10210,59.300,-0.199,2.92228,0.09982,39.873,-0.109
4.500,2.82025,0.10048,48.935,-0.146,2.96432,0.10170,47.650,-0.066,2.72052,0.10221,59.300,-0.199,2.92227,0.09992,39.873,-0.109
4.506,2.82024,0.10059,48.935,-0.146,2.96431,0.10182,47.650,-0.066,2.72051,0.10231,59.300,-0.199,2.92226,0.10003,39.873,-0.109
4.512,2.82022,0.10070,48.935,-0.146,2.96429,0.10193,47.650,-0.066,2.72049,0.10242,59.300,-0.199,2.92225,0.10014,39.873,-0.108
4.518,2.82021,0.10080,48.935,-0.146,2.96428,0.10204,47.650,-0.066,2.72048,0.10253,59.300,-0.198,2.92224,0.10025,39.873,-0.108
4.524,2.82020,0.10091,48.935,-0.146,2.96426,0.10216,47.650,-0.066,2.72047,0.10264,59.300,-0.198,2.92223,0.10036,39.873,-0.108
4.530,2.82019,0.10102,48.935,-0.146,2.96425,0.10227,47.650,-0.065,2.72045,0.10275,59.300,-0.198,2.92222,0.10046,39.873,-0.108
4.536,2.82018,0.10113,48.935,-0.146,2.96423,0.10238,47.650,-0.065,2.72044,0.10286,59.300,-0.198,2.92221,0.10057,39.873,-0.108
4.542,2.82017,0.10124,48.935,-0.146,2.96422,0.10250,47.650,-0.065,2.72043,0.10297,59.300,-0.198,2.92220,0.10068,39.873,-0.108
4.548,2.82015,0.10134,48.935,-0.146,2.96420,0.10261,47.650,-0.065,2.72041,0.10308,59.300,-0.198,2.92219,0.10079,39.873,-0.108
4.554,2.82014,0.10145,48.935,-0.145,2.96419,0.10272,47.650,-0.065,2.72040,0.10319,59.300,-0.198,2.92218,0.10090,39.873,-0.108
4.560,2.82013,0.10156,48.935,-0.145,2.96418,0.10284,47.650,-0.065,2.72039,0.10330,59.300,-0.198,2.92217,0.10100,39.873,-0.108
4.566,2.82012,0.10167,48.935,-0.145,2.96416,0.10295,47.650,-0.065,2.72037,0.10341,59.300,-0.197,2.92216,0.10111,39.873,-0.108
4.572,2.82011,0.10178,48.935,-0.145,2.96415,0.10306,47.650,-0.065,2.72036,0.10351,59.300,-0.197,2.92215,0.10122,39.873,-0.108
4.578,2.82009,0.10188,48.935,-0.145,2.96413,0.10318,47.651,-0.065,2.72035,0.10362,59.300,-0.197,2.92214,0.10133,39.873,-0.108
4.584,2.82008,0.10199,48.935,-0.145,2.96412,0.10329,47.651,-0.065,2.72034,0.10373,59.300,-0.197,2.92213,0.10143,39.873,-0.108
4.590,2.82007,0.10210,48.935,-0.145,2.96410,0.10340,47.651,-0.065,2.72032,0.10384,59.300,-0.197,2.92212,0.10154,39.873,-0.108
4.596,2.82006,0.10221,48.935,-0.145,2.96409,0.10352,47.651,-0.065,2.72031,0.10395,59.300,-0.197,2.92211,0.10165,39.873,-0.108
4.602,2.82005,0.10231,48.935,-0.145,2.96408,0.10363,47.651,-0.065,2.72030,0.10406,59.300,-0.197,2.92210,0.10176,39.873,-0.107
4.608,2.82004,0.10242,48.935,-0.145,2.96406,0.10374,47.651,-0.064,2.72028,0.10417,59.300,-0.197,2.92209,0.10186,39.873,-0.107
4.614,2.82003,0.10253,48.935,-0.145,2.96405,0.10385,47.651,-0.064,2.72027,0.10428,59.300,-0.197,2.92208,0.10197,39.873,-0.107
4.620,2.82001,0.10264,48.935,-0.145,2.96404,0.10397,47.651,-0.064,2.72026,0.10439,59.300,-0.196,2.92207,0.10208,39.873,-0.107
4.626,2.82000,0.10275,48.935,-0.144,2.96402,0.10408,47.651,-0.064,2.72025,0.10449,59.300,-0.196,2.92206,0.10219,39.873,-0.107
4.632,2.81999,0.10285,48.935,-0.144,2.96401,0.10419,47.651,-0.064,2.72023,0.10460,59.300,-0.196,2.92205,0.10229,39.873,-0.107
4.638,2.81998,0.10296,48.935,-0.144,2.96399,0.10431,47.651,-0.064,2.72022,0.10471,59.300,-0.196,2.92204,0.10240,39.873,-0.107
4.644,2.81997,0.10307,48.935,-0.144,2.96398,0.10442,47.651,-0.064,2.72021,0.10482,59.300,-0.196,2.92203,0.10251,39.873,-0.107
4.650,2.81996,0.10318,48.935,-0.144,2.96397,0.10453,47.651,-0.064,2.72019,0.10493,59.300,-0.196,2.92202,0.10262,39.873,-0.107
4.656,2.81995,0.10328,48.935,-0.144,2.96395,0.10465,47.651,-0.064,2.72018,0.10504,59.300,-0.196,2.92201,0.10272,39.873,-0.107
4.662,2.81994,0.10339,48.935,-0.144,2.96394,0.10476,47.651,-0.064,2.72017,0.10515,59.300,-0.196,2.92200,0.10283,39.873,-0.107
4.668,2.81992,0.10350,48.935,-0.144,2.96393,0.10487,47.651,-0.064,2.72016,0.10526,59.300,-0.196,2.92199,0.10294,39.873,-0.107
4.674,2.81991,0.10361,48.935,-0.144,2.96391,0.10498,47.651,-0.064,2.72014,0.10536,59.300,-0.195,2.92198,0.10305,39.873,-0.107
4.680,2.81990,0.10371,48.935,-0.144,2.96390,0.10510,47.651,-0.064,2.72013,0.10547,59.300,-0.195,2.92197,0.10315,39.873,-0.107
4.686,2.81989,0.10382,48.935,-0.144,2.96388,0.10521,47.651,-0.064,2.72012,0.10558,59.300,-0.195,2.92196,0.10326,39.873,-0.106
4.692,2.81988,0.10393,48.935,-0.143,2.96387,0.10532,47.651,-0.063,2.72011,0.10569,59.300,-0.195,2.92195,0.10337,39.873,-0.106
4.698,2.81987,0.10403,48.935,-0.143,2.96386,0.10544,47.651,-0.063,2.72009,0.10580,59.300,-0.195,2.92194,0.10348,39.873,-0.106
4.704,2.81986,0.10414,48.935,-0.143,2.96384,0.10555,47.651,-0.063,2.72008,0.10591,59.300,-0.195,2.92193,0.10358,39.873,-0.106
4.710,2.81985,0.10425,48.935,-0.143,2.96383,0.10566,47.651,-0.063,2.72007,0.10602,59.300,-0.195,2.92192,0.10369,39.873,-0.106
4.716,2.81984,0.10436,48.935,-0.143,2.96382,0.10577,47.651,-0.063,2.72006,0.10612,59.300,-0.195,2.92191,0.10380,39.873,-0.106
4.722,2.81983,0.10446,48.935,-0.143,2.96380,0.10589,47.652,-0.063,2.72005,0.10623,59.300,-0.195,2.92190,0.10390,39.873,-0.106
4.728,2.81982,0.10457,48.935,-0.143,2.96379,0.10600,47.652,-0.063,2.72003,0.10634,59.300,-0.194,2.92189,0.10401,39.873,-0.106
4.734,2.81981,0.10468,48.935,-0.143,2.96378,0.10611,47.652,-0.063,2.72002,0.10645,59.300,-0.194,2.92188,0.10412,39.873,-0.106
4.740,2.81979,0.10479,48.935,-0.143,2.96377,0.10622,47.652,-0.063,2.72001,0.10656,59.300,-0.194,2.92188,0.10423,39.873,-0.106
4.746,2.81978,0.10489,48.935,-0.143,2.96375,0.10634,47.652,-0.063,2.72000,0.10667,59.300,-0.194,2.92187,0.10433,39.873,-0.106
4.752,2.81977,0.10500,48.935,-0.143,2.96374,0.10645,47.652,-0.063,2.71999,0.10678,59.300,-0.194,2.92186,0.10444,39.873,-0.106
4.758,2.81976,0.10511,48.935,-0.143,2.96373,0.10656,47.652,-0.063,2.71997,0.10688,59.300,-0.194,2.92185,0.10455,39.873,-0.106
4.764,2.81975,0.10521,48.935,-0.142,2.96371,0.10667,47.652,-0.063,2.71996,0.10699,59.300,-0.194,2.92184,0.10465,39.873,-0.106
4.770,2.81974,0.10532,48.935,-0.142,2.96370,0.10679,47.652,-0.063,2.71995,0.10710,59.300,-0.194,2.92183,0.10476,39.873,-0.106
4.776,2.81973,0.10543,48.935,-0.142,2.96369,0.10690,47.652,-0.063,2.71994,0.10721,59.300,-0.194,2.92182,0.10487,39.873,-0.105
4.782,2.81972,0.10554,48.935,-0.142,2.96367,0.10701,47.652,-0.062,2.71993,0.10732,59.300,-0.193,2.92181,0.10498,39.873,-0.105
4.788,2.81971,0.10564,48.935,-0.142,2.96366,0.10712,47.652,-0.062,2.71991,0.10742,59.300,-0.193,2.92180,0.10508,39.873,-0.105
4.794,2.81970,0.10575,48.935,-0.142,2.96365,0.10724,47.652,-0.062,2.71990,0.10753,59.300,-0.193,2.92179,0.10519,39.873,-0.105
4.800,2.81969,0.10586,48.935,-0.142,2.96364,0.10735,47.652,-0.062,2.71989,0.10764,59.300,-0.193,2.92179,0.10530,39.873,-0.105
4.806,2.81968,0.10596,48.935,-0.142,2.96362,0.10746,47.652,-0.062,2.71988,0.10775,59.300,-0.193,2.92178,0.10540,39.873,-0.105
4.812,2.81967,0.10607,48.935,-0.142,2.96361,0.10757,47.652,-0.062,2.71987,0.10786,59.300,-0.193,2.92177,0.10551,39.873,-0.105
4.818,2.81966,0.10618,48.935,-0.142,2.96360,0.10769,47.652,-0.062,2.71985,0.10797,59.300,-0.193,2.92176,0.10562,39.873,-0.105
4.824,2.81965,0.10628,48.935,-0.142,2.96359,0.10780,47.652,-0.062,2.71984,0.10807,59.300,-0.193,2.92175,0.10572,39.873,-0.105
4.830,2.81964,0.10639,48.935,-0.142,2.96357,0.10791,47.652,-0.062,2.71983,0.10818,59.300,-0.193,2.92174,0.10583,39.873,-0.105
4.836,2.81963,0.10650,48.935,-0.141,2.96356,0.10802,47.652,-0.062,2.71982,0.10829,59.300,-0.193,2.92173,0.10594,39.873,-0.105
4.842,2.81962,0.10661,48.935,-0.141,2.96355,0.10814,47.652,-0.062,2.71981,0.10840,59.300,-0.192,2.92172,0.10604,39.873,-0.105
4.848,2.81961,0.10671,48.935,-0.141,2.96354,0.10825,47.652,-0.062,2.71980,0.10851,59.300,-0.192,2.92172,0.10615,39.873,-0.105
4.854,2.81960,0.10682,48.935,-0.141,2.96352,0.10836,47.652,-0.062,2.71979,0.10861,59.300,-0.192,2.92171,0.10626,39.873,-0.105
4.860,2.81959,0.10693,48.935,-0.141,2.96351,0.10847,47.652,-0.062,2.71977,0.10872,59.300,-0.192,2.92170,0.10636,39.873,-0.105
4.866,2.81958,0.10703,48.935,-0.141,2.96350,0.10859,47.653,-0.062,2.71976,0.10883,59.300,-0.192,2.92169,0.10647,39.873,-0.105
4.872,2.81957,0.10714,48.935,-0.141,2.96349,0.10870,47.653,-0.061,2.71975,0.10894,59.300,-0.192,2.92168,0.10658,39.873,-0.104
4.878,2.81956,0.10725,48.935,-0.141,2.96347,0.10881,47.653,-0.061,2.71974,0.10905,59.300,-0.192,2.92167,0.10668,39.873,-0.104
4.884,2.81955,0.10735,48.935,-0.141,2.96346,0.10892,47.653,-0.061,2.71973,0.10915,59.300,-0.192,2.92167,0.10679,39.873,-0.104
4.890,2.81954,0.10746,48.935,-0.141,2.96345,0.10903,47.653,-0.061,2.71972,0.10926,59.300,-0.192,2.92166,0.10690,39.873,-0.104
4.896,2.81953,0.10757,48.935,-0.141,2.96344,0.10915,47.653,-0.061,2.71971,0.10937,59.300,-0.191,2.92165,0.10700,39.873,-0.104
4.902,2.81952,0.10767,48.935,-0.141,2.96342,0.10926,47.653,-0.061,2.71969,0.10948,59.300,-0.191,2.92164,0.10711,39.873,-0.104
4.908,2.81951,0.10778,48.935,-0.140,2.96341,0.10937,47.653,-0.061,2.71968,0.10959,59.300,-0.191,2.92163,0.10722,39.873,-0.104
4.914,2.81950,0.10789,48.935,-0.140,2.96340,0.10948,47.653,-0.061,2.71967,0.10969,59.300,-0.191,2.92162,0.10732,39.873,-0.104
4.920,2.81949,0.10799,48.935,-0.140,2.96339,0.10960,47.653,-0.061,2.71966,0.10980,59.300,-0.191,2.92162,0.10743,39.873,-0.104
4.926,2.81948,0.10810,48.935,-0.140,2.96338,0.10971,47.653,-0.061,2.71965,0.10991,59.300,-0.191,2.92161,0.10754,39.873,-0.104
4.932,2.81947,0.10821,48.935,-0.140,2.96336,0.10982,47.653,-0.061,2.71964,0.11002,59.300,-0.191,2.92160,0.10764,39.873,-0.104
4.938,2.81946,0.10831,48.935,-0.140,2.96335,0.10993,47.653,-0.061,2.71963,0.11012,59.300,-0.191,2.92159,0.10775,39.873,-0.104
4.944,2.81945,0.10842,48.935,-0.140,2.96334,0.11004,47.653,-0.061,2.71962,0.11023,59.300,-0.191,2.92158,0.10786,39.873,-0.104
4.950,2.81944,0.10853,48.935,-0.140,2.96333,0.11016,47.653,-0.061,2.71961,0.11034,59.300,-0.191,2.92158,0.10796,39.873,-0.104
4.956,2.81943,0.10863,48.935,-0.140,2.96332,0.11027,47.653,-0.061,2.71959,0.11045,59.300,-0.190,2.92157,0.10807,39.873,-0.104
4.962,2.81942,0.10874,48.935,-0.140,2.96331,0.11038,47.653,-0.060,2.71958,0.11055,59.300,-0.190,2.92156,0.10818,39.873,-0.103
4.968,2.81941,0.10884,48.935,-0.140,2.96329,0.11049,47.653,-0.060,2.71957,0.11066,59.300,-0.190,2.92155,0.10828,39.873,-0.103
4.974,2.81940,0.10895,48.935,-0.140,2.96328,0.11060,47.653,-0.060,2.71956,0.11077,59.300,-0.190,2.92154,0.10839,39.873,-0.103
4.980,2.81939,0.10906,48.935,-0.139,2.96327,0.11072,47.653,-0.060,2.71955,0.11088,59.300,-0.190,2.92154,0.10850,39.873,-0.103
4.986,2.81939,0.10916,48.935,-0.139,2.96326,0.11083,47.653,-0.060,2.71954,0.11098,59.300,-0.190,2.92153,0.10860,39.873,-0.103
4.992,2.81938,0.10927,48.935,-0.139,2.96325,0.11094,47.653,-0.060,2.71953,0.11109,59.300,-0.190,2.92152,0.10871,39.873,-0.103
4.998,2.81937,0.10938,48.935,-0.139,2.96324,0.11105,47.653,-0.060,2.71952,0.11120,59.300,-0.190,2.92151,0.10881,39.873,-0.103
5.004,2.81936,0.10948,48.935,-0.139,2.96322,0.11116,47.653,-0.060,2.71951,0.11131,59.300,-0.190,2.92151,0.10892,39.873,-0.103
5.010,2.81935,0.10959,48.935,-0.139,2.96321,0.11128,47.654,-0.060,2.71950,0.11141,59.300,-0.189,2.92150,0.10903,39.873,-0.103
5.016,2.81934,0.10970,48.935,-0.139,2.96320,0.11139,47.654,-0.060,2.71949,0.11152,59.300,-0.189,2.92149,0.10913,39.873,-0.103
5.022,2.81933,0.10980,48.935,-0.139,2.96319,0.11150,47.654,-0.060,2.71948,0.11163,59.300,-0.189,2.92148,0.10924,39.873,-0.103
5.028,2.81932,0.10991,48.935,-0.139,2.96318,0.11161,47.654,-0.060,2.71947,0.11174,59.300,-0.189,2.92147,0.10935,39.873,-0.103
5.034,2.81931,0.11001,48.935,-0.139,2.96317,0.11172,47.654,-0.060,2.71945,0.11184,59.300,-0.189,2.92147,0.10945,39.873,-0.103
5.040,2.81930,0.11012,48.935,-0.139,2.96316,0.11183,47.654,-0.060,2.71944,0.11195,59.300,-0.189,2.92146,0.10956,39.873,-0.103
5.046,2.81929,0.11023,48.935,-0.139,2.96314,0.11195,47.654,-0.060,2.71943,0.11206,59.300,-0.189,2.92145,0.10966,39.873,-0.103
5.052,2.81928,0.11033,48.935,-0.139,2.96313,0.11206,47.654,-0.059,2.71942,0.11217,59.300,-0.189,2.92144,0.10977,39.873,-0.103
5.058,2.81928,0.11044,48.935,-0.138,2.96312,0.11217,47.654,-0.059,2.71941,0.11227,59.300,-0.189,2.92144,0.10988,39.873,-0.103
5.064,2.81927,0.11055,48.935,-0.138,2.96311,0.11228,47.654,-0.059,2.71940,0.11238,59.300,-0.189,2.92143,0.10998,39.873,-0.102
5.070,2.81926,0.11065,48.935,-0.138,2.96310,0.11239,47.654,-0.059,2.71939,0.11249,59.300,-0.188,2.92142,0.11009,39.873,-0.102
5.076,2.81925,0.11076,48.935,-0.138,2.96309,0.11251,47.654,-0.059,2.71938,0.11260,59.299,-0.188,2.92142,0.11019,39.873,-0.102
5.082,2.81924,0.11086,48.935,-0.138,2.96308,0.11262,47.654,-0.059,2.71937,0.11270,59.299,-0.188,2.92141,0.11030,39.873,-0.102
5.088,2.81923,0.11097,48.935,-0.138,2.96307,0.11273,47.654,-0.059,2.71936,0.11281,59.299,-0.188,2.92140,0.11041,39.873,-0.102
5.094,2.81922,0.11108,48.935,-0.138,2.96305,0.11284,47.654,-0.059,2.71935,0.11292,59.299,-0.188,2.92139,0.11051,39.873,-0.102
5.100,2.81921,0.11118,48.935,-0.138,2.96304,0.11295,47.654,-0.059,2.71934,0.11302,59.299,-0.188,2.92139,0.11062,39.873,-0.102
5.106,2.81920,0.11129,48.935,-0.138,2.96303,0.11306,47.654,-0.059,2.71933,0.11313,59.299,-0.188,2.92138,0.11072,39.873,-0.102
5.112,2.81920,0.11139,48.935,-0.138,2.96302,0.11317,47.654,-0.059,2.71932,0.11324,59.299,-0.188,2.92137,0.11083,39.873,-0.102
5.118,2.81919,0.11150,48.935,-0.138,2.96301,0.11329,47.654,-0.059,2.71931,0.11335,59.299,-0.188,2.92136,0.11094,39.873,-0.102
5.124,2.81918,0.11161,48.935,-0.138,2.96300,0.11340,47.654,-0.059,2.71930,0.11345,59.299,-0.188,2.92136,0.11104,39.873,-0.102
5.130,2.81917,0.11171,48.935,-0.138,2.96299,0.11351,47.654,-0.059,2.71929,0.11356,59.299,-0.187,2.92135,0.11115,39.873,-0.102
5.136,2.81916,0.11182,48.935,-0.137,2.96298,0.11362,47.654,-0.059,2.71928,0.11367,59.299,-0.187,2.92134,0.11125,39.873,-0.102
5.142,2.81915,0.11192,48.935,-0.137,2.96297,0.11373,47.654,-0.059,2.71927,0.11377,59.299,-0.187,2.92134,0.11136,39.873,-0.102
5.148,2.81914,0.11203,48.935,-0.137,2.96296,0.11384,47.654,-0.058,2.71926,0.11388,59.299,-0.187,2.92133,0.11147,39.873,-0.102
5.154,2.81914,0.11214,48.935,-0.137,2.96295,0.11396,47.654,-0.058,2.71925,0.11399,59.299,-0.187,2.92132,0.11157,39.873,-0.102
5.160,2.81913,0.11224,48.935,-0.137,2.96293,0.11407,47.655,-0.058,2.71924,0.11410,59.299,-0.187,2.92132,0.11168,39.873,-0.101
5.166,2.81912,0.11235,48.935,-0.137,2.96292,0.11418,47.655,-0.058,2.71923,0.11420,59.299,-0.187,2.92131,0.11178,39.873,-0.101
5.172,2.81911,0.11245,48.935,-0.137,2.96291,0.11429,47.655,-0.058,2.71922,0.11431,59.299,-0.187,2.92130,0.11189,39.873,-0.101
5.178,2.81910,0.11256,48.935,-0.137,2.96290,0.11440,47.655,-0.058,2.71921,0.11442,59.299,-0.187,2.92130,0.11200,39.874,-0.101
5.184,2.81909,0.11266,48.935,-0.137,2.96289,0.11451,47.655,-0.058,2.71920,0.11452,59.299,-0.187,2.92129,0.11210,39.874,-0.101
5.190,2.81908,0.11277,48.935,-0.137,2.96288,0.11462,47.655,-0.058,2.71919,0.11463,59.299,-0.187,2.92128,0.11221,39.874,-0.101
5.196,2.81908,0.11288,48.935,-0.137,2.96287,0.11474,47.655,-0.058,2.71918,0.11474,59.299,-0.186,2.92127,0.11231,39.874,-0.101
5.202,2.81907,0.11298,48.935,-0.137,2.96286,0.11485,47.655,-0.058,2.71917,0.11484,59.299,-0.186,2.92127,0.11242,39.874,-0.101
5.208,2.81906,0.11309,48.935,-0.137,2.96285,0.11496,47.655,-0.058,2.71916,0.11495,59.299,-0.186,2.92126,0.11252,39.874,-0.101
5.214,2.81905,0.11319,48.935,-0.136,2.96284,0.11507,47.655,-0.058,2.71915,0.11506,59.299,-0.186,2.92125,0.11263,39.874,-0.101
5.220,2.81904,0.11330,48.935,-0.136,2.96283,0.11518,47.655,-0.058,2.71914,0.11516,59.299,-0.186,2.92125,0.11273,39.874,-0.101
5.226,2.81904,0.11340,48.935,-0.136,2.96282,0.11529,47.655,-0.058,2.71913,0.11527,59.299,-0.186,2.92124,0.11284,39.874,-0.101
5.232,2.81903,0.11351,48.935,-0.136,2.96281,0.11540,47.655,-0.058,2.71912,0.11538,59.299,-0.186,2.92124,0.11295,39.874,-0.101
5.238,2.81902,0.11362,48.935,-0.136,2.96280,0.11552,47.655,-0.058,2.71911,0.11548,59.299,-0.186,2.92123,0.11305,39.874,-0.101
5.244,2.81901,0.11372,48.935,-0.136,2.96279,0.11563,47.655,-0.057,2.71910,0.11559,59.299,-0.186,2.92122,0.11316,39.874,-0.101
5.250,2.81900,0.11383,48.935,-0.136,2.96278,0.11574,47.655,-0.057,2.71909,0.11570,59.299,-0.186,2.92122,0.11326,39.874,-0.101
5.256,2.81900,0.11393,48.935,-0.136,2.96277,0.11585,47.655,-0.057,2.71908,0.11580,59.299,-0.185,2.92121,0.11337,39.874,-0.101
5.262,2.81899,0.11404,48.935,-0.136,2.96276,0.11596,47.655,-0.057,2.71907,0.11591,59.299,-0.185,2.92120,0.11347,39.874,-0.100
5.268,2.81898,0.11414,48.935,-0.136,2.96275,0.11607,47.655,-0.057,2.71906,0.11602,59.299,-0.185,2.92120,0.11358,39.874,-0.100
5.274,2.81897,0.11425,48.935,-0.136,2.96274,0.11618,47.655,-0.057,2.71905,0.11612,59.299,-0.185,2.92119,0.11368,39.874,-0.100
5.280,2.81896,0.11435,48.935,-0.136,2.96273,0.11629,47.655,-0.057,2.71904,0.11623,59.299,-0.185,2.92118,0.11379,39.874,-0.100
5.286,2.81896,0.11446,48.935,-0.136,2.96272,0.11640,47.655,-0.057,2.71903,0.11634,59.299,-0.185,2.92118,0.11390,39.874,-0.100
5.292,2.81895,0.11457,48.935,-0.136,2.96271,0.11652,47.655,-0.057,2.71903,0.11644,59.299,-0.185,2.92117,0.11400,39.874,-0.100
5.298,2.81894,0.11467,48.935,-0.135,2.96270,0.11663,47.655,-0.057,2.71902,0.11655,59.299,-0.185,2.92116,0.11411,39.874,-0.100
5.304,2.81893,0.11478,48.935,-0.135,2.96269,0.11674,47.656,-0.057,2.71901,0.11666,59.299,-0.185,2.92116,0.11421,39.874,-0.100
5.310,2.81892,0.11488,48.935,-0.135,2.96268,0.11685,47.656,-0.057,2.71900,0.11676,59.299,-0.185,2.92115,0.11432,39.874,-0.100
5.316,2.81892,0.11499,48.935,-0.135,2.96267,0.11696,47.656,-0.057,2.71899,0.11687,59.299,-0.185,2.92115,0.11442,39.874,-0.100
5.322,2.81891,0.11509,48.935,-0.135,2.96266,0.11707,47.656,-0.057,2.71898,0.11698,59.299,-0.184,2.92114,0.11453,39.874,-0.100
5.328,2.81890,0.11520,48.935,-0.135,2.96265,0.11718,47.656,-0.057,2.71897,0.11708,59.299,-0.184,2.92113,0.11463,39.874,-0.100
5.334,2.81889,0.11530,48.935,-0.135,2.96264,0.11729,47.656,-0.057,2.71896,0.11719,59.299,-0.184,2.92113,0.11474,39.874,-0.100
5.340,2.81889,0.11541,48.935,-0.135,2.96263,0.11740,47.656,-0.057,2.71895,0.11730,59.299,-0.184,2.92112,0.11484,39.874,-0.100
5.346,2.81888,0.11551,48.935,-0.135,2.96262,0.11752,47.656,-0.056,2.71894,0.11740,59.299,-0.184,2.92112,0.11495,39.874,-0.100
5.352,2.81887,0.11562,48.935,-0.135,2.96261,0.11763,47.656,-0.056,2.71893,0.11751,59.299,-0.184,2.92111,0.11505,39.874,-0.100
5.358,2.81886,0.11572,48.935,-0.135,2.96260,0.11774,47.656,-0.056,2.71892,0.11762,59.299,-0.184,2.92110,0.11516,39.874,-0.100
5.364,2.81885,0.11583,48.935,-0.135,2.96259,0.11785,47.656,-0.056,2.71891,0.11772,59.299,-0.184,2.92110,0.11526,39.874,-0.100
5.370,2.81885,0.11593,48.935,-0.135,2.96258,0.11796,47.656,-0.056,2.71891,0.11783,59.299,-0.184,2.92109,0.11537,39.874,-0.099
5.376,2.81884,0.11604,48.935,-0.134,2.96257,0.11807,47.656,-0.056,2.71890,0.11793,59.299,-0.184,2.92109,0.11548,39.874,-0.099
5.382,2.81883,0.11614,48.935,-0.134,2.96256,0.11818,47.656,-0.056,2.71889,0.11804,59.299,-0.184,2.92108,0.11558,39.874,-0.099
5.388,2.81882,0.11625,48.935,-0.134,2.96255,0.11829,47.656,-0.056,2.71888,0.11815,59.299,-0.183,2.92107,0.11569,39.874,-0.099
5.394,2.81882,0.11636,48.935,-0.134,2.96254,0.11840,47.656,-0.056,2.71887,0.11825,59.299,-0.183,2.92107,0.11579,39.874,-0.099
5.400,2.81881,0.11646,48.935,-0.134,2.96253,0.11851,47.656,-0.056,2.71886,0.11836,59.299,-0.183,2.92106,0.11590,39.874,-0.099
5.406,2.81880,0.11657,48.935,-0.134,2.96252,0.11862,47.656,-0.056,2.71885,0.11847,59.299,-0.183,2.92106,0.11600,39.874,-0.099
5.412,2.81880,0.11667,48.935,-0.134,2.96251,0.11874,47.656,-0.056,2.71884,0.11857,59.299,-0.183,2.92105,0.11611,39.874,-0.099
5.418,2.81879,0.11678,48.935,-0.134,2.96250,0.11885,47.656,-0.056,2.71883,0.11868,59.299,-0.183,2.92105,0.11621,39.874,-0.099
5.424,2.81878,0.11688,48.935,-0.134,2.96249,0.11896,47.656,-0.056,2.71882,0.11878,59.299,-0.183,2.92104,0.11632,39.874,-0.099
5.430,2.81877,0.11699,48.935,-0.134,2.96248,0.11907,47.656,-0.056,2.71882,0.11889,59.299,-0.183,2.92103,0.11642,39.874,-0.099
5.436,2.81877,0.11709,48.935,-0.134,2.96247,0.11918,47.656,-0.056,2.71881,0.11900,59.299,-0.183,2.92103,0.11653,39.874,-0.099
5.442,2.81876,0.11720,48.935,-0.134,2.96247,0.11929,47.656,-0.056,2.71880,0.11910,59.299,-0.183,2.92102,0.11663,39.874,-0.099
5.448,2.81875,0.11730,48.935,-0.134,2.96246,0.11940,47.656,-0.055,2.71879,0.11921,59.299,-0.182,2.92102,0.11674,39.874,-0.099
5.454,2.81874,0.11741,48.935,-0.134,2.96245,0.11951,47.656,-0.055,2.71878,0.11931,59.299,-0.182,2.92101,0.11684,39.874,-0.099
5.460,2.81874,0.11751,48.935,-0.133,2.96244,0.11962,47.657,-0.055,2.71877,0.11942,59.299,-0.182,2.92101,0.11695,39.874,-0.099
5.466,2.81873,0.11762,48.935,-0.133,2.96243,0.11973,47.657,-0.055,2.71876,0.11953,59.299,-0.182,2.92100,0.11705,39.874,-0.099
5.472,2.81872,0.11772,48.935,-0.133,2.96242,0.11984,47.657,-0.055,2.71876,0.11963,59.299,-0.182,2.92100,0.11716,39.874,-0.099
5.478,2.81872,0.11783,48.935,-0.133,2.96241,0.11995,47.657,-0.055,2.71875,0.11974,59.299,-0.182,2.92099,0.11726,39.874,-0.098
5.484,2.81871,0.11793,48.935,-0.133,2.96240,0.12006,47.657,-0.055,2.71874,0.11984,59.299,-0.182,2.92099,0.11737,39.874,-0.098
5.490,2.81870,0.11804,48.935,-0.133,2.96239,0.12017,47.657,-0.055,2.71873,0.11995,59.299,-0.182,2.92098,0.11747,39.874,-0.098
5.496,2.81870,0.11814,48.935,-0.133,2.96238,0.12028,47.657,-0.055,2.71872,0.12006,59.299,-0.182,2.92097,0.11757,39.874,-0.098
5.502,2.81869,0.11824,48.935,-0.133,2.96237,0.12040,47.657,-0.055,2.71871,0.12016,59.299,-0.182,2.92097,0.11768,39.874,-0.098
5.508,2.81868,0.11835,48.935,-0.133,2.96236,0.12051,47.657,-0.055,2.71870,0.12027,59.299,-0.182,2.92096,0.11778,39.874,-0.098
5.514,2.81867,0.11845,48.935,-0.133,2.96236,0.12062,47.657,-0.055,2.71870,0.12037,59.299,-0.182,2.92096,0.11789,39.874,-0.098
5.520,2.81867,0.11856,48.935,-0.133,2.96235,0.12073,47.657,-0.055,2.71869,0.12048,59.299,-0.181,2.92095,0.11799,39.874,-0.098
5.526,2.81866,0.11866,48.935,-0.133,2.96234,0.12084,47.657,-0.055,2.71868,0.12059,59.299,-0.181,2.92095,0.11810,39.874,-0.098
5.532,2.81865,0.11877,48.935,-0.133,2.96233,0.12095,47.657,-0.055,2.71867,0.12069,59.299,-0.181,2.92094,0.11820,39.874,-0.098
5.538,2.81865,0.11887,48.935,-0.133,2.96232,0.12106,47.657,-0.055,2.71866,0.12080,59.299,-0.181,2.92094,0.11831,39.874,-0.098
5.544,2.81864,0.11898,48.935,-0.133,2.96231,0.12117,47.657,-0.055,2.71865,0.12090,59.299,-0.181,2.92093,0.11841,39.874,-0.098
5.550,2.81863,0.11908,48.935,-0.132,2.96230,0.12128,47.657,-0.055,2.71864,0.12101,59.299,-0.181,2.92093,0.11852,39.874,-0.098
5.556,2.81863,0.11919,48.935,-0.132,2.96229,0.12139,47.657,-0.054,2.71864,0.12111,59.299,-0.181,2.92092,0.11862,39.874,-0.098
5.562,2.81862,0.11929,48.935,-0.132,2.96228,0.12150,47.657,-0.054,2.71863,0.12122,59.299,-0.181,2.92092,0.11873,39.874,-0.098
5.568,2.81861,0.11940,48.935,-0.132,2.96228,0.12161,47.657,-0.054,2.71862,0.12133,59.299,-0.181,2.92091,0.11883,39.874,-0.098
5.574,2.81861,0.11950,48.935,-0.132,2.96227,0.12172,47.657,-0.054,2.71861,0.12143,59.299,-0.181,2.92091,0.11894,39.874,-0.098
5.580,2.81860,0.11961,48.935,-0.132,2.96226,0.12183,47.657,-0.054,2.71860,0.12154,59.299,-0.181,2.92090,0.11904,39.874,-0.098
5.586,2.81859,0.11971,48.935,-0.132,2.96225,0.12194,47.657,-0.054,2.71860,0.12164,59.299,-0.180,2.92090,0.11915,39.874,-0.097
5.592,2.81859,0.11981,48.935,-0.132,2.96224,0.12205,47.657,-0.054,2.71859,0.12175,59.299,-0.180,2.92089,0.11925,39.874,-0.097
5.598,2.81858,0.11992,48.935,-0.132,2.96223,0.12216,47.657,-0.054,2.71858,0.12185,59.299,-0.180,2.92089,0.11935,39.874,-0.097
5.604,2.81857,0.12002,48.935,-0.132,2.96222,0.12227,47.657,-0.054,2.71857,0.12196,59.299,-0.180,2.92088,0.11946,39.874,-0.097
5.610,2.81857,0.12013,48.935,-0.132,2.96222,0.12238,47.658,-0.054,2.71856,0.12207,59.299,-0.180,2.92088,0.11956,39.874,-0.097
5.616,2.81856,0.12023,48.935,-0.132,2.96221,0.12249,47.658,-0.054,2.71855,0.12217,59.299,-0.180,2.92087,0.11967,39.874,-0.097
5.622,2.81855,0.12034,48.935,-0.132,2.96220,0.12260,47.658,-0.054,2.71855,0.12228,59.299,-0.180,2.92087,0.11977,39.874,-0.097
5.628,2.81855,0.12044,48.935,-0.132,2.96219,0.12271,47.658,-0.054,2.71854,0.12238,59.299,-0.180,2.92086,0.11988,39.874,-0.097
5.634,2.81854,0.12055,48.935,-0.131,2.96218,0.12282,47.658,-0.054,2.71853,0.12249,59.299,-0.180,2.92086,0.11998,39.874,-0.097
5.640,2.81853,0.12065,48.935,-0.131,2.96217,0.12294,47.658,-0.054,2.71852,0.12259,59.299,-0.180,2.92085,0.12009,39.874,-0.097
5.646,2.81853,0.12076,48.935,-0.131,2.96216,0.12305,47.658,-0.054,2.71851,0.12270,59.299,-0.180,2.92085,0.12019,39.874,-0.097
5.652,2.81852,0.12086,48.935,-0.131,2.96216,0.12316,47.658,-0.054,2.71851,0.12280,59.299,-0.179,2.92084,0.12029,39.874,-0.097
5.658,2.81852,0.12096,48.935,-0.131,2.96215,0.12327,47.658,-0.054,2.71850,0.12291,59.299,-0.179,2.92084,0.12040,39.874,-0.097
5.664,2.81851,0.12107,48.935,-0.131,2.96214,0.12338,47.658,-0.053,2.71849,0.12301,59.299,-0.179,2.92084,0.12050,39.874,-0.097
5.670,2.81850,0.12117,48.935,-0.131,2.96213,0.12349,47.658,-0.053,2.71848,0.12312,59.299,-0.179,2.92083,0.12061,39.874,-0.097
5.676,2.81850,0.12128,48.935,-0.131,2.96212,0.12360,47.658,-0.053,2.71848,0.12323,59.299,-0.179,2.92083,0.12071,39.874,-0.097
5.682,2.81849,0.12138,48.935,-0.131,2.96212,0.12371,47.658,-0.053,2.71847,0.12333,59.299,-0.179,2.92082,0.12082,39.874,-0.097
5.688,2.81848,0.12149,48.935,-0.131,2.96211,0.12382,47.658,-0.053,2.71846,0.12344,59.299,-0.179,2.92082,0.12092,39.874,-0.097
5.694,2.81848,0.12159,48.935,-0.131,2.96210,0.12393,47.658,-0.053,2.71845,0.12354,59.299,-0.179,2.92081,0.12102,39.874,-0.097
5.700,2.81847,0.12169,48.935,-0.131,2.96209,0.12404,47.658,-0.053,2.71844,0.12365,59.299,-0.179,2.92081,0.12113,39.874,-0.096
5.706,2.81847,0.12180,48.935,-0.131,2.96208,0.12415,47.658,-0.053,2.71844,0.12375,59.299,-0.179,2.92080,0.12123,39.874,-0.096
5.712,2.81846,0.12190,48.935,-0.131,2.96207,0.12426,47.658,-0.053,2.71843,0.12386,59.299,-0.179,2.92080,0.12134,39.874,-0.096
5.718,2.81845,0.12201,48.935,-0.131,2.96207,0.12437,47.658,-0.053,2.71842,0.12396,59.299,-0.179,2.92080,0.12144,39.874,-0.096
5.724,2.81845,0.12211,48.935,-0.130,2.96206,0.12448,47.658,-0.053,2.71841,0.12407,59.299,-0.178,2.92079,0.12155,39.874,-0.096
5.730,2.81844,0.12222,48.935,-0.130,2.96205,0.12459,47.658,-0.053,2.71841,0.12417,59.299,-0.178,2.92079,0.12165,39.874,-0.096
5.736,2.81844,0.12232,48.935,-0.130,2.96204,0.12470,47.658,-0.053,2.71840,0.12428,59.299,-0.178,2.92078,0.12175,39.874,-0.096
5.742,2.81843,0.12242,48.935,-0.130,2.96203,0.12481,47.658,-0.053,2.71839,0.12438,59.299,-0.178,2.92078,0.12186,39.874,-0.096
5.748,2.81842,0.12253,48.935,-0.130,2.96203,0.12492,47.658,-0.053,2.71838,0.12449,59.299,-0.178,2.92077,0.12196,39.874,-0.096
5.754,2.81842,0.12263,48.935,-0.130,2.96202,0.12503,47.658,-0.053,2.71837,0.12459,59.299,-0.178,2.92077,0.12207,39.874,-0.096
5.760,2.81841,0.12274,48.935,-0.130,2.96201,0.12514,47.658,-0.053,2.71837,0.12470,59.299,-0.178,2.92076,0.12217,39.874,-0.096
5.766,2.81841,0.12284,48.935,-0.130,2.96200,0.12525,47.659,-0.053,2.71836,0.12480,59.299,-0.178,2.92076,0.12227,39.874,-0.096
5.772,2.81840,0.12294,48.935,-0.130,2.96199,0.12536,47.659,-0.052,2.71835,0.12491,59.299,-0.178,2.92076,0.12238,39.874,-0.096
5.778,2.81839,0.12305,48.935,-0.130,2.96199,0.12547,47.659,-0.052,2.71834,0.12501,59.299,-0.178,2.92075,0.12248,39.874,-0.096
5.784,2.81839,0.12315,48.935,-0.130,2.96198,0.12558,47.659,-0.052,2.71834,0.12512,59.299,-0.178,2.92075,0.12259,39.874,-0.096
5.790,2.81838,0.12326,48.935,-0.130,2.96197,0.12569,47.659,-0.052,2.71833,0.12522,59.299,-0.178,2.92074,0.12269,39.874,-0.096
5.796,2.81838,0.12336,48.935,-0.130,2.96196,0.12580,47.659,-0.052,2.71832,0.12533,59.299,-0.177,2.92074,0.12279,39.874,-0.096
5.802,2.81837,0.12346,48.935,-0.130,2.96196,0.12591,47.659,-0.052,2.71832,0.12543,59.299,-0.177,2.92074,0.12290,39.874,-0.096
5.808,2.81837,0.12357,48.935,-0.130,2.96195,0.12602,47.659,-0.052,2.71831,0.12554,59.299,-0.177,2.92073,0.12300,39.874,-0.096
5.814,2.81836,0.12367,48.935,-0.130,2.96194,0.12613,47.659,-0.052,2.71830,0.12564,59.299,-0.177,2.92073,0.12311,39.874,-0.096
5.820,2.81835,0.12378,48.935,-0.129,2.96193,0.12624,47.659,-0.052,2.71829,0.12575,59.299,-0.177,2.92072,0.12321,39.874,-0.095
5.826,2.81835,0.12388,48.935,-0.129,2.96193,0.12635,47.659,-0.052,2.71829,0.12585,59.299,-0.177,2.92072,0.12331,39.874,-0.095
5.832,2.81834,0.12398,48.935,-0.129,2.96192,0.12646,47.659,-0.052,2.71828,0.12596,59.299,-0.177,2.92072,0.12342,39.874,-0.095
5.838,2.81834,0.12409,48.935,-0.129,2.96191,0.12657,47.659,-0.052,2.71827,0.12606,59.299,-0.177,2.92071,0.12352,39.874,-0.095
5.844,2.81833,0.12419,48.935,-0.129,2.96190,0.12668,47.659,-0.052,2.71826,0.12617,59.299,-0.177,2.92071,0.12363,39.874,-0.095
5.850,2.81833,0.12430,48.935,-0.129,2.96189,0.12678,47.659,-0.052,2.71826,0.12627,59.299,-0.177,2.92070,0.12373,39.874,-0.095
5.856,2.81832,0.12440,48.935,-0.129,2.96189,0.12689,47.659,-0.052,2.71825,0.12638,59.299,-0.177,2.92070,0.12383,39.874,-0.095
5.862,2.81831,0.12450,48.935,-0.129,2.96188,0.12700,47.659,-0.052,2.71824,0.12648,59.299,-0.177,2.92070,0.12394,39.874,-0.095
5.868,2.81831,0.12461,48.935,-0.129,2.96187,0.12711,47.659,-0.052,2.71824,0.12659,59.299,-0.176,2.92069,0.12404,39.874,-0.095
5.874,2.81830,0.12471,48.935,-0.129,2.96187,0.12722,47.659,-0.052,2.71823,0.12669,59.299,-0.176,2.92069,0.12415,39.874,-0.095
5.880,2.81830,0.12481,48.935,-0.129,2.96186,0.12733,47.659,-0.052,2.71822,0.12680,59.299,-0.176,2.92069,0.12425,39.874,-0.095
5.886,2.81829,0.12492,48.935,-0.129,2.96185,0.12744,47.659,-0.051,2.71821,0.12690,59.299,-0.176,2.92068,0.12435,39.874,-0.095
5.892,2.81829,0.12502,48.935,-0.129,2.96184,0.12755,47.659,-0.051,2.71821,0.12701,59.299,-0.176,2.92068,0.12446,39.874,-0.095
5.898,2.81828,0.12513,48.935,-0.129,2.96184,0.12766,47.659,-0.051,2.71820,0.12711,59.299,-0.176,2.92067,0.12456,39.874,-0.095
5.904,2.81828,0.12523,48.935,-0.129,2.96183,0.12777,47.659,-0.051,2.71819,0.12722,59.299,-0.176,2.92067,0.12466,39.874,-0.095
5.910,2.81827,0.12533,48.935,-0.128,2.96182,0.12788,47.659,-0.051,2.71819,0.12732,59.299,-0.176,2.92067,0.12477,39.874,-0.095
5.916,2.81827,0.12544,48.935,-0.128,2.96181,0.12799,47.659,-0.051,2.71818,0.12743,59.299,-0.176,2.92066,0.12487,39.874,-0.095
5.922,2.81826,0.12554,48.935,-0.128,2.96181,0.12810,47.659,-0.051,2.71817,0.12753,59.299,-0.176,2.92066,0.12498,39.874,-0.095
5.928,2.81825,0.12564,48.935,-0.128,2.96180,0.12821,47.660,-0.051,2.71816,0.12764,59.299,-0.176,2.92066,0.12508,39.874,-0.095
5.934,2.81825,0.12575,48.935,-0.128,2.96179,0.12832,47.660,-0.051,2.71816,0.12774,59.299,-0.176,2.92065,0.12518,39.874,-0.095
5.940,2.81824,0.12585,48.935,-0.128,2.96178,0.12843,47.660,-0.051,2.71815,0.12785,59.299,-0.175,2.92065,0.12529,39.874,-0.094
5.946,2.81824,0.12595,48.935,-0.128,2.96178,0.12854,47.660,-0.051,2.71814,0.12795,59.299,-0.175,2.92065,0.12539,39.874,-0.094
5.952,2.81823,0.12606,48.935,-0.128,2.96177,0.12865,47.660,-0.051,2.71814,0.12805,59.299,-0.175,2.92064,0.12549,39.874,-0.094
5.958,2.81823,0.12616,48.935,-0.128,2.96176,0.12876,47.660,-0.051,2.71813,0.12816,59.299,-0.175,2.92064,0.12560,39.874,-0.094
5.964,2.81822,0.12626,48.935,-0.128,2.96176,0.12887,47.660,-0.051,2.71812,0.12826,59.299,-0.175,2.92063,0.12570,39.874,-0.094
5.970,2.81822,0.12637,48.936,-0.128,2.96175,0.12898,47.660,-0.051,2.71812,0.12837,59.299,-0.175,2.92063,0.12580,39.874,-0.094
5.976,2.81821,0.12647,48.936,-0.128,2.96174,0.12909,47.660,-0.051,2.71811,0.12847,59.299,-0.175,2.92063,0.12591,39.874,-0.094
5.982,2.81821,0.12658,48.936,-0.128,2.96174,0.12920,47.660,-0.051,2.71810,0.12858,59.299,-0.175,2.92062,0.12601,39.874,-0.094
5.988,2.81820,0.12668,48.936,-0.128,2.96173,0.12931,47.660,-0.051,2.71810,0.12868,59.299,-0.175,2.92062,0.12611,39.874,-0.094
5.994,2.81820,0.12678,48.936,-0.128,2.96172,0.12941,47.660,-0.051,2.71809,0.12879,59.299,-0.175,2.92062,0.12622,39.874,-0.094
6.000,2.81819,0.12689,48.936,-0.128,2.96171,0.12952,47.660,-0.051,2.71808,0.12889,59.299,-0.175,2.92061,0.12632,39.874,-0.094
