f_ghz,M.eps_eff,M.alpha_db_per_cm,M.zc_re,M.zc_im,M-MK.eps_eff,M-MK.alpha_db_per_cm,M-MK.zc_re,M-MK.zc_im,M0.7.eps_eff,M0.7.alpha_db_per_cm,M0.7.zc_re,M0.7.zc_im,M1.4.eps_eff,M1.4.alpha_db_per_cm,M1.4.zc_re,M1.4.zc_im
0.006,3.20542,0.00165,53.629,-4.101,3.30683,0.00151,51.345,-3.423,3.10971,0.00175,65.076,-5.391,3.30721,0.00159,43.670,-3.151
0.012,3.07880,0.00233,52.636,-2.801,3.19974,0.00210,50.623,-2.269,2.98667,0.00244,63.843,-3.650,3.17703,0.00227,42.876,-2.164
0.018,3.01740,0.00289,52.177,-2.252,3.14571,0.00260,50.283,-1.797,2.92575,0.00301,63.264,-2.928,3.11477,0.00282,42.514,-1.742
0.024,2.97931,0.00338,51.901,-1.929,3.11161,0.00304,50.078,-1.524,2.88769,0.00351,62.912,-2.507,3.07631,0.00330,42.298,-1.492
0.030,2.95265,0.00382,51.713,-1.710,3.08749,0.00344,49.939,-1.340,2.86096,0.00396,62.672,-2.223,3.04947,0.00374,42.151,-1.323
0.036,2.93262,0.00423,51.576,-1.549,3.06922,0.00381,49.837,-1.206,2.84083,0.00438,62.495,-2.015,3.02931,0.00414,42.044,-1.198
0.042,2.91682,0.00461,51.469,-1.424,3.05473,0.00416,49.758,-1.102,2.82495,0.00478,62.358,-1.853,3.01343,0.00452,41.961,-1.101
0.048,2.90394,0.00497,51.385,-1.324,3.04284,0.00450,49.696,-1.019,2.81198,0.00515,62.248,-1.723,3.00047,0.00487,41.896,-1.023
0.054,2.89315,0.00532,51.315,-1.241,3.03286,0.00482,49.645,-0.950,2.80112,0.00550,62.158,-1.616,2.98964,0.00522,41.842,-0.958
0.060,2.88395,0.00565,51.257,-1.171,3.02430,0.00513,49.603,-0.892,2.79185,0.00584,62.083,-1.526,2.98039,0.00555,41.797,-0.903
0.066,2.87597,0.00597,51.207,-1.111,3.01685,0.00543,49.567,-0.842,2.78381,0.00617,62.018,-1.448,2.97236,0.00586,41.759,-0.856
0.072,2.86895,0.00628,51.164,-1.058,3.01029,0.00572,49.537,-0.799,2.77675,0.00649,61.962,-1.380,2.96531,0.00617,41.726,-0.816
0.078,2.86272,0.00659,51.127,-1.012,3.00444,0.00600,49.510,-0.761,2.77047,0.00680,61.914,-1.321,2.95905,0.00647,41.697,-0.779
0.084,2.85713,0.00688,51.094,-0.971,2.99918,0.00628,49.486,-0.727,2.76485,0.00710,61.871,-1.267,2.95343,0.00676,41.671,-0.747
0.090,2.85208,0.00717,51.065,-0.933,2.99442,0.00655,49.466,-0.697,2.75976,0.00740,61.832,-1.220,2.94836,0.00705,41.649,-0.718
0.096,2.84749,0.00745,51.038,-0.900,2.99008,0.00681,49.447,-0.669,2.75514,0.00768,61.798,-1.177,2.94374,0.00733,41.629,-0.692
0.102,2.84328,0.00773,51.015,-0.870,2.98609,0.00707,49.431,-0.644,2.75091,0.00797,61.767,-1.138,2.93951,0.00760,41.611,-0.669
0.108,2.83941,0.00800,50.993,-0.842,2.98242,0.00733,49.416,-0.621,2.74702,0.00824,61.739,-1.102,2.93562,0.00787,41.594,-0.647
0.114,2.83584,0.00826,50.974,-0.816,2.97902,0.00758,49.402,-0.600,2.74342,0.00852,61.713,-1.069,2.93202,0.00813,41.579,-0.627
0.120,2.83252,0.00853,50.956,-0.793,2.97585,0.00783,49.390,-0.581,2.74008,0.00878,61.689,-1.038,2.92868,0.00839,41.565,-0.608
0.126,2.82942,0.00878,50.939,-0.771,2.97290,0.00808,49.379,-0.563,2.73697,0.00905,61.668,-1.010,2.92557,0.00865,41.553,-0.591
0.132,2.82653,0.00904,50.924,-0.750,2.97013,0.00832,49.368,-0.546,2.73406,0.00931,61.648,-0.984,2.92265,0.00890,41.541,-0.575
0.138,2.82382,0.00929,50.910,-0.731,2.96753,0.00856,49.359,-0.531,2.73133,0.00956,61.629,-0.960,2.91992,0.00915,41.531,-0.561
0.144,2.82127,0.00954,50.897,-0.713,2.96509,0.00880,49.350,-0.516,2.72877,0.00981,61.612,-0.937,2.91735,0.00939,41.521,-0.547
0.150,2.81886,0.00978,50.885,-0.697,2.96277,0.00903,49.342,-0.502,2.72635,0.01006,61.596,-0.915,2.91493,0.00964,41.512,-0.534
0.156,2.81659,0.01002,50.874,-0.681,2.96058,0.00926,49.335,-0.489,2.72406,0.01031,61.581,-0.895,2.91264,0.00988,41.503,-0.521
0.162,2.81443,0.01026,50.863,-0.666,2.95851,0.00949,49.328,-0.477,2.72190,0.01055,61.567,-0.876,2.91047,0.01011,41.495,-0.510
0.168,2.81239,0.01050,50.853,-0.652,2.95653,0.00972,49.321,-0.466,2.71984,0.01079,61.554,-0.858,2.90841,0.01035,41.487,-0.499
0.174,2.81044,0.01073,50.844,-0.639,2.95465,0.00995,49.315,-0.455,2.71789,0.01103,61.542,-0.841,2.90645,0.01058,41.480,-0.488
0.180,2.80859,0.01096,50.835,-0.626,2.95286,0.01017,49.310,-0.445,2.71603,0.01127,61.530,-0.825,2.90458,0.01081,41.474,-0.479
0.186,2.80682,0.01119,50.827,-0.614,2.95114,0.01039,49.304,-0.435,2.71425,0.01150,61.519,-0.809,2.90279,0.01104,41.468,-0.469
0.192,2.80513,0.01142,50.819,-0.603,2.94950,0.01061,49.299,-0.425,2.71256,0.01173,61.509,-0.794,2.90109,0.01127,41.462,-0.460
0.198,2.80351,0.01165,50.812,-0.592,2.94793,0.01083,49.295,-0.417,2.71093,0.01196,61.499,-0.780,2.89946,0.01149,41.456,-0.452
0.204,2.80196,0.01187,50.805,-0.582,2.94642,0.01105,49.290,-0.408,2.70938,0.01219,61.489,-0.767,2.89789,0.01171,41.451,-0.444
0.210,2.80047,0.01209,50.798,-0.572,2.94497,0.01126,49.286,-0.400,2.70788,0.01242,61.481,-0.754,2.89639,0.01194,41.446,-0.436
0.216,2.79904,0.01231,50.792,-0.562,2.94357,0.01147,49.282,-0.392,2.70645,0.01264,61.472,-0.742,2.89495,0.01216,41.441,-0.429
0.222,2.79766,0.01253,50.786,-0.553,2.94223,0.01169,49.279,-0.385,2.70507,0.01287,61.464,-0.730,2.89356,0.01237,41.437,-0.421
0.228,2.79634,0.01275,50.781,-0.544,2.94093,0.01190,49.275,-0.378,2.70374,0.01309,61.457,-0.719,2.89222,0.01259,41.432,-0.415
0.234,2.79506,0.01297,50.775,-0.536,2.93969,0.01211,49.272,-0.371,2.70246,0.01331,61.449,-0.708,2.89093,0.01280,41.428,-0.408
0.240,2.79383,0.01318,50.770,-0.528,2.93848,0.01232,49.269,-0.364,2.70123,0.01352,61.442,-0.698,2.88969,0.01302,41.425,-0.402
0.246,2.79264,0.01340,50.765,-0.520,2.93731,0.01253,49.266,-0.358,2.70004,0.01374,61.436,-0.688,2.88849,0.01323,41.421,-0.396
0.252,2.79149,0.01361,50.760,-0.512,2.93618,0.01273,49.263,-0.352,2.69888,0.01396,61.429,-0.678,2.88733,0.01344,41.417,-0.390
0.258,2.79038,0.01382,50.756,-0.505,2.93509,0.01294,49.260,-0.346,2.69777,0.01417,61.423,-0.669,2.88620,0.01365,41.414,-0.384
0.264,2.78930,0.01403,50.752,-0.498,2.93403,0.01314,49.258,-0.340,2.69669,0.01438,61.418,-0.660,2.88511,0.01386,41.411,-0.379
0.270,2.78826,0.01424,50.747,-0.492,2.93300,0.01335,49.255,-0.334,2.69564,0.01460,61.412,-0.652,2.88406,0.01407,41.408,-0.374
0.276,2.78724,0.01444,50.743,-0.485,2.93200,0.01355,49.253,-0.329,2.69463,0.01481,61.407,-0.643,2.88304,0.01428,41.405,-0.368
0.282,2.78626,0.01465,50.740,-0.479,2.93104,0.01375,49.251,-0.324,2.69365,0.01502,61.402,-0.635,2.88205,0.01448,41.402,-0.364
0.288,2.78531,0.01486,50.736,-0.473,2.93009,0.01395,49.249,-0.319,2.69269,0.01522,61.397,-0.627,2.88108,0.01469,41.399,-0.359
0.294,2.78438,0.01506,50.733,-0.467,2.92918,0.01415,49.247,-0.314,2.69177,0.01543,61.392,-0.620,2.88015,0.01489,41.397,-0.354
0.300,2.78348,0.01526,50.729,-0.461,2.92829,0.01435,49.245,-0.310,2.69087,0.01564,61.387,-0.612,2.87924,0.01509,41.394,-0.350
0.306,2.78261,0.01547,50.726,-0.456,2.92742,0.01455,49.243,-0.305,2.68999,0.01584,61.383,-0.605,2.87835,0.01529,41.392,-0.345
0.312,2.78175,0.01567,50.723,-0.450,2.92658,0.01474,49.242,-0.301,2.68914,0.01605,61.379,-0.598,2.87749,0.01549,41.389,-0.341
0.318,2.78092,0.01587,50.720,-0.445,2.92576,0.01494,49.240,-0.296,2.68831,0.01625,61.375,-0.592,2.87665,0.01569,41.387,-0.337
0.324,2.78012,0.01607,50.717,-0.440,2.92495,0.01514,49.238,-0.292,2.68750,0.01645,61.371,-0.585,2.87583,0.01589,41.385,-0.333
0.330,2.77933,0.01627,50.714,-0.435,2.92417,0.01533,49.237,-0.288,2.68671,0.01666,61.367,-0.579,2.87504,0.01609,41.383,-0.329
0.336,2.77856,0.01647,50.711,-0.430,2.92341,0.01553,49.236,-0.284,2.68594,0.01686,61.363,-0.573,2.87426,0.01629,41.381,-0.326
0.342,2.77781,0.01666,50.709,-0.425,2.92266,0.01572,49.234,-0.280,2.68519,0.01706,61.360,-0.567,2.87350,0.01649,41.379,-0.322
0.348,2.77708,0.01686,50.706,-0.421,2.92193,0.01591,49.233,-0.277,2.68446,0.01726,61.356,-0.561,2.87276,0.01668,41.377,-0.318
0.354,2.77636,0.01705,50.704,-0.416,2.92122,0.01611,49.232,-0.273,2.68375,0.01746,61.353,-0.555,2.87204,0.01688,41.376,-0.315
0.360,2.77567,0.01725,50.702,-0.412,2.92053,0.01630,49.230,-0.270,2.68305,0.01765,61.350,-0.550,2.87133,0.01707,41.374,-0.311
0.366,2.77498,0.01744,50.699,-0.408,2.91984,0.01649,49.229,-0.266,2.68237,0.01785,61.347,-0.544,2.87064,0.01727,41.372,-0.308
0.372,2.77432,0.01764,50.697,-0.404,2.91918,0.01668,49.228,-0.263,2.68170,0.01805,61.343,-0.539,2.86996,0.01746,41.371,-0.305
0.378,2.77367,0.01783,50.695,-0.400,2.91853,0.01687,49.227,-0.260,2.68105,0.01824,61.341,-0.534,2.86930,0.01765,41.369,-0.302
0.384,2.77303,0.01802,50.693,-0.396,2.91789,0.01706,49.226,-0.256,2.68042,0.01844,61.338,-0.529,2.86866,0.01784,41.368,-0.299
0.390,2.77240,0.01822,50.691,-0.392,2.91726,0.01725,49.225,-0.253,2.67979,0.01863,61.335,-0.524,2.86803,0.01803,41.366,-0.296
0.396,2.77179,0.01841,50.689,-0.388,2.91665,0.01744,49.224,-0.250,2.67918,0.01882,61.332,-0.519,2.86741,0.01823,41.365,-0.293
0.402,2.77119,0.01860,50.687,-0.385,2.91605,0.01763,49.223,-0.247,2.67858,0.01902,61.330,-0.514,2.86680,0.01842,41.363,-0.290
0.408,2.77061,0.01879,50.685,-0.381,2.91546,0.01781,49.223,-0.244,2.67800,0.01921,61.327,-0.510,2.86621,0.01860,41.362,-0.287
0.414,2.77003,0.01898,50.684,-0.378,2.91489,0.01800,49.222,-0.241,2.67743,0.01940,61.325,-0.505,2.86562,0.01879,41.361,-0.285
0.420,2.76947,0.01916,50.682,-0.374,2.91432,0.01819,49.221,-0.239,2.67686,0.01959,61.323,-0.501,2.86505,0.01898,41.360,-0.282
0.426,2.76892,0.01935,50.680,-0.371,2.91377,0.01837,49.220,-0.236,2.67631,0.01978,61.320,-0.497,2.86449,0.01917,41.358,-0.279
0.432,2.76837,0.01954,50.679,-0.368,2.91322,0.01856,49.220,-0.233,2.67577,0.01997,61.318,-0.493,2.86395,0.01936,41.357,-0.277
0.438,2.76784,0.01973,50.677,-0.365,2.91269,0.01875,49.219,-0.231,2.67524,0.02016,61.316,-0.489,2.86341,0.01954,41.356,-0.274
0.444,2.76732,0.01991,50.676,-0.362,2.91216,0.01893,49.218,-0.228,2.67472,0.02035,61.314,-0.485,2.86288,0.01973,41.355,-0.272
0.450,2.76681,0.02010,50.674,-0.359,2.91165,0.01911,49.218,-0.226,2.67421,0.02054,61.312,-0.481,2.86236,0.01992,41.354,-0.270
0.456,2.76631,0.02029,50.673,-0.356,2.91114,0.01930,49.217,-0.223,2.67371,0.02073,61.310,-0.477,2.86185,0.02010,41.353,-0.267
0.462,2.76581,0.02047,50.672,-0.353,2.91064,0.01948,49.217,-0.221,2.67322,0.02092,61.308,-0.473,2.86135,0.02029,41.352,-0.265
0.468,2.76533,0.02066,50.670,-0.350,2.91015,0.01967,49.216,-0.219,2.67273,0.02110,61.306,-0.469,2.86086,0.02047,41.351,-0.263
0.474,2.76485,0.02084,50.669,-0.347,2.90967,0.01985,49.215,-0.216,2.67226,0.02129,61.304,-0.466,2.86037,0.02066,41.350,-0.261
0.480,2.76438,0.02102,50.668,-0.344,2.90920,0.02003,49.215,-0.214,2.67179,0.02148,61.302,-0.462,2.85990,0.02084,41.349,-0.258
0.486,2.76392,0.02121,50.666,-0.341,2.90873,0.02021,49.215,-0.212,2.67133,0.02166,61.301,-0.459,2.85943,0.02102,41.348,-0.256
0.492,2.76347,0.02139,50.665,-0.339,2.90827,0.02039,49.214,-0.210,2.67088,0.02185,61.299,-0.455,2.85897,0.02121,41.347,-0.254
0.498,2.76302,0.02157,50.664,-0.336,2.90782,0.02058,49.214,-0.208,2.67044,0.02203,61.297,-0.452,2.85852,0.02139,41.347,-0.252
0.504,2.76258,0.02176,50.663,-0.334,2.90738,0.02076,49.213,-0.205,2.67000,0.02221,61.296,-0.449,2.85808,0.02157,41.346,-0.250
0.510,2.76215,0.02194,50.662,-0.331,2.90694,0.02094,49.213,-0.203,2.66957,0.02240,61.294,-0.446,2.85764,0.02175,41.345,-0.248
0.516,2.76173,0.02212,50.661,-0.329,2.90651,0.02112,49.212,-0.201,2.66915,0.02258,61.293,-0.442,2.85721,0.02193,41.344,-0.246
0.522,2.76131,0.02230,50.660,-0.326,2.90609,0.02130,49.212,-0.199,2.66873,0.02276,61.291,-0.439,2.85679,0.02211,41.344,-0.244
0.528,2.76090,0.02248,50.659,-0.324,2.90567,0.02148,49.212,-0.197,2.66832,0.02295,61.290,-0.436,2.85637,0.02229,41.343,-0.243
0.534,2.76050,0.02266,50.658,-0.322,2.90526,0.02166,49.211,-0.196,2.66792,0.02313,61.288,-0.433,2.85596,0.02247,41.342,-0.241
0.540,2.76010,0.02284,50.657,-0.319,2.90486,0.02183,49.211,-0.194,2.66752,0.02331,61.287,-0.430,2.85555,0.02265,41.341,-0.239
0.546,2.75970,0.02302,50.656,-0.317,2.90446,0.02201,49.211,-0.192,2.66713,0.02349,61.285,-0.427,2.85516,0.02283,41.341,-0.237
0.552,2.75932,0.02320,50.655,-0.315,2.90406,0.02219,49.211,-0.190,2.66675,0.02367,61.284,-0.425,2.85476,0.02301,41.340,-0.235
0.558,2.75894,0.02338,50.654,-0.313,2.90368,0.02237,49.210,-0.188,2.66637,0.02385,61.283,-0.422,2.85438,0.02319,41.339,-0.234
0.564,2.75856,0.02356,50.653,-0.310,2.90329,0.02255,49.210,-0.186,2.66599,0.02403,61.282,-0.419,2.85400,0.02337,41.339,-0.232
0.570,2.75819,0.02373,50.652,-0.308,2.90292,0.02272,49.210,-0.185,2.66562,0.02421,61.280,-0.416,2.85362,0.02355,41.338,-0.230
0.576,2.75783,0.02391,50.651,-0.306,2.90255,0.02290,49.210,-0.183,2.66526,0.02439,61.279,-0.414,2.85325,0.02372,41.338,-0.229
0.582,2.75747,0.02409,50.651,-0.304,2.90218,0.02308,49.209,-0.181,2.66490,0.02457,61.278,-0.411,2.85289,0.02390,41.337,-0.227
0.588,2.75711,0.02426,50.650,-0.302,2.90182,0.02326,49.209,-0.180,2.66455,0.02475,61.277,-0.408,2.85253,0.02408,41.337,-0.226
0.594,2.75676,0.02444,50.649,-0.300,2.90146,0.02343,49.209,-0.178,2.66420,0.02493,61.276,-0.406,2.85217,0.02425,41.336,-0.224
0.600,2.75642,0.02462,50.648,-0.298,2.90111,0.02361,49.209,-0.177,2.66386,0.02511,61.275,-0.403,2.85182,0.02443,41.336,-0.222
0.606,2.75608,0.02479,50.648,-0.296,2.90076,0.02378,49.209,-0.175,2.66352,0.02529,61.274,-0.401,2.85148,0.02461,41.335,-0.221
0.612,2.75574,0.02497,50.647,-0.294,2.90042,0.02396,49.208,-0.173,2.66319,0.02546,61.273,-0.398,2.85114,0.02478,41.335,-0.220
0.618,2.75541,0.02514,50.646,-0.293,2.90008,0.02413,49.208,-0.172,2.66286,0.02564,61.272,-0.396,2.85080,0.02496,41.334,-0.218
0.624,2.75508,0.02532,50.646,-0.291,2.89974,0.02431,49.208,-0.170,2.66253,0.02582,61.271,-0.394,2.85047,0.02513,41.334,-0.217
0.630,2.75476,0.02549,50.645,-0.289,2.89941,0.02448,49.208,-0.169,2.66221,0.02599,61.270,-0.391,2.85014,0.02531,41.333,-0.215
0.636,2.75444,0.02567,50.644,-0.287,2.89909,0.02466,49.208,-0.167,2.66190,0.02617,61.269,-0.389,2.84982,0.02548,41.333,-0.214
0.642,2.75413,0.02584,50.644,-0.285,2.89877,0.02483,49.208,-0.166,2.66158,0.02635,61.268,-0.387,2.84950,0.02566,41.332,-0.212
0.648,2.75382,0.02602,50.643,-0.284,2.89845,0.02501,49.208,-0.165,2.66127,0.02652,61.267,-0.385,2.84918,0.02583,41.332,-0.211
0.654,2.75351,0.02619,50.642,-0.282,2.89813,0.02518,49.208,-0.163,2.66097,0.02670,61.266,-0.382,2.84887,0.02600,41.331,-0.210
0.660,2.75321,0.02636,50.642,-0.280,2.89782,0.02535,49.207,-0.162,2.66067,0.02687,61.265,-0.380,2.84856,0.02618,41.331,-0.208
0.666,2.75291,0.02654,50.641,-0.279,2.89752,0.02553,49.207,-0.161,2.66037,0.02705,61.264,-0.378,2.84826,0.02635,41.331,-0.207
0.672,2.75262,0.02671,50.641,-0.277,2.89721,0.02570,49.207,-0.159,2.66008,0.02722,61.263,-0.376,2.84796,0.02652,41.330,-0.206
0.678,2.75232,0.02688,50.640,-0.275,2.89691,0.02587,49.207,-0.158,2.65979,0.02740,61.263,-0.374,2.84766,0.02670,41.330,-0.205
0.684,2.75204,0.02706,50.640,-0.274,2.89662,0.02604,49.207,-0.157,2.65950,0.02757,61.262,-0.372,2.84737,0.02687,41.330,-0.203
0.690,2.75175,0.02723,50.639,-0.272,2.89632,0.02622,49.207,-0.155,2.65922,0.02775,61.261,-0.370,2.84708,0.02704,41.329,-0.202
0.696,2.75147,0.02740,50.639,-0.271,2.89603,0.02639,49.207,-0.154,2.65894,0.02792,61.260,-0.368,2.84680,0.02721,41.329,-0.201
0.702,2.75119,0.02757,50.638,-0.269,2.89575,0.02656,49.207,-0.153,2.65866,0.02809,61.260,-0.366,2.84651,0.02738,41.329,-0.200
0.708,2.75092,0.02774,50.638,-0.268,2.89546,0.02673,49.207,-0.152,2.65839,0.02826,61.259,-0.364,2.84623,0.02756,41.328,-0.199
0.714,2.75064,0.02791,50.637,-0.266,2.89518,0.02690,49.207,-0.150,2.65812,0.02844,61.258,-0.362,2.84596,0.02773,41.328,-0.197
0.720,2.75037,0.02808,50.637,-0.265,2.89491,0.02708,49.207,-0.149,2.65785,0.02861,61.257,-0.360,2.84568,0.02790,41.328,-0.196
0.726,2.75011,0.02826,50.636,-0.263,2.89463,0.02725,49.207,-0.148,2.65758,0.02878,61.257,-0.358,2.84541,0.02807,41.327,-0.195
0.732,2.74985,0.02843,50.636,-0.262,2.89436,0.02742,49.207,-0.147,2.65732,0.02895,61.256,-0.357,2.84515,0.02824,41.327,-0.194
0.738,2.74959,0.02860,50.635,-0.260,2.89409,0.02759,49.207,-0.146,2.65706,0.02913,61.255,-0.355,2.84488,0.02841,41.327,-0.193
0.744,2.74933,0.02877,50.635,-0.259,2.89383,0.02776,49.207,-0.144,2.65681,0.02930,61.255,-0.353,2.84462,0.02858,41.327,-0.192
0.750,2.74907,0.02894,50.635,-0.258,2.89357,0.02793,49.207,-0.143,2.65656,0.02947,61.254,-0.351,2.84436,0.02875,41.326,-0.191
0.756,2.74882,0.02911,50.634,-0.256,2.89331,0.02810,49.207,-0.142,2.65631,0.02964,61.253,-0.349,2.84411,0.02892,41.326,-0.190
0.762,2.74857,0.02927,50.634,-0.255,2.89305,0.02827,49.207,-0.141,2.65606,0.02981,61.253,-0.348,2.84385,0.02909,41.326,-0.189
0.768,2.74833,0.02944,50.633,-0.254,2.89280,0.02844,49.207,-0.140,2.65581,0.02998,61.252,-0.346,2.84360,0.02926,41.325,-0.188
0.774,2.74808,0.02961,50.633,-0.252,2.89254,0.02861,49.207,-0.139,2.65557,0.03015,61.252,-0.344,2.84336,0.02943,41.325,-0.187
0.780,2.74784,0.02978,50.633,-0.251,2.89229,0.02878,49.207,-0.138,2.65533,0.03032,61.251,-0.343,2.84311,0.02960,41.325,-0.186
0.786,2.74760,0.02995,50.632,-0.250,2.89205,0.02895,49.207,-0.137,2.65510,0.03049,61.251,-0.341,2.84287,0.02977,41.325,-0.185
0.792,2.74737,0.03012,50.632,-0.248,2.89180,0.02912,49.207,-0.136,2.65486,0.03066,61.250,-0.339,2.84263,0.02993,41.325,-0.184
0.798,2.74713,0.03029,50.632,-0.247,2.89156,0.02929,49.207,-0.135,2.65463,0.03083,61.249,-0.338,2.84239,0.03010,41.324,-0.183
0.804,2.74690,0.03045,50.631,-0.246,2.89132,0.02946,49.207,-0.134,2.65440,0.03100,61.249,-0.336,2.84216,0.03027,41.324,-0.182
0.810,2.74667,0.03062,50.631,-0.245,2.89108,0.02962,49.207,-0.133,2.65417,0.03117,61.248,-0.335,2.84192,0.03044,41.324,-0.181
0.816,2.74645,0.03079,50.631,-0.244,2.89085,0.02979,49.207,-0.132,2.65395,0.03134,61.248,-0.333,2.84169,0.03061,41.324,-0.180
0.822,2.74622,0.03096,50.630,-0.242,2.89061,0.02996,49.207,-0.131,2.65372,0.03151,61.247,-0.332,2.84146,0.03077,41.324,-0.179
0.828,2.74600,0.03112,50.630,-0.241,2.89038,0.03013,49.207,-0.130,2.65350,0.03168,61.247,-0.330,2.84124,0.03094,41.323,-0.178
0.834,2.74578,0.03129,50.630,-0.240,2.89016,0.03030,49.208,-0.129,2.65328,0.03185,61.247,-0.329,2.84101,0.03111,41.323,-0.177
0.840,2.74556,0.03146,50.629,-0.239,2.88993,0.03046,49.208,-0.128,2.65307,0.03201,61.246,-0.327,2.84079,0.03127,41.323,-0.176
0.846,2.74535,0.03162,50.629,-0.238,2.88971,0.03063,49.208,-0.127,2.65285,0.03218,61.246,-0.326,2.84057,0.03144,41.323,-0.175
0.852,2.74513,0.03179,50.629,-0.237,2.88948,0.03080,49.208,-0.126,2.65264,0.03235,61.245,-0.324,2.84036,0.03161,41.323,-0.174
0.858,2.74492,0.03196,50.629,-0.235,2.88926,0.03097,49.208,-0.125,2.65243,0.03252,61.245,-0.323,2.84014,0.03177,41.323,-0.173
0.864,2.74471,0.03212,50.628,-0.234,2.88904,0.03113,49.208,-0.124,2.65222,0.03268,61.244,-0.321,2.83993,0.03194,41.322,-0.173
0.870,2.74450,0.03229,50.628,-0.233,2.88883,0.03130,49.208,-0.123,2.65202,0.03285,61.244,-0.320,2.83972,0.03211,41.322,-0.172
0.876,2.74430,0.03245,50.628,-0.232,2.88861,0.03147,49.208,-0.123,2.65181,0.03302,61.243,-0.319,2.83951,0.03227,41.322,-0.171
0.882,2.74409,0.03262,50.628,-0.231,2.88840,0.03163,49.208,-0.122,2.65161,0.03319,61.243,-0.317,2.83930,0.03244,41.322,-0.170
0.888,2.74389,0.03278,50.627,-0.230,2.88819,0.03180,49.208,-0.121,2.65141,0.03335,61.243,-0.316,2.83909,0.03260,41.322,-0.169
0.894,2.74369,0.03295,50.627,-0.229,2.88798,0.03197,49.208,-0.120,2.65121,0.03352,61.242,-0.314,2.83889,0.03277,41.322,-0.168
0.900,2.74349,0.03312,50.627,-0.228,2.88778,0.03213,49.208,-0.119,2.65101,0.03368,61.242,-0.313,2.83869,0.03293,41.321,-0.168
0.906,2.74329,0.03328,50.627,-0.227,2.88757,0.03230,49.209,-0.118,2.65082,0.03385,61.242,-0.312,2.83849,0.03310,41.321,-0.167
0.912,2.74310,0.03344,50.626,-0.226,2.88737,0.03247,49.209,-0.117,2.65062,0.03402,61.241,-0.310,2.83829,0.03326,41.321,-0.166
0.918,2.74291,0.03361,50.626,-0.225,2.88717,0.03263,49.209,-0.117,2.65043,0.03418,61.241,-0.309,2.83809,0.03343,41.321,-0.165
0.924,2.74271,0.03377,50.626,-0.224,2.88697,0.03280,49.209,-0.116,2.65024,0.03435,61.240,-0.308,2.83790,0.03359,41.321,-0.164
0.930,2.74252,0.03394,50.626,-0.223,2.88677,0.03296,49.209,-0.115,2.65005,0.03451,61.240,-0.307,2.83770,0.03376,41.321,-0.164
0.936,2.74234,0.03410,50.626,-0.222,2.88657,0.03313,49.209,-0.114,2.64986,0.03468,61.240,-0.305,2.83751,0.03392,41.321,-0.163
0.942,2.74215,0.03427,50.625,-0.221,2.88638,0.03329,49.209,-0.113,2.64968,0.03484,61.239,-0.304,2.83732,0.03409,41.321,-0.162
0.948,2.74196,0.03443,50.625,-0.220,2.88618,0.03346,49.209,-0.113,2.64950,0.03501,61.239,-0.303,2.83714,0.03425,41.321,-0.161
0.954,2.74178,0.03459,50.625,-0.219,2.88599,0.03362,49.209,-0.112,2.64931,0.03517,61.239,-0.302,2.83695,0.03442,41.320,-0.161
0.960,2.74160,0.03476,50.625,-0.218,2.88580,0.03379,49.210,-0.111,2.64913,0.03534,61.239,-0.301,2.83676,0.03458,41.320,-0.160
0.966,2.74142,0.03492,50.625,-0.217,2.88561,0.03395,49.210,-0.110,2.64895,0.03550,61.238,-0.299,2.83658,0.03474,41.320,-0.159
0.972,2.74124,0.03508,50.625,-0.216,2.88542,0.03412,49.210,-0.110,2.64878,0.03567,61.238,-0.298,2.83640,0.03491,41.320,-0.158
0.978,2.74106,0.03525,50.624,-0.215,2.88524,0.03428,49.210,-0.109,2.64860,0.03583,61.238,-0.297,2.83622,0.03507,41.320,-0.158
0.984,2.74089,0.03541,50.624,-0.215,2.88505,0.03445,49.210,-0.108,2.64843,0.03600,61.237,-0.296,2.83604,0.03523,41.320,-0.157
0.990,2.74071,0.03557,50.624,-0.214,2.88487,0.03461,49.210,-0.107,2.64825,0.03616,61.237,-0.295,2.83586,0.03540,41.320,-0.156
0.996,2.74054,0.03573,50.624,-0.213,2.88469,0.03478,49.210,-0.107,2.64808,0.03632,61.237,-0.294,2.83569,0.03556,41.320,-0.156
1.002,2.74037,0.03590,50.624,-0.212,2.88451,0.03494,49.210,-0.106,2.64791,0.03649,61.237,-0.292,2.83551,0.03572,41.320,-0.155
1.008,2.74020,0.03606,50.624,-0.211,2.88433,0.03510,49.211,-0.105,2.64774,0.03665,61.236,-0.291,2.83534,0.03588,41.320,-0.154
1.014,2.74003,0.03622,50.623,-0.210,2.88416,0.03527,49.211,-0.104,2.64757,0.03681,61.236,-0.290,2.83517,0.03605,41.320,-0.154
1.020,2.73986,0.03638,50.623,-0.209,2.88398,0.03543,49.211,-0.104,2.64741,0.03698,61.236,-0.289,2.83500,0.03621,41.320,-0.153
1.026,2.73969,0.03654,50.623,-0.208,2.88381,0.03560,49.211,-0.103,2.64724,0.03714,61.236,-0.288,2.83483,0.03637,41.319,-0.152
1.032,2.73953,0.03671,50.623,-0.208,2.88363,0.03576,49.211,-0.102,2.64708,0.03730,61.235,-0.287,2.83466,0.03653,41.319,-0.152
1.038,2.73936,0.03687,50.623,-0.207,2.88346,0.03592,49.211,-0.102,2.64692,0.03747,61.235,-0.286,2.83449,0.03669,41.319,-0.151
1.044,2.73920,0.03703,50.623,-0.206,2.88329,0.03609,49.211,-0.101,2.64675,0.03763,61.235,-0.285,2.83433,0.03686,41.319,-0.150
1.050,2.73904,0.03719,50.623,-0.205,2.88312,0.03625,49.212,-0.100,2.64659,0.03779,61.235,-0.284,2.83416,0.03702,41.319,-0.150
1.056,2.73888,0.03735,50.623,-0.204,2.88295,0.03641,49.212,-0.100,2.64644,0.03795,61.234,-0.283,2.83400,0.03718,41.319,-0.149
1.062,2.73872,0.03751,50.622,-0.203,2.88279,0.03658,49.212,-0.099,2.64628,0.03812,61.234,-0.282,2.83384,0.03734,41.319,-0.148
1.068,2.73856,0.03767,50.622,-0.203,2.88262,0.03674,49.212,-0.098,2.64612,0.03828,61.234,-0.281,2.83368,0.03750,41.319,-0.148
1.074,2.73841,0.03783,50.622,-0.202,2.88246,0.03690,49.212,-0.098,2.64597,0.03844,61.234,-0.280,2.83352,0.03766,41.319,-0.147
1.080,2.73825,0.03799,50.622,-0.201,2.88229,0.03706,49.212,-0.097,2.64581,0.03860,61.233,-0.279,2.83336,0.03782,41.319,-0.147
1.086,2.73810,0.03816,50.622,-0.200,2.88213,0.03723,49.212,-0.097,2.64566,0.03876,61.233,-0.278,2.83320,0.03799,41.319,-0.146
1.092,2.73794,0.03832,50.622,-0.200,2.88197,0.03739,49.213,-0.096,2.64551,0.03893,61.233,-0.277,2.83305,0.03815,41.319,-0.145
1.098,2.73779,0.03848,50.622,-0.199,2.88181,0.03755,49.213,-0.095,2.64536,0.03909,61.233,-0.276,2.83290,0.03831,41.319,-0.145
1.104,2.73764,0.03864,50.622,-0.198,2.88165,0.03771,49.213,-0.095,2.64521,0.03925,61.233,-0.275,2.83274,0.03847,41.319,-0.144
1.110,2.73749,0.03880,50.622,-0.197,2.88149,0.03788,49.213,-0.094,2.64506,0.03941,61.233,-0.274,2.83259,0.03863,41.319,-0.144
1.116,2.73734,0.03896,50.622,-0.197,2.88134,0.03804,49.213,-0.093,2.64491,0.03957,61.232,-0.273,2.83244,0.03879,41.319,-0.143
1.122,2.73720,0.03912,50.622,-0.196,2.88118,0.03820,49.213,-0.093,2.64477,0.03973,61.232,-0.272,2.83229,0.03895,41.319,-0.142
1.128,2.73705,0.03928,50.621,-0.195,2.88103,0.03836,49.214,-0.092,2.64462,0.03989,61.232,-0.271,2.83214,0.03911,41.319,-0.142
1.134,2.73691,0.03944,50.621,-0.194,2.88088,0.03852,49.214,-0.092,2.64448,0.04005,61.232,-0.270,2.83199,0.03927,41.319,-0.141
1.140,2.73676,0.03959,50.621,-0.194,2.88072,0.03868,49.214,-0.091,2.64433,0.04021,61.232,-0.269,2.83185,0.03943,41.319,-0.141
1.146,2.73662,0.03975,50.621,-0.193,2.88057,0.03885,49.214,-0.090,2.64419,0.04037,61.232,-0.268,2.83170,0.03959,41.319,-0.140
1.152,2.73648,0.03991,50.621,-0.192,2.88042,0.03901,49.214,-0.090,2.64405,0.04053,61.231,-0.267,2.83156,0.03975,41.319,-0.140
1.158,2.73633,0.04007,50.621,-0.192,2.88027,0.03917,49.214,-0.089,2.64391,0.04070,61.231,-0.266,2.83141,0.03991,41.319,-0.139
1.164,2.73619,0.04023,50.621,-0.191,2.88013,0.03933,49.215,-0.089,2.64377,0.04086,61.231,-0.265,2.83127,0.04007,41.319,-0.139
1.170,2.73606,0.04039,50.621,-0.190,2.87998,0.03949,49.215,-0.088,2.64363,0.04102,61.231,-0.265,2.83113,0.04023,41.319,-0.138
1.176,2.73592,0.04055,50.621,-0.189,2.87983,0.03965,49.215,-0.088,2.64350,0.04118,61.231,-0.264,2.83099,0.04039,41.319,-0.137
1.182,2.73578,0.04071,50.621,-0.189,2.87969,0.03981,49.215,-0.087,2.64336,0.04133,61.231,-0.263,2.83085,0.04054,41.319,-0.137
1.188,2.73564,0.04087,50.621,-0.188,2.87954,0.03997,49.215,-0.087,2.64323,0.04149,61.230,-0.262,2.83071,0.04070,41.319,-0.136
1.194,2.73551,0.04103,50.621,-0.187,2.87940,0.04013,49.215,-0.086,2.64309,0.04165,61.230,-0.261,2.83057,0.04086,41.319,-0.136
1.200,2.73537,0.04118,50.621,-0.187,2.87926,0.04029,49.216,-0.085,2.64296,0.04181,61.230,-0.260,2.83043,0.04102,41.319,-0.135
1.206,2.73524,0.04134,50.621,-0.186,2.87912,0.04046,49.216,-0.085,2.64282,0.04197,61.230,-0.259,2.83030,0.04118,41.319,-0.135
1.212,2.73511,0.04150,50.621,-0.185,2.87898,0.04062,49.216,-0.084,2.64269,0.04213,61.230,-0.259,2.83016,0.04134,41.319,-0.134
1.218,2.73497,0.04166,50.621,-0.185,2.87884,0.04078,49.216,-0.084,2.64256,0.04229,61.230,-0.258,2.83003,0.04150,41.319,-0.134
1.224,2.73484,0.04182,50.620,-0.184,2.87870,0.04094,49.216,-0.083,2.64243,0.04245,61.230,-0.257,2.82990,0.04166,41.319,-0.133
1.230,2.73471,0.04197,50.620,-0.184,2.87856,0.04110,49.216,-0.083,2.64230,0.04261,61.230,-0.256,2.82976,0.04181,41.319,-0.133
1.236,2.73458,0.04213,50.620,-0.183,2.87842,0.04126,49.217,-0.082,2.64217,0.04277,61.229,-0.255,2.82963,0.04197,41.319,-0.132
1.242,2.73446,0.04229,50.620,-0.182,2.87829,0.04142,49.217,-0.082,2.64205,0.04293,61.229,-0.254,2.82950,0.04213,41.319,-0.132
1.248,2.73433,0.04245,50.620,-0.182,2.87815,0.04158,49.217,-0.081,2.64192,0.04308,61.229,-0.254,2.82937,0.04229,41.319,-0.131
1.254,2.73420,0.04260,50.620,-0.181,2.87802,0.04174,49.217,-0.081,2.64179,0.04324,61.229,-0.253,2.82924,0.04245,41.319,-0.131
1.260,2.73407,0.04276,50.620,-0.180,2.87788,0.04190,49.217,-0.080,2.64167,0.04340,61.229,-0.252,2.82912,0.04260,41.319,-0.130
1.266,2.73395,0.04292,50.620,-0.180,2.87775,0.04206,49.217,-0.080,2.64155,0.04356,61.229,-0.251,2.82899,0.04276,41.319,-0.130
1.272,2.73383,0.04308,50.620,-0.179,2.87762,0.04222,49.218,-0.079,2.64142,0.04372,61.229,-0.251,2.82886,0.04292,41.319,-0.129
1.278,2.73370,0.04323,50.620,-0.179,2.87749,0.04237,49.218,-0.079,2.64130,0.04388,61.229,-0.250,2.82874,0.04308,41.319,-0.129
1.284,2.73358,0.04339,50.620,-0.178,2.87736,0.04253,49.218,-0.078,2.64118,0.04403,61.229,-0.249,2.82861,0.04323,41.319,-0.128
1.290,2.73346,0.04355,50.620,-0.177,2.87723,0.04269,49.218,-0.078,2.64106,0.04419,61.229,-0.248,2.82849,0.04339,41.319,-0.128
1.296,2.73334,0.04370,50.620,-0.177,2.87710,0.04285,49.218,-0.077,2.64094,0.04435,61.228,-0.247,2.82836,0.04355,41.319,-0.128
1.302,2.73321,0.04386,50.620,-0.176,2.87697,0.04301,49.219,-0.077,2.64082,0.04451,61.228,-0.247,2.82824,0.04371,41.319,-0.127
1.308,2.73310,0.04402,50.620,-0.176,2.87684,0.04317,49.219,-0.076,2.64070,0.04466,61.228,-0.246,2.82812,0.04386,41.319,-0.127
1.314,2.73298,0.04417,50.620,-0.175,2.87672,0.04333,49.219,-0.076,2.64058,0.04482,61.228,-0.245,2.82800,0.04402,41.319,-0.126
1.320,2.73286,0.04433,50.620,-0.175,2.87659,0.04349,49.219,-0.075,2.64046,0.04498,61.228,-0.244,2.82788,0.04418,41.319,-0.126
1.326,2.73274,0.04449,50.620,-0.174,2.87647,0.04365,49.219,-0.075,2.64035,0.04514,61.228,-0.244,2.82776,0.04433,41.319,-0.125
1.332,2.73262,0.04464,50.620,-0.173,2.87634,0.04381,49.219,-0.074,2.64023,0.04529,61.228,-0.243,2.82764,0.04449,41.319,-0.125
1.338,2.73251,0.04480,50.620,-0.173,2.87622,0.04397,49.220,-0.074,2.64011,0.04545,61.228,-0.242,2.82752,0.04465,41.319,-0.124
1.344,2.73239,0.04495,50.620,-0.172,2.87610,0.04412,49.220,-0.074,2.64000,0.04561,61.228,-0.242,2.82740,0.04480,41.319,-0.124
1.350,2.73228,0.04511,50.620,-0.172,2.87598,0.04428,49.220,-0.073,2.63989,0.04576,61.228,-0.241,2.82729,0.04496,41.319,-0.124
1.356,2.73216,0.04527,50.620,-0.171,2.87585,0.04444,49.220,-0.073,2.63977,0.04592,61.228,-0.240,2.82717,0.04512,41.319,-0.123
1.362,2.73205,0.04542,50.620,-0.171,2.87573,0.04460,49.220,-0.072,2.63966,0.04608,61.228,-0.239,2.82706,0.04527,41.319,-0.123
1.368,2.73194,0.04558,50.620,-0.170,2.87561,0.04476,49.221,-0.072,2.63955,0.04623,61.228,-0.239,2.82694,0.04543,41.319,-0.122
1.374,2.73182,0.04573,50.620,-0.170,2.87549,0.04492,49.221,-0.071,2.63944,0.04639,61.228,-0.238,2.82683,0.04558,41.319,-0.122
1.380,2.73171,0.04589,50.620,-0.169,2.87538,0.04507,49.221,-0.071,2.63933,0.04655,61.227,-0.237,2.82672,0.04574,41.319,-0.121
1.386,2.73160,0.04604,50.620,-0.168,2.87526,0.04523,49.221,-0.070,2.63922,0.04670,61.227,-0.237,2.82660,0.04590,41.319,-0.121
1.392,2.73149,0.04620,50.620,-0.168,2.87514,0.04539,49.221,-0.070,2.63911,0.04686,61.227,-0.236,2.82649,0.04605,41.319,-0.121
1.398,2.73138,0.04635,50.620,-0.167,2.87502,0.04555,49.221,-0.070,2.63900,0.04702,61.227,-0.235,2.82638,0.04621,41.319,-0.120
1.404,2.73127,0.04651,50.620,-0.167,2.87491,0.04571,49.222,-0.069,2.63889,0.04717,61.227,-0.235,2.82627,0.04636,41.319,-0.120
1.410,2.73117,0.04666,50.620,-0.166,2.87479,0.04586,49.222,-0.069,2.63878,0.04733,61.227,-0.234,2.82616,0.04652,41.319,-0.119
1.416,2.73106,0.04682,50.620,-0.166,2.87468,0.04602,49.222,-0.068,2.63868,0.04748,61.227,-0.233,2.82605,0.04667,41.319,-0.119
1.422,2.73095,0.04697,50.620,-0.165,2.87456,0.04618,49.222,-0.068,2.63857,0.04764,61.227,-0.233,2.82594,0.04683,41.319,-0.119
1.428,2.73084,0.04713,50.620,-0.165,2.87445,0.04634,49.222,-0.067,2.63847,0.04780,61.227,-0.232,2.82583,0.04699,41.319,-0.118
1.434,2.73074,0.04728,50.620,-0.164,2.87434,0.04649,49.223,-0.067,2.63836,0.04795,61.227,-0.231,2.82573,0.04714,41.319,-0.118
1.440,2.73063,0.04744,50.620,-0.164,2.87423,0.04665,49.223,-0.067,2.63826,0.04811,61.227,-0.231,2.82562,0.04730,41.319,-0.117
1.446,2.73053,0.04759,50.620,-0.163,2.87411,0.04681,49.223,-0.066,2.63815,0.04826,61.227,-0.230,2.82551,0.04745,41.319,-0.117
1.452,2.73043,0.04775,50.620,-0.163,2.87400,0.04697,49.223,-0.066,2.63805,0.04842,61.227,-0.230,2.82541,0.04761,41.319,-0.117
1.458,2.73032,0.04790,50.620,-0.162,2.87389,0.04712,49.223,-0.065,2.63795,0.04857,61.227,-0.229,2.82530,0.04776,41.319,-0.116
1.464,2.73022,0.04805,50.620,-0.162,2.87378,0.04728,49.223,-0.065,2.63784,0.04873,61.227,-0.228,2.82520,0.04792,41.319,-0.116
1.470,2.73012,0.04821,50.620,-0.161,2.87367,0.04744,49.224,-0.065,2.63774,0.04888,61.227,-0.228,2.82509,0.04807,41.319,-0.115
1.476,2.73001,0.04836,50.620,-0.161,2.87357,0.04759,49.224,-0.064,2.63764,0.04904,61.227,-0.227,2.82499,0.04823,41.319,-0.115
1.482,2.72991,0.04852,50.620,-0.160,2.87346,0.04775,49.224,-0.064,2.63754,0.04919,61.227,-0.226,2.82489,0.04838,41.319,-0.115
1.488,2.72981,0.04867,50.620,-0.160,2.87335,0.04791,49.224,-0.063,2.63744,0.04935,61.227,-0.226,2.82479,0.04853,41.320,-0.114
1.494,2.72971,0.04882,50.620,-0.159,2.87324,0.04807,49.224,-0.063,2.63734,0.04950,61.227,-0.225,2.82468,0.04869,41.320,-0.114
1.500,2.72961,0.04898,50.620,-0.159,2.87314,0.04822,49.225,-0.063,2.63724,0.04966,61.227,-0.225,2.82458,0.04884,41.320,-0.114
1.506,2.72951,0.04913,50.620,-0.159,2.87303,0.04838,49.225,-0.062,2.63715,0.04981,61.227,-0.224,2.82448,0.04900,41.320,-0.113
1.512,2.72942,0.04929,50.620,-0.158,2.87293,0.04854,49.225,-0.062,2.63705,0.04997,61.227,-0.223,2.82438,0.04915,41.320,-0.113
1.518,2.72932,0.04944,50.620,-0.158,2.87282,0.04869,49.225,-0.062,2.63695,0.05012,61.227,-0.223,2.82428,0.04931,41.320,-0.113
1.524,2.72922,0.04959,50.620,-0.157,2.87272,0.04885,49.225,-0.061,2.63685,0.05027,61.227,-0.222,2.82418,0.04946,41.320,-0.112
1.530,2.72912,0.04975,50.620,-0.157,2.87261,0.04900,49.226,-0.061,2.63676,0.05043,61.227,-0.222,2.82409,0.04961,41.320,-0.112
1.536,2.72903,0.04990,50.620,-0.156,2.87251,0.04916,49.226,-0.060,2.63666,0.05058,61.227,-0.221,2.82399,0.04977,41.320,-0.111
1.542,2.72893,0.05005,50.620,-0.156,2.87241,0.04932,49.226,-0.060,2.63657,0.05074,61.226,-0.220,2.82389,0.04992,41.320,-0.111
1.548,2.72884,0.05021,50.620,-0.155,2.87230,0.04947,49.226,-0.060,2.63647,0.05089,61.226,-0.220,2.82379,0.05008,41.320,-0.111
1.554,2.72874,0.05036,50.620,-0.155,2.87220,0.04963,49.226,-0.059,2.63638,0.05105,61.226,-0.219,2.82370,0.05023,41.320,-0.110
1.560,2.72865,0.05051,50.620,-0.154,2.87210,0.04979,49.226,-0.059,2.63628,0.05120,61.226,-0.219,2.82360,0.05038,41.320,-0.110
1.566,2.72855,0.05067,50.620,-0.154,2.87200,0.04994,49.227,-0.059,2.63619,0.05135,61.226,-0.218,2.82351,0.05054,41.320,-0.110
1.572,2.72846,0.05082,50.620,-0.154,2.87190,0.05010,49.227,-0.058,2.63610,0.05151,61.226,-0.218,2.82341,0.05069,41.320,-0.109
1.578,2.72837,0.05097,50.620,-0.153,2.87180,0.05025,49.227,-0.058,2.63601,0.05166,61.226,-0.217,2.82332,0.05084,41.320,-0.109
1.584,2.72827,0.05112,50.621,-0.153,2.87170,0.05041,49.227,-0.058,2.63592,0.05181,61.226,-0.216,2.82322,0.05100,41.320,-0.109
1.590,2.72818,0.05128,50.621,-0.152,2.87160,0.05057,49.227,-0.057,2.63582,0.05197,61.226,-0.216,2.82313,0.05115,41.320,-0.108
1.596,2.72809,0.05143,50.621,-0.152,2.87151,0.05072,49.228,-0.057,2.63573,0.05212,61.226,-0.215,2.82304,0.05130,41.320,-0.108
1.602,2.72800,0.05158,50.621,-0.151,2.87141,0.05088,49.228,-0.056,2.63564,0.05227,61.226,-0.215,2.82295,0.05146,41.320,-0.108
1.608,2.72791,0.05173,50.621,-0.151,2.87131,0.05103,49.228,-0.056,2.63555,0.05243,61.226,-0.214,2.82285,0.05161,41.320,-0.107
1.614,2.72782,0.05189,50.621,-0.151,2.87121,0.05119,49.228,-0.056,2.63546,0.05258,61.226,-0.214,2.82276,0.05176,41.321,-0.107
1.620,2.72773,0.05204,50.621,-0.150,2.87112,0.05134,49.228,-0.055,2.63537,0.05273,61.226,-0.213,2.82267,0.05192,41.321,-0.107
1.626,2.72764,0.05219,50.621,-0.150,2.87102,0.05150,49.229,-0.055,2.63529,0.05289,61.226,-0.213,2.82258,0.05207,41.321,-0.106
1.632,2.72755,0.05234,50.621,-0.149,2.87093,0.05165,49.229,-0.055,2.63520,0.05304,61.226,-0.212,2.82249,0.05222,41.321,-0.106
1.638,2.72746,0.05250,50.621,-0.149,2.87083,0.05181,49.229,-0.054,2.63511,0.05319,61.226,-0.212,2.82240,0.05237,41.321,-0.106
1.644,2.72738,0.05265,50.621,-0.149,2.87074,0.05196,49.229,-0.054,2.63502,0.05335,61.226,-0.211,2.82231,0.05253,41.321,-0.105
1.650,2.72729,0.05280,50.621,-0.148,2.87064,0.05212,49.229,-0.054,2.63494,0.05350,61.226,-0.211,2.82222,0.05268,41.321,-0.105
1.656,2.72720,0.05295,50.621,-0.148,2.87055,0.05228,49.229,-0.053,2.63485,0.05365,61.226,-0.210,2.82214,0.05283,41.321,-0.105
1.662,2.72712,0.05310,50.621,-0.147,2.87046,0.05243,49.230,-0.053,2.63476,0.05380,61.226,-0.210,2.82205,0.05298,41.321,-0.104
1.668,2.72703,0.05325,50.621,-0.147,2.87037,0.05259,49.230,-0.053,2.63468,0.05396,61.226,-0.209,2.82196,0.05314,41.321,-0.104
1.674,2.72694,0.05341,50.621,-0.146,2.87027,0.05274,49.230,-0.052,2.63459,0.05411,61.226,-0.209,2.82187,0.05329,41.321,-0.104
1.680,2.72686,0.05356,50.621,-0.146,2.87018,0.05289,49.230,-0.052,2.63451,0.05426,61.226,-0.208,2.82179,0.05344,41.321,-0.104
1.686,2.72677,0.05371,50.621,-0.146,2.87009,0.05305,49.230,-0.052,2.63442,0.05441,61.226,-0.208,2.82170,0.05359,41.321,-0.103
1.692,2.72669,0.05386,50.621,-0.145,2.87000,0.05320,49.231,-0.052,2.63434,0.05457,61.226,-0.207,2.82162,0.05375,41.321,-0.103
1.698,2.72660,0.05401,50.621,-0.145,2.86991,0.05336,49.231,-0.051,2.63426,0.05472,61.226,-0.207,2.82153,0.05390,41.321,-0.103
1.704,2.72652,0.05416,50.621,-0.145,2.86982,0.05351,49.231,-0.051,2.63417,0.05487,61.226,-0.206,2.82145,0.05405,41.321,-0.102
1.710,2.72644,0.05432,50.621,-0.144,2.86973,0.05367,49.231,-0.051,2.63409,0.05502,61.227,-0.206,2.82136,0.05420,41.321,-0.102
1.716,2.72635,0.05447,50.621,-0.144,2.86964,0.05382,49.231,-0.050,2.63401,0.05517,61.227,-0.205,2.82128,0.05435,41.322,-0.102
1.722,2.72627,0.05462,50.621,-0.143,2.86955,0.05398,49.232,-0.050,2.63393,0.05533,61.227,-0.205,2.82119,0.05451,41.322,-0.101
1.728,2.72619,0.05477,50.621,-0.143,2.86946,0.05413,49.232,-0.050,2.63384,0.05548,61.227,-0.204,2.82111,0.05466,41.322,-0.101
1.734,2.72611,0.05492,50.622,-0.143,2.86938,0.05429,49.232,-0.049,2.63376,0.05563,61.227,-0.204,2.82103,0.05481,41.322,-0.101
1.740,2.72603,0.05507,50.622,-0.142,2.86929,0.05444,49.232,-0.049,2.63368,0.05578,61.227,-0.203,2.82094,0.05496,41.322,-0.101
1.746,2.72595,0.05522,50.622,-0.142,2.86920,0.05460,49.232,-0.049,2.63360,0.05593,61.227,-0.203,2.82086,0.05511,41.322,-0.100
1.752,2.72587,0.05537,50.622,-0.142,2.86911,0.05475,49.232,-0.048,2.63352,0.05608,61.227,-0.202,2.82078,0.05526,41.322,-0.100
1.758,2.72579,0.05552,50.622,-0.141,2.86903,0.05490,49.233,-0.048,2.63344,0.05624,61.227,-0.202,2.82070,0.05541,41.322,-0.100
1.764,2.72571,0.05567,50.622,-0.141,2.86894,0.05506,49.233,-0.048,2.63336,0.05639,61.227,-0.201,2.82062,0.05557,41.322,-0.099
1.770,2.72563,0.05582,50.622,-0.140,2.86886,0.05521,49.233,-0.047,2.63328,0.05654,61.227,-0.201,2.82054,0.05572,41.322,-0.099
1.776,2.72555,0.05598,50.622,-0.140,2.86877,0.05537,49.233,-0.047,2.63321,0.05669,61.227,-0.200,2.82046,0.05587,41.322,-0.099
1.782,2.72547,0.05613,50.622,-0.140,2.86869,0.05552,49.233,-0.047,2.63313,0.05684,61.227,-0.200,2.82038,0.05602,41.322,-0.099
1.788,2.72539,0.05628,50.622,-0.139,2.86860,0.05567,49.234,-0.047,2.63305,0.05699,61.227,-0.199,2.82030,0.05617,41.322,-0.098
1.794,2.72531,0.05643,50.622,-0.139,2.86852,0.05583,49.234,-0.046,2.63297,0.05714,61.227,-0.199,2.82022,0.05632,41.322,-0.098
1.800,2.72523,0.05658,50.622,-0.139,2.86843,0.05598,49.234,-0.046,2.63290,0.05729,61.227,-0.198,2.82014,0.05647,41.322,-0.098
1.806,2.72516,0.05673,50.622,-0.138,2.86835,0.05614,49.234,-0.046,2.63282,0.05745,61.227,-0.198,2.82006,0.05662,41.322,-0.097
1.812,2.72508,0.05688,50.622,-0.138,2.86827,0.05629,49.234,-0.045,2.63274,0.05760,61.227,-0.198,2.81999,0.05678,41.323,-0.097
1.818,2.72500,0.05703,50.622,-0.138,2.86818,0.05644,49.235,-0.045,2.63267,0.05775,61.227,-0.197,2.81991,0.05693,41.323,-0.097
1.824,2.72493,0.05718,50.622,-0.137,2.86810,0.05660,49.235,-0.045,2.63259,0.05790,61.227,-0.197,2.81983,0.05708,41.323,-0.097
1.830,2.72485,0.05733,50.622,-0.137,2.86802,0.05675,49.235,-0.045,2.63251,0.05805,61.227,-0.196,2.81975,0.05723,41.323,-0.096
1.836,2.72478,0.05748,50.622,-0.137,2.86794,0.05690,49.235,-0.044,2.63244,0.05820,61.227,-0.196,2.81968,0.05738,41.323,-0.096
1.842,2.72470,0.05763,50.622,-0.136,2.86786,0.05706,49.235,-0.044,2.63236,0.05835,61.227,-0.195,2.81960,0.05753,41.323,-0.096
1.848,2.72463,0.05778,50.623,-0.136,2.86778,0.05721,49.235,-0.044,2.63229,0.05850,61.227,-0.195,2.81953,0.05768,41.323,-0.096
1.854,2.72455,0.05793,50.623,-0.135,2.86770,0.05736,49.236,-0.043,2.63222,0.05865,61.227,-0.194,2.81945,0.05783,41.323,-0.095
1.860,2.72448,0.05808,50.623,-0.135,2.86762,0.05752,49.236,-0.043,2.63214,0.05880,61.227,-0.194,2.81937,0.05798,41.323,-0.095
1.866,2.72440,0.05823,50.623,-0.135,2.86754,0.05767,49.236,-0.043,2.63207,0.05895,61.227,-0.194,2.81930,0.05813,41.323,-0.095
1.872,2.72433,0.05838,50.623,-0.134,2.86746,0.05782,49.236,-0.043,2.63200,0.05910,61.227,-0.193,2.81923,0.05828,41.323,-0.094
1.878,2.72426,0.05853,50.623,-0.134,2.86738,0.05798,49.236,-0.042,2.63192,0.05925,61.227,-0.193,2.81915,0.05843,41.323,-0.094
1.884,2.72418,0.05868,50.623,-0.134,2.86730,0.05813,49.237,-0.042,2.63185,0.05940,61.227,-0.192,2.81908,0.05858,41.323,-0.094
1.890,2.72411,0.05883,50.623,-0.133,2.86722,0.05828,49.237,-0.042,2.63178,0.05955,61.227,-0.192,2.81900,0.05873,41.323,-0.094
1.896,2.72404,0.05898,50.623,-0.133,2.86714,0.05844,49.237,-0.042,2.63171,0.05970,61.227,-0.191,2.81893,0.05888,41.323,-0.093
1.902,2.72397,0.05912,50.623,-0.133,2.86706,0.05859,49.237,-0.041,2.63163,0.05985,61.227,-0.191,2.81886,0.05903,41.324,-0.093
1.908,2.72390,0.05927,50.623,-0.133,2.86699,0.05874,49.237,-0.041,2.63156,0.06000,61.227,-0.191,2.81879,0.05918,41.324,-0.093
1.914,2.72382,0.05942,50.623,-0.132,2.86691,0.05889,49.237,-0.041,2.63149,0.06015,61.227,-0.190,2.81871,0.05933,41.324,-0.093
1.920,2.72375,0.05957,50.623,-0.132,2.86683,0.05905,49.238,-0.040,2.63142,0.06030,61.227,-0.190,2.81864,0.05948,41.324,-0.092
1.926,2.72368,0.05972,50.623,-0.132,2.86676,0.05920,49.238,-0.040,2.63135,0.06045,61.228,-0.189,2.81857,0.05963,41.324,-0.092
1.932,2.72361,0.05987,50.623,-0.131,2.86668,0.05935,49.238,-0.040,2.63128,0.06060,61.228,-0.189,2.81850,0.05978,41.324,-0.092
1.938,2.72354,0.06002,50.623,-0.131,2.86660,0.05951,49.238,-0.040,2.63121,0.06075,61.228,-0.189,2.81843,0.05993,41.324,-0.092
1.944,2.72347,0.06017,50.624,-0.131,2.86653,0.05966,49.238,-0.039,2.63114,0.06090,61.228,-0.188,2.81836,0.06008,41.324,-0.091
1.950,2.72340,0.06032,50.624,-0.130,2.86645,0.05981,49.239,-0.039,2.63107,0.06105,61.228,-0.188,2.81829,0.06023,41.324,-0.091
1.956,2.72333,0.06047,50.624,-0.130,2.86638,0.05996,49.239,-0.039,2.63100,0.06120,61.228,-0.187,2.81822,0.06038,41.324,-0.091
1.962,2.72326,0.06062,50.624,-0.130,2.86630,0.06012,49.239,-0.039,2.63094,0.06135,61.228,-0.187,2.81815,0.06053,41.324,-0.091
1.968,2.72320,0.06076,50.624,-0.129,2.86623,0.06027,49.239,-0.038,2.63087,0.06150,61.228,-0.187,2.81808,0.06068,41.324,-0.090
1.974,2.72313,0.06091,50.624,-0.129,2.86615,0.06042,49.239,-0.038,2.63080,0.06165,61.228,-0.186,2.81801,0.06083,41.324,-0.090
1.980,2.72306,0.06106,50.624,-0.129,2.86608,0.06057,49.239,-0.038,2.63073,0.06180,61.228,-0.186,2.81794,0.06098,41.324,-0.090
1.986,2.72299,0.06121,50.624,-0.128,2.86601,0.06073,49.240,-0.038,2.63066,0.06195,61.228,-0.185,2.81787,0.06113,41.325,-0.090
1.992,2.72292,0.06136,50.624,-0.128,2.86593,0.06088,49.240,-0.037,2.63060,0.06210,61.228,-0.185,2.81780,0.06128,41.325,-0.089
1.998,2.72286,0.06151,50.624,-0.128,2.86586,0.06103,49.240,-0.037,2.63053,0.06225,61.228,-0.185,2.81773,0.06143,41.325,-0.089
2.004,2.72279,0.06166,50.624,-0.127,2.86579,0.06118,49.240,-0.037,2.63046,0.06240,61.228,-0.184,2.81767,0.06158,41.325,-0.089
2.010,2.72272,0.06180,50.624,-0.127,2.86572,0.06133,49.240,-0.037,2.63040,0.06254,61.228,-0.184,2.81760,0.06172,41.325,-0.089
2.016,2.72266,0.06195,50.624,-0.127,2.86564,0.06149,49.241,-0.036,2.63033,0.06269,61.228,-0.183,2.81753,0.06187,41.325,-0.089
2.022,2.72259,0.06210,50.624,-0.127,2.86557,0.06164,49.241,-0.036,2.63026,0.06284,61.228,-0.183,2.81747,0.06202,41.325,-0.088
2.028,2.72252,0.06225,50.624,-0.126,2.86550,0.06179,49.241,-0.036,2.63020,0.06299,61.228,-0.183,2.81740,0.06217,41.325,-0.088
2.034,2.72246,0.06240,50.625,-0.126,2.86543,0.06194,49.241,-0.036,2.63013,0.06314,61.228,-0.182,2.81733,0.06232,41.325,-0.088
2.040,2.72239,0.06255,50.625,-0.126,2.86536,0.06209,49.241,-0.035,2.63007,0.06329,61.228,-0.182,2.81727,0.06247,41.325,-0.088
2.046,2.72233,0.06269,50.625,-0.125,2.86529,0.06225,49.241,-0.035,2.63000,0.06344,61.228,-0.181,2.81720,0.06262,41.325,-0.087
2.052,2.72226,0.06284,50.625,-0.125,2.86522,0.06240,49.242,-0.035,2.62994,0.06359,61.228,-0.181,2.81714,0.06277,41.325,-0.087
2.058,2.72220,0.06299,50.625,-0.125,2.86515,0.06255,49.242,-0.035,2.62988,0.06374,61.229,-0.181,2.81707,0.06292,41.325,-0.087
2.064,2.72213,0.06314,50.625,-0.125,2.86508,0.06270,49.242,-0.034,2.62981,0.06388,61.229,-0.180,2.81701,0.06306,41.325,-0.087
2.070,2.72207,0.06329,50.625,-0.124,2.86501,0.06285,49.242,-0.034,2.62975,0.06403,61.229,-0.180,2.81694,0.06321,41.326,-0.086
2.076,2.72201,0.06343,50.625,-0.124,2.86494,0.06300,49.242,-0.034,2.62968,0.06418,61.229,-0.180,2.81688,0.06336,41.326,-0.086
2.082,2.72194,0.06358,50.625,-0.124,2.86487,0.06316,49.243,-0.034,2.62962,0.06433,61.229,-0.179,2.81681,0.06351,41.326,-0.086
2.088,2.72188,0.06373,50.625,-0.123,2.86480,0.06331,49.243,-0.034,2.62956,0.06448,61.229,-0.179,2.81675,0.06366,41.326,-0.086
2.094,2.72182,0.06388,50.625,-0.123,2.86473,0.06346,49.243,-0.033,2.62949,0.06463,61.229,-0.179,2.81668,0.06381,41.326,-0.086
2.100,2.72175,0.06402,50.625,-0.123,2.86466,0.06361,49.243,-0.033,2.62943,0.06477,61.229,-0.178,2.81662,0.06396,41.326,-0.085
2.106,2.72169,0.06417,50.625,-0.123,2.86460,0.06376,49.243,-0.033,2.62937,0.06492,61.229,-0.178,2.81656,0.06410,41.326,-0.085
2.112,2.72163,0.06432,50.625,-0.122,2.86453,0.06391,49.243,-0.033,2.62931,0.06507,61.229,-0.177,2.81650,0.06425,41.326,-0.085
2.118,2.72157,0.06447,50.625,-0.122,2.86446,0.06407,49.244,-0.032,2.62925,0.06522,61.229,-0.177,2.81643,0.06440,41.326,-0.085
2.124,2.72151,0.06461,50.626,-0.122,2.86439,0.06422,49.244,-0.032,2.62918,0.06537,61.229,-0.177,2.81637,0.06455,41.326,-0.084
2.130,2.72144,0.06476,50.626,-0.121,2.86433,0.06437,49.244,-0.032,2.62912,0.06551,61.229,-0.176,2.81631,0.06470,41.326,-0.084
2.136,2.72138,0.06491,50.626,-0.121,2.86426,0.06452,49.244,-0.032,2.62906,0.06566,61.229,-0.176,2.81625,0.06484,41.326,-0.084
2.142,2.72132,0.06506,50.626,-0.121,2.86419,0.06467,49.244,-0.032,2.62900,0.06581,61.229,-0.176,2.81618,0.06499,41.326,-0.084
2.148,2.72126,0.06520,50.626,-0.121,2.86413,0.06482,49.245,-0.031,2.62894,0.06596,61.229,-0.175,2.81612,0.06514,41.327,-0.084
2.154,2.72120,0.06535,50.626,-0.120,2.86406,0.06497,49.245,-0.031,2.62888,0.06611,61.229,-0.175,2.81606,0.06529,41.327,-0.083
2.160,2.72114,0.06550,50.626,-0.120,2.86400,0.06512,49.245,-0.031,2.62882,0.06625,61.229,-0.175,2.81600,0.06544,41.327,-0.083
2.166,2.72108,0.06564,50.626,-0.120,2.86393,0.06527,49.245,-0.031,2.62876,0.06640,61.229,-0.174,2.81594,0.06558,41.327,-0.083
2.172,2.72102,0.06579,50.626,-0.120,2.86386,0.06543,49.245,-0.030,2.62870,0.06655,61.230,-0.174,2.81588,0.06573,41.327,-0.083
2.178,2.72096,0.06594,50.626,-0.119,2.86380,0.06558,49.245,-0.030,2.62864,0.06670,61.230,-0.174,2.81582,0.06588,41.327,-0.083
2.184,2.72090,0.06609,50.626,-0.119,2.86373,0.06573,49.246,-0.030,2.62858,0.06684,61.230,-0.173,2.81576,0.06603,41.327,-0.082
2.190,2.72084,0.06623,50.626,-0.119,2.86367,0.06588,49.246,-0.030,2.62852,0.06699,61.230,-0.173,2.81570,0.06618,41.327,-0.082
2.196,2.72078,0.06638,50.626,-0.118,2.86361,0.06603,49.246,-0.030,2.62846,0.06714,61.230,-0.173,2.81564,0.06632,41.327,-0.082
2.202,2.72072,0.06653,50.627,-0.118,2.86354,0.06618,49.246,-0.029,2.62841,0.06729,61.230,-0.172,2.81558,0.06647,41.327,-0.082
2.208,2.72067,0.06667,50.627,-0.118,2.86348,0.06633,49.246,-0.029,2.62835,0.06743,61.230,-0.172,2.81552,0.06662,41.327,-0.082
2.214,2.72061,0.06682,50.627,-0.118,2.86341,0.06648,49.246,-0.029,2.62829,0.06758,61.230,-0.172,2.81546,0.06677,41.327,-0.081
2.220,2.72055,0.06697,50.627,-0.117,2.86335,0.06663,49.247,-0.029,2.62823,0.06773,61.230,-0.171,2.81541,0.06691,41.327,-0.081
2.226,2.72049,0.06711,50.627,-0.117,2.86329,0.06678,49.247,-0.028,2.62817,0.06788,61.230,-0.171,2.81535,0.06706,41.327,-0.081
2.232,2.72043,0.06726,50.627,-0.117,2.86323,0.06693,49.247,-0.028,2.62812,0.06802,61.230,-0.171,2.81529,0.06721,41.328,-0.081
2.238,2.72038,0.06741,50.627,-0.117,2.86316,0.06708,49.247,-0.028,2.62806,0.06817,61.230,-0.170,2.81523,0.06736,41.328,-0.081
2.244,2.72032,0.06755,50.627,-0.116,2.86310,0.06723,49.247,-0.028,2.62800,0.06832,61.230,-0.170,2.81517,0.06750,41.328,-0.080
2.250,2.72026,0.06770,50.627,-0.116,2.86304,0.06738,49.247,-0.028,2.62794,0.06846,61.230,-0.170,2.81512,0.06765,41.328,-0.080
2.256,2.72021,0.06785,50.627,-0.116,2.86298,0.06754,49.248,-0.027,2.62789,0.06861,61.230,-0.169,2.81506,0.06780,41.328,-0.080
2.262,2.72015,0.06799,50.627,-0.116,2.86291,0.06769,49.248,-0.027,2.62783,0.06876,61.230,-0.169,2.81500,0.06794,41.328,-0.080
2.268,2.72009,0.06814,50.627,-0.115,2.86285,0.06784,49.248,-0.027,2.62778,0.06890,61.231,-0.169,2.81494,0.06809,41.328,-0.080
2.274,2.72004,0.06828,50.627,-0.115,2.86279,0.06799,49.248,-0.027,2.62772,0.06905,61.231,-0.168,2.81489,0.06824,41.328,-0.079
2.280,2.71998,0.06843,50.627,-0.115,2.86273,0.06814,49.248,-0.027,2.62766,0.06920,61.231,-0.168,2.81483,0.06839,41.328,-0.079
2.286,2.71992,0.06858,50.628,-0.115,2.86267,0.06829,49.249,-0.026,2.62761,0.06934,61.231,-0.168,2.81478,0.06853,41.328,-0.079
2.292,2.71987,0.06872,50.628,-0.114,2.86261,0.06844,49.249,-0.026,2.62755,0.06949,61.231,-0.167,2.81472,0.06868,41.328,-0.079
2.298,2.71981,0.06887,50.628,-0.114,2.86255,0.06859,49.249,-0.026,2.62750,0.06964,61.231,-0.167,2.81466,0.06883,41.328,-0.079
2.304,2.71976,0.06902,50.628,-0.114,2.86249,0.06874,49.249,-0.026,2.62744,0.06978,61.231,-0.167,2.81461,0.06897,41.328,-0.078
2.310,2.71970,0.06916,50.628,-0.114,2.86243,0.06889,49.249,-0.026,2.62739,0.06993,61.231,-0.166,2.81455,0.06912,41.329,-0.078
2.316,2.71965,0.06931,50.628,-0.113,2.86237,0.06904,49.249,-0.025,2.62733,0.07008,61.231,-0.166,2.81450,0.06927,41.329,-0.078
2.322,2.71959,0.06945,50.628,-0.113,2.86231,0.06919,49.250,-0.025,2.62728,0.07022,61.231,-0.166,2.81444,0.06941,41.329,-0.078
2.328,2.71954,0.06960,50.628,-0.113,2.86225,0.06934,49.250,-0.025,2.62722,0.07037,61.231,-0.165,2.81439,0.06956,41.329,-0.078
2.334,2.71949,0.06974,50.628,-0.113,2.86219,0.06949,49.250,-0.025,2.62717,0.07052,61.231,-0.165,2.81433,0.06971,41.329,-0.077
2.340,2.71943,0.06989,50.628,-0.112,2.86213,0.06964,49.250,-0.025,2.62712,0.07066,61.231,-0.165,2.81428,0.06985,41.329,-0.077
2.346,2.71938,0.07004,50.628,-0.112,2.86207,0.06979,49.250,-0.024,2.62706,0.07081,61.231,-0.165,2.81423,0.07000,41.329,-0.077
2.352,2.71932,0.07018,50.628,-0.112,2.86201,0.06994,49.250,-0.024,2.62701,0.07096,61.231,-0.164,2.81417,0.07015,41.329,-0.077
2.358,2.71927,0.07033,50.628,-0.112,2.86196,0.07009,49.251,-0.024,2.62696,0.07110,61.231,-0.164,2.81412,0.07029,41.329,-0.077
2.364,2.71922,0.07047,50.629,-0.112,2.86190,0.07024,49.251,-0.024,2.62690,0.07125,61.232,-0.164,2.81406,0.07044,41.329,-0.076
2.370,2.71917,0.07062,50.629,-0.111,2.86184,0.07039,49.251,-0.024,2.62685,0.07139,61.232,-0.163,2.81401,0.07059,41.329,-0.076
2.376,2.71911,0.07076,50.629,-0.111,2.86178,0.07054,49.251,-0.023,2.62680,0.07154,61.232,-0.163,2.81396,0.07073,41.329,-0.076
2.382,2.71906,0.07091,50.629,-0.111,2.86172,0.07069,49.251,-0.023,2.62674,0.07169,61.232,-0.163,2.81391,0.07088,41.329,-0.076
2.388,2.71901,0.07106,50.629,-0.111,2.86167,0.07084,49.251,-0.023,2.62669,0.07183,61.232,-0.162,2.81385,0.07102,41.330,-0.076
2.394,2.71896,0.07120,50.629,-0.110,2.86161,0.07098,49.252,-0.023,2.62664,0.07198,61.232,-0.162,2.81380,0.07117,41.330,-0.076
2.400,2.71890,0.07135,50.629,-0.110,2.86155,0.07113,49.252,-0.023,2.62659,0.07212,61.232,-0.162,2.81375,0.07132,41.330,-0.075
2.406,2.71885,0.07149,50.629,-0.110,2.86150,0.07128,49.252,-0.022,2.62654,0.07227,61.232,-0.162,2.81370,0.07146,41.330,-0.075
2.412,2.71880,0.07164,50.629,-0.110,2.86144,0.07143,49.252,-0.022,2.62648,0.07241,61.232,-0.161,2.81364,0.07161,41.330,-0.075
2.418,2.71875,0.07178,50.629,-0.109,2.86138,0.07158,49.252,-0.022,2.62643,0.07256,61.232,-0.161,2.81359,0.07176,41.330,-0.075
2.424,2.71870,0.07193,50.629,-0.109,2.86133,0.07173,49.252,-0.022,2.62638,0.07271,61.232,-0.161,2.81354,0.07190,41.330,-0.075
2.430,2.71865,0.07207,50.629,-0.109,2.86127,0.07188,49.253,-0.022,2.62633,0.07285,61.232,-0.160,2.81349,0.07205,41.330,-0.075
2.436,2.71859,0.07222,50.629,-0.109,2.86121,0.07203,49.253,-0.022,2.62628,0.07300,61.232,-0.160,2.81344,0.07219,41.330,-0.074
2.442,2.71854,0.07236,50.630,-0.109,2.86116,0.07218,49.253,-0.021,2.62623,0.07314,61.232,-0.160,2.81339,0.07234,41.330,-0.074
2.448,2.71849,0.07251,50.630,-0.108,2.86110,0.07233,49.253,-0.021,2.62618,0.07329,61.233,-0.160,2.81334,0.07248,41.330,-0.074
2.454,2.71844,0.07265,50.630,-0.108,2.86105,0.07248,49.253,-0.021,2.62613,0.07343,61.233,-0.159,2.81328,0.07263,41.330,-0.074
2.460,2.71839,0.07280,50.630,-0.108,2.86099,0.07263,49.253,-0.021,2.62608,0.07358,61.233,-0.159,2.81323,0.07278,41.331,-0.074
2.466,2.71834,0.07294,50.630,-0.108,2.86094,0.07278,49.254,-0.021,2.62603,0.07372,61.233,-0.159,2.81318,0.07292,41.331,-0.073
2.472,2.71829,0.07309,50.630,-0.107,2.86088,0.07293,49.254,-0.020,2.62598,0.07387,61.233,-0.158,2.81313,0.07307,41.331,-0.073
2.478,2.71824,0.07323,50.630,-0.107,2.86083,0.07308,49.254,-0.020,2.62593,0.07402,61.233,-0.158,2.81308,0.07321,41.331,-0.073
2.484,2.71819,0.07338,50.630,-0.107,2.86077,0.07322,49.254,-0.020,2.62588,0.07416,61.233,-0.158,2.81303,0.07336,41.331,-0.073
2.490,2.71814,0.07352,50.630,-0.107,2.86072,0.07337,49.254,-0.020,2.62583,0.07431,61.233,-0.158,2.81298,0.07350,41.331,-0.073
2.496,2.71809,0.07367,50.630,-0.107,2.86067,0.07352,49.254,-0.020,2.62578,0.07445,61.233,-0.157,2.81293,0.07365,41.331,-0.073
2.502,2.71805,0.07381,50.630,-0.106,2.86061,0.07367,49.255,-0.020,2.62573,0.07460,61.233,-0.157,2.81289,0.07380,41.331,-0.072
2.508,2.71800,0.07396,50.630,-0.106,2.86056,0.07382,49.255,-0.019,2.62568,0.07474,61.233,-0.157,2.81284,0.07394,41.331,-0.072
2.514,2.71795,0.07410,50.631,-0.106,2.86050,0.07397,49.255,-0.019,2.62563,0.07489,61.233,-0.156,2.81279,0.07409,41.331,-0.072
2.520,2.71790,0.07424,50.631,-0.106,2.86045,0.07412,49.255,-0.019,2.62558,0.07503,61.233,-0.156,2.81274,0.07423,41.331,-0.072
2.526,2.71785,0.07439,50.631,-0.105,2.86040,0.07427,49.255,-0.019,2.62554,0.07518,61.233,-0.156,2.81269,0.07438,41.331,-0.072
2.532,2.71780,0.07453,50.631,-0.105,2.86035,0.07442,49.255,-0.019,2.62549,0.07532,61.233,-0.156,2.81264,0.07452,41.331,-0.072
2.538,2.71775,0.07468,50.631,-0.105,2.86029,0.07456,49.256,-0.019,2.62544,0.07547,61.234,-0.155,2.81259,0.07467,41.332,-0.071
2.544,2.71771,0.07482,50.631,-0.105,2.86024,0.07471,49.256,-0.018,2.62539,0.07561,61.234,-0.155,2.81255,0.07481,41.332,-0.071
2.550,2.71766,0.07497,50.631,-0.105,2.86019,0.07486,49.256,-0.018,2.62534,0.07576,61.234,-0.155,2.81250,0.07496,41.332,-0.071
2.556,2.71761,0.07511,50.631,-0.104,2.86014,0.07501,49.256,-0.018,2.62530,0.07590,61.234,-0.155,2.81245,0.07510,41.332,-0.071
2.562,2.71756,0.07526,50.631,-0.104,2.86008,0.07516,49.256,-0.018,2.62525,0.07605,61.234,-0.154,2.81240,0.07525,41.332,-0.071
2.568,2.71752,0.07540,50.631,-0.104,2.86003,0.07531,49.256,-0.018,2.62520,0.07619,61.234,-0.154,2.81235,0.07539,41.332,-0.071
2.574,2.71747,0.07554,50.631,-0.104,2.85998,0.07546,49.257,-0.017,2.62515,0.07633,61.234,-0.154,2.81231,0.07554,41.332,-0.070
2.580,2.71742,0.07569,50.631,-0.104,2.85993,0.07560,49.257,-0.017,2.62511,0.07648,61.234,-0.153,2.81226,0.07568,41.332,-0.070
2.586,2.71738,0.07583,50.631,-0.103,2.85988,0.07575,49.257,-0.017,2.62506,0.07662,61.234,-0.153,2.81221,0.07583,41.332,-0.070
2.592,2.71733,0.07598,50.632,-0.103,2.85982,0.07590,49.257,-0.017,2.62501,0.07677,61.234,-0.153,2.81217,0.07597,41.332,-0.070
2.598,2.71728,0.07612,50.632,-0.103,2.85977,0.07605,49.257,-0.017,2.62497,0.07691,61.234,-0.153,2.81212,0.07612,41.332,-0.070
2.604,2.71724,0.07626,50.632,-0.103,2.85972,0.07620,49.257,-0.017,2.62492,0.07706,61.234,-0.152,2.81207,0.07626,41.332,-0.070
2.610,2.71719,0.07641,50.632,-0.103,2.85967,0.07635,49.258,-0.016,2.62487,0.07720,61.234,-0.152,2.81203,0.07641,41.332,-0.069
2.616,2.71714,0.07655,50.632,-0.102,2.85962,0.07649,49.258,-0.016,2.62483,0.07735,61.235,-0.152,2.81198,0.07655,41.333,-0.069
2.622,2.71710,0.07670,50.632,-0.102,2.85957,0.07664,49.258,-0.016,2.62478,0.07749,61.235,-0.152,2.81194,0.07670,41.333,-0.069
2.628,2.71705,0.07684,50.632,-0.102,2.85952,0.07679,49.258,-0.016,2.62474,0.07763,61.235,-0.151,2.81189,0.07684,41.333,-0.069
2.634,2.71701,0.07698,50.632,-0.102,2.85947,0.07694,49.258,-0.016,2.62469,0.07778,61.235,-0.151,2.81184,0.07699,41.333,-0.069
2.640,2.71696,0.07713,50.632,-0.102,2.85942,0.07709,49.258,-0.016,2.62464,0.07792,61.235,-0.151,2.81180,0.07713,41.333,-0.069
2.646,2.71692,0.07727,50.632,-0.101,2.85937,0.07724,49.259,-0.015,2.62460,0.07807,61.235,-0.151,2.81175,0.07728,41.333,-0.069
2.652,2.71687,0.07742,50.632,-0.101,2.85932,0.07738,49.259,-0.015,2.62455,0.07821,61.235,-0.150,2.81171,0.07742,41.333,-0.068
2.658,2.71683,0.07756,50.632,-0.101,2.85927,0.07753,49.259,-0.015,2.62451,0.07836,61.235,-0.150,2.81166,0.07757,41.333,-0.068
2.664,2.71678,0.07770,50.633,-0.101,2.85922,0.07768,49.259,-0.015,2.62446,0.07850,61.235,-0.150,2.81162,0.07771,41.333,-0.068
2.670,2.71674,0.07785,50.633,-0.101,2.85917,0.07783,49.259,-0.015,2.62442,0.07864,61.235,-0.150,2.81157,0.07785,41.333,-0.068
2.676,2.71669,0.07799,50.633,-0.100,2.85912,0.07798,49.259,-0.015,2.62437,0.07879,61.235,-0.149,2.81153,0.07800,41.333,-0.068
2.682,2.71665,0.07813,50.633,-0.100,2.85907,0.07812,49.260,-0.015,2.62433,0.07893,61.235,-0.149,2.81148,0.07814,41.333,-0.068
2.688,2.71660,0.07828,50.633,-0.100,2.85903,0.07827,49.260,-0.014,2.62429,0.07908,61.235,-0.149,2.81144,0.07829,41.333,-0.067
2.694,2.71656,0.07842,50.633,-0.100,2.85898,0.07842,49.260,-0.014,2.62424,0.07922,61.235,-0.149,2.81140,0.07843,41.334,-0.067
2.700,2.71652,0.07856,50.633,-0.100,2.85893,0.07857,49.260,-0.014,2.62420,0.07936,61.236,-0.148,2.81135,0.07858,41.334,-0.067
2.706,2.71647,0.07871,50.633,-0.099,2.85888,0.07872,49.260,-0.014,2.62415,0.07951,61.236,-0.148,2.81131,0.07872,41.334,-0.067
2.712,2.71643,0.07885,50.633,-0.099,2.85883,0.07886,49.260,-0.014,2.62411,0.07965,61.236,-0.148,2.81126,0.07886,41.334,-0.067
2.718,2.71638,0.07899,50.633,-0.099,2.85878,0.07901,49.261,-0.014,2.62407,0.07979,61.236,-0.148,2.81122,0.07901,41.334,-0.067
2.724,2.71634,0.07914,50.633,-0.099,2.85874,0.07916,49.261,-0.013,2.62402,0.07994,61.236,-0.147,2.81118,0.07915,41.334,-0.067
2.730,2.71630,0.07928,50.633,-0.099,2.85869,0.07931,49.261,-0.013,2.62398,0.08008,61.236,-0.147,2.81113,0.07930,41.334,-0.066
2.736,2.71626,0.07942,50.633,-0.098,2.85864,0.07945,49.261,-0.013,2.62393,0.08023,61.236,-0.147,2.81109,0.07944,41.334,-0.066
2.742,2.71621,0.07957,50.634,-0.098,2.85859,0.07960,49.261,-0.013,2.62389,0.08037,61.236,-0.147,2.81105,0.07959,41.334,-0.066
2.748,2.71617,0.07971,50.634,-0.098,2.85855,0.07975,49.261,-0.013,2.62385,0.08051,61.236,-0.146,2.81100,0.07973,41.334,-0.066
2.754,2.71613,0.07985,50.634,-0.098,2.85850,0.07990,49.262,-0.013,2.62381,0.08066,61.236,-0.146,2.81096,0.07987,41.334,-0.066
2.760,2.71608,0.08000,50.634,-0.098,2.85845,0.08005,49.262,-0.012,2.62376,0.08080,61.236,-0.146,2.81092,0.08002,41.334,-0.066
2.766,2.71604,0.08014,50.634,-0.097,2.85841,0.08019,49.262,-0.012,2.62372,0.08094,61.236,-0.146,2.81088,0.08016,41.335,-0.066
2.772,2.71600,0.08028,50.634,-0.097,2.85836,0.08034,49.262,-0.012,2.62368,0.08109,61.236,-0.145,2.81083,0.08030,41.335,-0.065
2.778,2.71596,0.08042,50.634,-0.097,2.85831,0.08049,49.262,-0.012,2.62364,0.08123,61.237,-0.145,2.81079,0.08045,41.335,-0.065
2.784,2.71591,0.08057,50.634,-0.097,2.85827,0.08064,49.262,-0.012,2.62359,0.08137,61.237,-0.145,2.81075,0.08059,41.335,-0.065
2.790,2.71587,0.08071,50.634,-0.097,2.85822,0.08078,49.262,-0.012,2.62355,0.08152,61.237,-0.145,2.81071,0.08074,41.335,-0.065
2.796,2.71583,0.08085,50.634,-0.097,2.85817,0.08093,49.263,-0.012,2.62351,0.08166,61.237,-0.144,2.81067,0.08088,41.335,-0.065
2.802,2.71579,0.08100,50.634,-0.096,2.85813,0.08108,49.263,-0.011,2.62347,0.08180,61.237,-0.144,2.81062,0.08102,41.335,-0.065
2.808,2.71575,0.08114,50.634,-0.096,2.85808,0.08122,49.263,-0.011,2.62343,0.08195,61.237,-0.144,2.81058,0.08117,41.335,-0.065
2.814,2.71571,0.08128,50.635,-0.096,2.85804,0.08137,49.263,-0.011,2.62338,0.08209,61.237,-0.144,2.81054,0.08131,41.335,-0.064
2.820,2.71567,0.08142,50.635,-0.096,2.85799,0.08152,49.263,-0.011,2.62334,0.08223,61.237,-0.144,2.81050,0.08145,41.335,-0.064
2.826,2.71562,0.08157,50.635,-0.096,2.85794,0.08167,49.263,-0.011,2.62330,0.08237,61.237,-0.143,2.81046,0.08160,41.335,-0.064
2.832,2.71558,0.08171,50.635,-0.095,2.85790,0.08181,49.264,-0.011,2.62326,0.08252,61.237,-0.143,2.81042,0.08174,41.335,-0.064
2.838,2.71554,0.08185,50.635,-0.095,2.85785,0.08196,49.264,-0.011,2.62322,0.08266,61.237,-0.143,2.81038,0.08189,41.335,-0.064
2.844,2.71550,0.08199,50.635,-0.095,2.85781,0.08211,49.264,-0.010,2.62318,0.08280,61.237,-0.143,2.81034,0.08203,41.336,-0.064
2.850,2.71546,0.08214,50.635,-0.095,2.85776,0.08226,49.264,-0.010,2.62314,0.08295,61.237,-0.142,2.81030,0.08217,41.336,-0.064
2.856,2.71542,0.08228,50.635,-0.095,2.85772,0.08240,49.264,-0.010,2.62310,0.08309,61.238,-0.142,2.81026,0.08232,41.336,-0.063
2.862,2.71538,0.08242,50.635,-0.095,2.85767,0.08255,49.264,-0.010,2.62306,0.08323,61.238,-0.142,2.81022,0.08246,41.336,-0.063
2.868,2.71534,0.08256,50.635,-0.094,2.85763,0.08270,49.264,-0.010,2.62301,0.08337,61.238,-0.142,2.81018,0.08260,41.336,-0.063
2.874,2.71530,0.08271,50.635,-0.094,2.85759,0.08284,49.265,-0.010,2.62297,0.08352,61.238,-0.141,2.81014,0.08275,41.336,-0.063
2.880,2.71526,0.08285,50.635,-0.094,2.85754,0.08299,49.265,-0.010,2.62293,0.08366,61.238,-0.141,2.81010,0.08289,41.336,-0.063
2.886,2.71522,0.08299,50.636,-0.094,2.85750,0.08314,49.265,-0.009,2.62289,0.08380,61.238,-0.141,2.81006,0.08303,41.336,-0.063
2.892,2.71518,0.08313,50.636,-0.094,2.85745,0.08328,49.265,-0.009,2.62285,0.08395,61.238,-0.141,2.81002,0.08318,41.336,-0.063
2.898,2.71514,0.08328,50.636,-0.093,2.85741,0.08343,49.265,-0.009,2.62281,0.08409,61.238,-0.141,2.80998,0.08332,41.336,-0.062
2.904,2.71510,0.08342,50.636,-0.093,2.85737,0.08358,49.265,-0.009,2.62277,0.08423,61.238,-0.140,2.80994,0.08346,41.336,-0.062
2.910,2.71506,0.08356,50.636,-0.093,2.85732,0.08372,49.266,-0.009,2.62273,0.08437,61.238,-0.140,2.80990,0.08360,41.336,-0.062
2.916,2.71502,0.08370,50.636,-0.093,2.85728,0.08387,49.266,-0.009,2.62270,0.08452,61.238,-0.140,2.80986,0.08375,41.336,-0.062
2.922,2.71498,0.08385,50.636,-0.093,2.85723,0.08402,49.266,-0.009,2.62266,0.08466,61.238,-0.140,2.80982,0.08389,41.337,-0.062
2.928,2.71494,0.08399,50.636,-0.093,2.85719,0.08417,49.266,-0.008,2.62262,0.08480,61.238,-0.139,2.80978,0.08403,41.337,-0.062
2.934,2.71490,0.08413,50.636,-0.092,2.85715,0.08431,49.266,-0.008,2.62258,0.08494,61.239,-0.139,2.80974,0.08418,41.337,-0.062
2.940,2.71487,0.08427,50.636,-0.092,2.85711,0.08446,49.266,-0.008,2.62254,0.08509,61.239,-0.139,2.80970,0.08432,41.337,-0.061
2.946,2.71483,0.08441,50.636,-0.092,2.85706,0.08461,49.266,-0.008,2.62250,0.08523,61.239,-0.139,2.80966,0.08446,41.337,-0.061
2.952,2.71479,0.08456,50.636,-0.092,2.85702,0.08475,49.267,-0.008,2.62246,0.08537,61.239,-0.139,2.80963,0.08461,41.337,-0.061
2.958,2.71475,0.08470,50.637,-0.092,2.85698,0.08490,49.267,-0.008,2.62242,0.08551,61.239,-0.138,2.80959,0.08475,41.337,-0.061
2.964,2.71471,0.08484,50.637,-0.092,2.85693,0.08505,49.267,-0.008,2.62238,0.08565,61.239,-0.138,2.80955,0.08489,41.337,-0.061
2.970,2.71467,0.08498,50.637,-0.091,2.85689,0.08519,49.267,-0.007,2.62234,0.08580,61.239,-0.138,2.80951,0.08503,41.337,-0.061
2.976,2.71464,0.08512,50.637,-0.091,2.85685,0.08534,49.267,-0.007,2.62231,0.08594,61.239,-0.138,2.80947,0.08518,41.337,-0.061
2.982,2.71460,0.08526,50.637,-0.091,2.85681,0.08548,49.267,-0.007,2.62227,0.08608,61.239,-0.137,2.80944,0.08532,41.337,-0.061
2.988,2.71456,0.08541,50.637,-0.091,2.85677,0.08563,49.268,-0.007,2.62223,0.08622,61.239,-0.137,2.80940,0.08546,41.337,-0.060
2.994,2.71452,0.08555,50.637,-0.091,2.85672,0.08578,49.268,-0.007,2.62219,0.08637,61.239,-0.137,2.80936,0.08560,41.337,-0.060
3.000,2.71448,0.08569,50.637,-0.091,2.85668,0.08592,49.268,-0.007,2.62215,0.08651,61.239,-0.137,2.80932,0.08575,41.338,-0.060
3.006,2.71445,0.08583,50.637,-0.090,2.85664,0.08607,49.268,-0.007,2.62212,0.08665,61.239,-0.137,2.80928,0.08589,41.338,-0.060
3.012,2.71441,0.08597,50.637,-0.090,2.85660,0.08622,49.268,-0.006,2.62208,0.08679,61.240,-0.136,2.80925,0.08603,41.338,-0.060
3.018,2.71437,0.08611,50.637,-0.090,2.85656,0.08636,49.268,-0.006,2.62204,0.08693,61.240,-0.136,2.80921,0.08617,41.338,-0.060
3.024,2.71433,0.08626,50.637,-0.090,2.85652,0.08651,49.268,-0.006,2.62200,0.08708,61.240,-0.136,2.80917,0.08632,41.338,-0.060
3.030,2.71430,0.08640,50.637,-0.090,2.85647,0.08666,49.269,-0.006,2.62197,0.08722,61.240,-0.136,2.80914,0.08646,41.338,-0.060
3.036,2.71426,0.08654,50.638,-0.090,2.85643,0.08680,49.269,-0.006,2.62193,0.08736,61.240,-0.136,2.80910,0.08660,41.338,-0.059
3.042,2.71422,0.08668,50.638,-0.089,2.85639,0.08695,49.269,-0.006,2.62189,0.08750,61.240,-0.135,2.80906,0.08674,41.338,-0.059
3.048,2.71419,0.08682,50.638,-0.089,2.85635,0.08709,49.269,-0.006,2.62185,0.08764,61.240,-0.135,2.80903,0.08689,41.338,-0.059
3.054,2.71415,0.08696,50.638,-0.089,2.85631,0.08724,49.269,-0.005,2.62182,0.08778,61.240,-0.135,2.80899,0.08703,41.338,-0.059
3.060,2.71411,0.08711,50.638,-0.089,2.85627,0.08739,49.269,-0.005,2.62178,0.08793,61.240,-0.135,2.80895,0.08717,41.338,-0.059
3.066,2.71408,0.08725,50.638,-0.089,2.85623,0.08753,49.270,-0.005,2.62174,0.08807,61.240,-0.135,2.80892,0.08731,41.338,-0.059
3.072,2.71404,0.08739,50.638,-0.089,2.85619,0.08768,49.270,-0.005,2.62171,0.08821,61.240,-0.134,2.80888,0.08746,41.338,-0.059
3.078,2.71400,0.08753,50.638,-0.088,2.85615,0.08783,49.270,-0.005,2.62167,0.08835,61.240,-0.134,2.80884,0.08760,41.339,-0.058
3.084,2.71397,0.08767,50.638,-0.088,2.85611,0.08797,49.270,-0.005,2.62163,0.08849,61.241,-0.134,2.80881,0.08774,41.339,-0.058
3.090,2.71393,0.08781,50.638,-0.088,2.85607,0.08812,49.270,-0.005,2.62160,0.08863,61.241,-0.134,2.80877,0.08788,41.339,-0.058
3.096,2.71390,0.08795,50.638,-0.088,2.85603,0.08826,49.270,-0.005,2.62156,0.08878,61.241,-0.134,2.80874,0.08802,41.339,-0.058
3.102,2.71386,0.08809,50.638,-0.088,2.85599,0.08841,49.270,-0.004,2.62152,0.08892,61.241,-0.133,2.80870,0.08817,41.339,-0.058
3.108,2.71382,0.08824,50.639,-0.088,2.85595,0.08856,49.271,-0.004,2.62149,0.08906,61.241,-0.133,2.80867,0.08831,41.339,-0.058
3.114,2.71379,0.08838,50.639,-0.088,2.85591,0.08870,49.271,-0.004,2.62145,0.08920,61.241,-0.133,2.80863,0.08845,41.339,-0.058
3.120,2.71375,0.08852,50.639,-0.087,2.85587,0.08885,49.271,-0.004,2.62142,0.08934,61.241,-0.133,2.80860,0.08859,41.339,-0.058
3.126,2.71372,0.08866,50.639,-0.087,2.85583,0.08899,49.271,-0.004,2.62138,0.08948,61.241,-0.133,2.80856,0.08874,41.339,-0.058
3.132,2.71368,0.08880,50.639,-0.087,2.85579,0.08914,49.271,-0.004,2.62134,0.08962,61.241,-0.132,2.80853,0.08888,41.339,-0.057
3.138,2.71365,0.08894,50.639,-0.087,2.85575,0.08928,49.271,-0.004,2.62131,0.08977,61.241,-0.132,2.80849,0.08902,41.339,-0.057
3.144,2.71361,0.08908,50.639,-0.087,2.85571,0.08943,49.271,-0.004,2.62127,0.08991,61.241,-0.132,2.80846,0.08916,41.339,-0.057
3.150,2.71358,0.08922,50.639,-0.087,2.85567,0.08958,49.272,-0.003,2.62124,0.09005,61.241,-0.132,2.80842,0.08930,41.339,-0.057
3.156,2.71354,0.08936,50.639,-0.086,2.85564,0.08972,49.272,-0.003,2.62120,0.09019,61.241,-0.132,2.80839,0.08944,41.340,-0.057
3.162,2.71351,0.08950,50.639,-0.086,2.85560,0.08987,49.272,-0.003,2.62117,0.09033,61.242,-0.131,2.80835,0.08959,41.340,-0.057
3.168,2.71347,0.08965,50.639,-0.086,2.85556,0.09001,49.272,-0.003,2.62113,0.09047,61.242,-0.131,2.80832,0.08973,41.340,-0.057
3.174,2.71344,0.08979,50.639,-0.086,2.85552,0.09016,49.272,-0.003,2.62110,0.09061,61.242,-0.131,2.80828,0.08987,41.340,-0.057
3.180,2.71340,0.08993,50.640,-0.086,2.85548,0.09030,49.272,-0.003,2.62106,0.09075,61.242,-0.131,2.80825,0.09001,41.340,-0.056
3.186,2.71337,0.09007,50.640,-0.086,2.85544,0.09045,49.272,-0.003,2.62103,0.09089,61.242,-0.131,2.80821,0.09015,41.340,-0.056
3.192,2.71334,0.09021,50.640,-0.086,2.85541,0.09060,49.273,-0.003,2.62099,0.09104,61.242,-0.130,2.80818,0.09030,41.340,-0.056
3.198,2.71330,0.09035,50.640,-0.085,2.85537,0.09074,49.273,-0.002,2.62096,0.09118,61.242,-0.130,2.80815,0.09044,41.340,-0.056
3.204,2.71327,0.09049,50.640,-0.085,2.85533,0.09089,49.273,-0.002,2.62092,0.09132,61.242,-0.130,2.80811,0.09058,41.340,-0.056
3.210,2.71323,0.09063,50.640,-0.085,2.85529,0.09103,49.273,-0.002,2.62089,0.09146,61.242,-0.130,2.80808,0.09072,41.340,-0.056
3.216,2.71320,0.09077,50.640,-0.085,2.85525,0.09118,49.273,-0.002,2.62086,0.09160,61.242,-0.130,2.80805,0.09086,41.340,-0.056
3.222,2.71316,0.09091,50.640,-0.085,2.85522,0.09132,49.273,-0.002,2.62082,0.09174,61.242,-0.129,2.80801,0.09100,41.340,-0.056
3.228,2.71313,0.09105,50.640,-0.085,2.85518,0.09147,49.274,-0.002,2.62079,0.09188,61.242,-0.129,2.80798,0.09114,41.340,-0.055
3.234,2.71310,0.09119,50.640,-0.084,2.85514,0.09161,49.274,-0.002,2.62075,0.09202,61.243,-0.129,2.80794,0.09129,41.341,-0.055
3.240,2.71306,0.09133,50.640,-0.084,2.85510,0.09176,49.274,-0.002,2.62072,0.09216,61.243,-0.129,2.80791,0.09143,41.341,-0.055
3.246,2.71303,0.09147,50.640,-0.084,2.85507,0.09190,49.274,-0.001,2.62068,0.09230,61.243,-0.129,2.80788,0.09157,41.341,-0.055
3.252,2.71300,0.09161,50.640,-0.084,2.85503,0.09205,49.274,-0.001,2.62065,0.09244,61.243,-0.128,2.80785,0.09171,41.341,-0.055
3.258,2.71296,0.09175,50.641,-0.084,2.85499,0.09220,49.274,-0.001,2.62062,0.09258,61.243,-0.128,2.80781,0.09185,41.341,-0.055
3.264,2.71293,0.09189,50.641,-0.084,2.85495,0.09234,49.274,-0.001,2.62058,0.09273,61.243,-0.128,2.80778,0.09199,41.341,-0.055
3.270,2.71290,0.09203,50.641,-0.084,2.85492,0.09249,49.275,-0.001,2.62055,0.09287,61.243,-0.128,2.80775,0.09213,41.341,-0.055
3.276,2.71286,0.09218,50.641,-0.083,2.85488,0.09263,49.275,-0.001,2.62052,0.09301,61.243,-0.128,2.80771,0.09228,41.341,-0.055
3.282,2.71283,0.09232,50.641,-0.083,2.85484,0.09278,49.275,-0.001,2.62048,0.09315,61.243,-0.127,2.80768,0.09242,41.341,-0.054
3.288,2.71280,0.09246,50.641,-0.083,2.85481,0.09292,49.275,-0.001,2.62045,0.09329,61.243,-0.127,2.80765,0.09256,41.341,-0.054
3.294,2.71277,0.09260,50.641,-0.083,2.85477,0.09307,49.275,-0.000,2.62042,0.09343,61.243,-0.127,2.80762,0.09270,41.341,-0.054
3.300,2.71273,0.09274,50.641,-0.083,2.85473,0.09321,49.275,-0.000,2.62038,0.09357,61.243,-0.127,2.80758,0.09284,41.341,-0.054
3.306,2.71270,0.09288,50.641,-0.083,2.85470,0.09336,49.275,-0.000,2.62035,0.09371,61.243,-0.127,2.80755,0.09298,41.341,-0.054
3.312,2.71267,0.09302,50.641,-0.083,2.85466,0.09350,49.276,-0.000,2.62032,0.09385,61.244,-0.127,2.80752,0.09312,41.342,-0.054
3.318,2.71264,0.09316,50.641,-0.082,2.85463,0.09365,49.276,-0.000,2.62029,0.09399,61.244,-0.126,2.80749,0.09326,41.342,-0.054
3.324,2.71260,0.09330,50.641,-0.082,2.85459,0.09379,49.276,0.000,2.62025,0.09413,61.244,-0.126,2.80746,0.09340,41.342,-0.054
3.330,2.71257,0.09344,50.642,-0.082,2.85455,0.09394,49.276,0.000,2.62022,0.09427,61.244,-0.126,2.80742,0.09355,41.342,-0.054
3.336,2.71254,0.09358,50.642,-0.082,2.85452,0.09408,49.276,0.000,2.62019,0.09441,61.244,-0.126,2.80739,0.09369,41.342,-0.053
3.342,2.71251,0.09372,50.642,-0.082,2.85448,0.09423,49.276,0.000,2.62016,0.09455,61.244,-0.126,2.80736,0.09383,41.342,-0.053
3.348,2.71248,0.09386,50.642,-0.082,2.85445,0.09437,49.276,0.001,2.62012,0.09469,61.244,-0.125,2.80733,0.09397,41.342,-0.053
3.354,2.71244,0.09400,50.642,-0.082,2.85441,0.09452,49.277,0.001,2.62009,0.09483,61.244,-0.125,2.80730,0.09411,41.342,-0.053
3.360,2.71241,0.09414,50.642,-0.081,2.85438,0.09466,49.277,0.001,2.62006,0.09497,61.244,-0.125,2.80727,0.09425,41.342,-0.053
3.366,2.71238,0.09428,50.642,-0.081,2.85434,0.09481,49.277,0.001,2.62003,0.09511,61.244,-0.125,2.80724,0.09439,41.342,-0.053
3.372,2.71235,0.09442,50.642,-0.081,2.85431,0.09495,49.277,0.001,2.61999,0.09525,61.244,-0.125,2.80720,0.09453,41.342,-0.053
3.378,2.71232,0.09456,50.642,-0.081,2.85427,0.09510,49.277,0.001,2.61996,0.09539,61.244,-0.125,2.80717,0.09467,41.342,-0.053
3.384,2.71229,0.09470,50.642,-0.081,2.85424,0.09524,49.277,0.001,2.61993,0.09553,61.245,-0.124,2.80714,0.09481,41.342,-0.053
3.390,2.71225,0.09484,50.642,-0.081,2.85420,0.09539,49.277,0.001,2.61990,0.09567,61.245,-0.124,2.80711,0.09495,41.342,-0.052
3.396,2.71222,0.09498,50.642,-0.081,2.85417,0.09553,49.278,0.002,2.61987,0.09581,61.245,-0.124,2.80708,0.09509,41.343,-0.052
3.402,2.71219,0.09512,50.643,-0.080,2.85413,0.09567,49.278,0.002,2.61984,0.09595,61.245,-0.124,2.80705,0.09524,41.343,-0.052
3.408,2.71216,0.09525,50.643,-0.080,2.85410,0.09582,49.278,0.002,2.61980,0.09609,61.245,-0.124,2.80702,0.09538,41.343,-0.052
3.414,2.71213,0.09539,50.643,-0.080,2.85406,0.09596,49.278,0.002,2.61977,0.09623,61.245,-0.123,2.80699,0.09552,41.343,-0.052
3.420,2.71210,0.09553,50.643,-0.080,2.85403,0.09611,49.278,0.002,2.61974,0.09637,61.245,-0.123,2.80696,0.09566,41.343,-0.052
3.426,2.71207,0.09567,50.643,-0.080,2.85399,0.09625,49.278,0.002,2.61971,0.09651,61.245,-0.123,2.80693,0.09580,41.343,-0.052
3.432,2.71204,0.09581,50.643,-0.080,2.85396,0.09640,49.278,0.002,2.61968,0.09665,61.245,-0.123,2.80690,0.09594,41.343,-0.052
3.438,2.71201,0.09595,50.643,-0.080,2.85392,0.09654,49.278,0.002,2.61965,0.09679,61.245,-0.123,2.80687,0.09608,41.343,-0.052
3.444,2.71198,0.09609,50.643,-0.079,2.85389,0.09669,49.279,0.002,2.61962,0.09693,61.245,-0.123,2.80684,0.09622,41.343,-0.051
3.450,2.71195,0.09623,50.643,-0.079,2.85386,0.09683,49.279,0.003,2.61959,0.09707,61.245,-0.122,2.80681,0.09636,41.343,-0.051
3.456,2.71192,0.09637,50.643,-0.079,2.85382,0.09698,49.279,0.003,2.61955,0.09721,61.245,-0.122,2.80678,0.09650,41.343,-0.051
3.462,2.71189,0.09651,50.643,-0.079,2.85379,0.09712,49.279,0.003,2.61952,0.09735,61.246,-0.122,2.80675,0.09664,41.343,-0.051
3.468,2.71186,0.09665,50.643,-0.079,2.85375,0.09726,49.279,0.003,2.61949,0.09749,61.246,-0.122,2.80672,0.09678,41.343,-0.051
3.474,2.71183,0.09679,50.643,-0.079,2.85372,0.09741,49.279,0.003,2.61946,0.09763,61.246,-0.122,2.80669,0.09692,41.344,-0.051
3.480,2.71180,0.09693,50.644,-0.079,2.85369,0.09755,49.279,0.003,2.61943,0.09777,61.246,-0.122,2.80666,0.09706,41.344,-0.051
3.486,2.71177,0.09707,50.644,-0.079,2.85365,0.09770,49.280,0.003,2.61940,0.09791,61.246,-0.121,2.80663,0.09720,41.344,-0.051
3.492,2.71174,0.09721,50.644,-0.078,2.85362,0.09784,49.280,0.003,2.61937,0.09805,61.246,-0.121,2.80660,0.09734,41.344,-0.051
3.498,2.71171,0.09735,50.644,-0.078,2.85359,0.09799,49.280,0.003,2.61934,0.09819,61.246,-0.121,2.80657,0.09748,41.344,-0.051
3.504,2.71168,0.09749,50.644,-0.078,2.85355,0.09813,49.280,0.004,2.61931,0.09833,61.246,-0.121,2.80654,0.09762,41.344,-0.050
3.510,2.71165,0.09763,50.644,-0.078,2.85352,0.09828,49.280,0.004,2.61928,0.09847,61.246,-0.121,2.80651,0.09776,41.344,-0.050
3.516,2.71162,0.09776,50.644,-0.078,2.85349,0.09842,49.280,0.004,2.61925,0.09860,61.246,-0.121,2.80648,0.09790,41.344,-0.050
3.522,2.71159,0.09790,50.644,-0.078,2.85345,0.09856,49.280,0.004,2.61922,0.09874,61.246,-0.120,2.80645,0.09804,41.344,-0.050
3.528,2.71156,0.09804,50.644,-0.078,2.85342,0.09871,49.281,0.004,2.61919,0.09888,61.246,-0.120,2.80642,0.09818,41.344,-0.050
3.534,2.71153,0.09818,50.644,-0.077,2.85339,0.09885,49.281,0.004,2.61916,0.09902,61.247,-0.120,2.80640,0.09832,41.344,-0.050
3.540,2.71150,0.09832,50.644,-0.077,2.85335,0.09900,49.281,0.004,2.61913,0.09916,61.247,-0.120,2.80637,0.09846,41.344,-0.050
3.546,2.71147,0.09846,50.644,-0.077,2.85332,0.09914,49.281,0.004,2.61910,0.09930,61.247,-0.120,2.80634,0.09860,41.344,-0.050
3.552,2.71144,0.09860,50.645,-0.077,2.85329,0.09928,49.281,0.004,2.61907,0.09944,61.247,-0.120,2.80631,0.09874,41.344,-0.050
3.558,2.71141,0.09874,50.645,-0.077,2.85326,0.09943,49.281,0.004,2.61904,0.09958,61.247,-0.119,2.80628,0.09888,41.345,-0.049
3.564,2.71138,0.09888,50.645,-0.077,2.85322,0.09957,49.281,0.005,2.61901,0.09972,61.247,-0.119,2.80625,0.09902,41.345,-0.049
3.570,2.71135,0.09902,50.645,-0.077,2.85319,0.09972,49.282,0.005,2.61898,0.09986,61.247,-0.119,2.80622,0.09916,41.345,-0.049
3.576,2.71133,0.09915,50.645,-0.077,2.85316,0.09986,49.282,0.005,2.61895,0.10000,61.247,-0.119,2.80620,0.09930,41.345,-0.049
3.582,2.71130,0.09929,50.645,-0.076,2.85313,0.10001,49.282,0.005,2.61892,0.10014,61.247,-0.119,2.80617,0.09944,41.345,-0.049
3.588,2.71127,0.09943,50.645,-0.076,2.85310,0.10015,49.282,0.005,2.61889,0.10028,61.247,-0.119,2.80614,0.09958,41.345,-0.049
3.594,2.71124,0.09957,50.645,-0.076,2.85306,0.10029,49.282,0.005,2.61887,0.10041,61.247,-0.118,2.80611,0.09972,41.345,-0.049
3.600,2.71121,0.09971,50.645,-0.076,2.85303,0.10044,49.282,0.005,2.61884,0.10055,61.247,-0.118,2.80608,0.09986,41.345,-0.049
3.606,2.71118,0.09985,50.645,-0.076,2.85300,0.10058,49.282,0.005,2.61881,0.10069,61.247,-0.118,2.80605,0.10000,41.345,-0.049
3.612,2.71115,0.09999,50.645,-0.076,2.85297,0.10072,49.282,0.005,2.61878,0.10083,61.248,-0.118,2.80603,0.10014,41.345,-0.049
3.618,2.71113,0.10013,50.645,-0.076,2.85294,0.10087,49.283,0.006,2.61875,0.10097,61.248,-0.118,2.80600,0.10028,41.345,-0.048
3.624,2.71110,0.10027,50.645,-0.076,2.85290,0.10101,49.283,0.006,2.61872,0.10111,61.248,-0.118,2.80597,0.10042,41.345,-0.048
3.630,2.71107,0.10040,50.646,-0.075,2.85287,0.10116,49.283,0.006,2.61869,0.10125,61.248,-0.117,2.80594,0.10056,41.345,-0.048
3.636,2.71104,0.10054,50.646,-0.075,2.85284,0.10130,49.283,0.006,2.61866,0.10139,61.248,-0.117,2.80592,0.10070,41.345,-0.048
3.642,2.71101,0.10068,50.646,-0.075,2.85281,0.10144,49.283,0.006,2.61863,0.10153,61.248,-0.117,2.80589,0.10084,41.346,-0.048
3.648,2.71099,0.10082,50.646,-0.075,2.85278,0.10159,49.283,0.006,2.61861,0.10166,61.248,-0.117,2.80586,0.10098,41.346,-0.048
3.654,2.71096,0.10096,50.646,-0.075,2.85275,0.10173,49.283,0.006,2.61858,0.10180,61.248,-0.117,2.80583,0.10112,41.346,-0.048
3.660,2.71093,0.10110,50.646,-0.075,2.85272,0.10188,49.284,0.006,2.61855,0.10194,61.248,-0.117,2.80581,0.10126,41.346,-0.048
3.666,2.71090,0.10124,50.646,-0.075,2.85268,0.10202,49.284,0.006,2.61852,0.10208,61.248,-0.116,2.80578,0.10140,41.346,-0.048
3.672,2.71087,0.10137,50.646,-0.075,2.85265,0.10216,49.284,0.006,2.61849,0.10222,61.248,-0.116,2.80575,0.10154,41.346,-0.048
3.678,2.71085,0.10151,50.646,-0.074,2.85262,0.10231,49.284,0.007,2.61847,0.10236,61.248,-0.116,2.80573,0.10168,41.346,-0.048
3.684,2.71082,0.10165,50.646,-0.074,2.85259,0.10245,49.284,0.007,2.61844,0.10250,61.249,-0.116,2.80570,0.10182,41.346,-0.047
3.690,2.71079,0.10179,50.646,-0.074,2.85256,0.10259,49.284,0.007,2.61841,0.10264,61.249,-0.116,2.80567,0.10196,41.346,-0.047
3.696,2.71076,0.10193,50.646,-0.074,2.85253,0.10274,49.284,0.007,2.61838,0.10277,61.249,-0.116,2.80565,0.10210,41.346,-0.047
3.702,2.71074,0.10207,50.646,-0.074,2.85250,0.10288,49.284,0.007,2.61835,0.10291,61.249,-0.115,2.80562,0.10224,41.346,-0.047
3.708,2.71071,0.10220,50.647,-0.074,2.85247,0.10302,49.285,0.007,2.61833,0.10305,61.249,-0.115,2.80559,0.10238,41.346,-0.047
3.714,2.71068,0.10234,50.647,-0.074,2.85244,0.10317,49.285,0.007,2.61830,0.10319,61.249,-0.115,2.80557,0.10251,41.346,-0.047
3.720,2.71066,0.10248,50.647,-0.074,2.85241,0.10331,49.285,0.007,2.61827,0.10333,61.249,-0.115,2.80554,0.10265,41.347,-0.047
3.726,2.71063,0.10262,50.647,-0.073,2.85238,0.10345,49.285,0.007,2.61824,0.10347,61.249,-0.115,2.80551,0.10279,41.347,-0.047
3.732,2.71060,0.10276,50.647,-0.073,2.85235,0.10360,49.285,0.007,2.61821,0.10361,61.249,-0.115,2.80549,0.10293,41.347,-0.047
3.738,2.71058,0.10290,50.647,-0.073,2.85232,0.10374,49.285,0.008,2.61819,0.10374,61.249,-0.115,2.80546,0.10307,41.347,-0.047
3.744,2.71055,0.10303,50.647,-0.073,2.85229,0.10389,49.285,0.008,2.61816,0.10388,61.249,-0.114,2.80543,0.10321,41.347,-0.046
3.750,2.71052,0.10317,50.647,-0.073,2.85226,0.10403,49.286,0.008,2.61813,0.10402,61.249,-0.114,2.80541,0.10335,41.347,-0.046
3.756,2.71050,0.10331,50.647,-0.073,2.85223,0.10417,49.286,0.008,2.61811,0.10416,61.249,-0.114,2.80538,0.10349,41.347,-0.046
3.762,2.71047,0.10345,50.647,-0.073,2.85220,0.10432,49.286,0.008,2.61808,0.10430,61.250,-0.114,2.80536,0.10363,41.347,-0.046
3.768,2.71044,0.10359,50.647,-0.073,2.85217,0.10446,49.286,0.008,2.61805,0.10444,61.250,-0.114,2.80533,0.10377,41.347,-0.046
3.774,2.71042,0.10372,50.647,-0.072,2.85214,0.10460,49.286,0.008,2.61802,0.10457,61.250,-0.114,2.80530,0.10391,41.347,-0.046
3.780,2.71039,0.10386,50.647,-0.072,2.85211,0.10475,49.286,0.008,2.61800,0.10471,61.250,-0.113,2.80528,0.10405,41.347,-0.046
3.786,2.71036,0.10400,50.648,-0.072,2.85208,0.10489,49.286,0.008,2.61797,0.10485,61.250,-0.113,2.80525,0.10418,41.347,-0.046
3.792,2.71034,0.10414,50.648,-0.072,2.85205,0.10503,49.286,0.008,2.61794,0.10499,61.250,-0.113,2.80523,0.10432,41.347,-0.046
3.798,2.71031,0.10428,50.648,-0.072,2.85202,0.10517,49.287,0.009,2.61792,0.10513,61.250,-0.113,2.80520,0.10446,41.347,-0.046
3.804,2.71029,0.10441,50.648,-0.072,2.85199,0.10532,49.287,0.009,2.61789,0.10526,61.250,-0.113,2.80518,0.10460,41.348,-0.046
3.810,2.71026,0.10455,50.648,-0.072,2.85196,0.10546,49.287,0.009,2.61786,0.10540,61.250,-0.113,2.80515,0.10474,41.348,-0.045
3.816,2.71023,0.10469,50.648,-0.072,2.85193,0.10560,49.287,0.009,2.61784,0.10554,61.250,-0.113,2.80512,0.10488,41.348,-0.045
3.822,2.71021,0.10483,50.648,-0.072,2.85190,0.10575,49.287,0.009,2.61781,0.10568,61.250,-0.112,2.80510,0.10502,41.348,-0.045
3.828,2.71018,0.10497,50.648,-0.071,2.85187,0.10589,49.287,0.009,2.61778,0.10582,61.250,-0.112,2.80507,0.10516,41.348,-0.045
3.834,2.71016,0.10510,50.648,-0.071,2.85184,0.10603,49.287,0.009,2.61776,0.10595,61.250,-0.112,2.80505,0.10530,41.348,-0.045
3.840,2.71013,0.10524,50.648,-0.071,2.85182,0.10618,49.288,0.009,2.61773,0.10609,61.251,-0.112,2.80502,0.10543,41.348,-0.045
3.846,2.71010,0.10538,50.648,-0.071,2.85179,0.10632,49.288,0.009,2.61770,0.10623,61.251,-0.112,2.80500,0.10557,41.348,-0.045
3.852,2.71008,0.10552,50.648,-0.071,2.85176,0.10646,49.288,0.009,2.61768,0.10637,61.251,-0.112,2.80497,0.10571,41.348,-0.045
3.858,2.71005,0.10566,50.649,-0.071,2.85173,0.10661,49.288,0.009,2.61765,0.10651,61.251,-0.112,2.80495,0.10585,41.348,-0.045
3.864,2.71003,0.10579,50.649,-0.071,2.85170,0.10675,49.288,0.010,2.61763,0.10664,61.251,-0.111,2.80492,0.10599,41.348,-0.045
3.870,2.71000,0.10593,50.649,-0.071,2.85167,0.10689,49.288,0.010,2.61760,0.10678,61.251,-0.111,2.80490,0.10613,41.348,-0.045
3.876,2.70998,0.10607,50.649,-0.071,2.85164,0.10703,49.288,0.010,2.61757,0.10692,61.251,-0.111,2.80487,0.10627,41.348,-0.044
3.882,2.70995,0.10621,50.649,-0.070,2.85161,0.10718,49.288,0.010,2.61755,0.10706,61.251,-0.111,2.80485,0.10641,41.348,-0.044
3.888,2.70993,0.10634,50.649,-0.070,2.85159,0.10732,49.289,0.010,2.61752,0.10720,61.251,-0.111,2.80483,0.10654,41.349,-0.044
3.894,2.70990,0.10648,50.649,-0.070,2.85156,0.10746,49.289,0.010,2.61750,0.10733,61.251,-0.111,2.80480,0.10668,41.349,-0.044
3.900,2.70988,0.10662,50.649,-0.070,2.85153,0.10761,49.289,0.010,2.61747,0.10747,61.251,-0.110,2.80478,0.10682,41.349,-0.044
3.906,2.70985,0.10676,50.649,-0.070,2.85150,0.10775,49.289,0.010,2.61745,0.10761,61.251,-0.110,2.80475,0.10696,41.349,-0.044
3.912,2.70983,0.10689,50.649,-0.070,2.85147,0.10789,49.289,0.010,2.61742,0.10775,61.252,-0.110,2.80473,0.10710,41.349,-0.044
3.918,2.70980,0.10703,50.649,-0.070,2.85145,0.10804,49.289,0.010,2.61739,0.10788,61.252,-0.110,2.80470,0.10724,41.349,-0.044
3.924,2.70978,0.10717,50.649,-0.070,2.85142,0.10818,49.289,0.011,2.61737,0.10802,61.252,-0.110,2.80468,0.10738,41.349,-0.044
3.930,2.70975,0.10731,50.649,-0.069,2.85139,0.10832,49.289,0.011,2.61734,0.10816,61.252,-0.110,2.80466,0.10751,41.349,-0.044
3.936,2.70973,0.10744,50.650,-0.069,2.85136,0.10846,49.290,0.011,2.61732,0.10830,61.252,-0.110,2.80463,0.10765,41.349,-0.044
3.942,2.70970,0.10758,50.650,-0.069,2.85133,0.10861,49.290,0.011,2.61729,0.10843,61.252,-0.109,2.80461,0.10779,41.349,-0.043
3.948,2.70968,0.10772,50.650,-0.069,2.85131,0.10875,49.290,0.011,2.61727,0.10857,61.252,-0.109,2.80458,0.10793,41.349,-0.043
3.954,2.70965,0.10786,50.650,-0.069,2.85128,0.10889,49.290,0.011,2.61724,0.10871,61.252,-0.109,2.80456,0.10807,41.349,-0.043
3.960,2.70963,0.10799,50.650,-0.069,2.85125,0.10903,49.290,0.011,2.61722,0.10885,61.252,-0.109,2.80454,0.10821,41.349,-0.043
3.966,2.70961,0.10813,50.650,-0.069,2.85122,0.10918,49.290,0.011,2.61719,0.10898,61.252,-0.109,2.80451,0.10834,41.349,-0.043
3.972,2.70958,0.10827,50.650,-0.069,2.85120,0.10932,49.290,0.011,2.61717,0.10912,61.252,-0.109,2.80449,0.10848,41.349,-0.043
3.978,2.70956,0.10840,50.650,-0.069,2.85117,0.10946,49.290,0.011,2.61714,0.10926,61.252,-0.109,2.80447,0.10862,41.350,-0.043
3.984,2.70953,0.10854,50.650,-0.068,2.85114,0.10960,49.291,0.011,2.61712,0.10940,61.252,-0.108,2.80444,0.10876,41.350,-0.043
3.990,2.70951,0.10868,50.650,-0.068,2.85111,0.10975,49.291,0.012,2.61709,0.10953,61.253,-0.108,2.80442,0.10890,41.350,-0.043
3.996,2.70948,0.10882,50.650,-0.068,2.85109,0.10989,49.291,0.012,2.61707,0.10967,61.253,-0.108,2.80440,0.10904,41.350,-0.043
4.002,2.70946,0.10895,50.650,-0.068,2.85106,0.11003,49.291,0.012,2.61704,0.10981,61.253,-0.108,2.80437,0.10917,41.350,-0.043
4.008,2.70944,0.10909,50.650,-0.068,2.85103,0.11017,49.291,0.012,2.61702,0.10994,61.253,-0.108,2.80435,0.10931,41.350,-0.042
4.014,2.70941,0.10923,50.650,-0.068,2.85101,0.11032,49.291,0.012,2.61699,0.11008,61.253,-0.108,2.80433,0.10945,41.350,-0.042
4.020,2.70939,0.10936,50.651,-0.068,2.85098,0.11046,49.291,0.012,2.61697,0.11022,61.253,-0.108,2.80430,0.10959,41.350,-0.042
4.026,2.70936,0.10950,50.651,-0.068,2.85095,0.11060,49.291,0.012,2.61695,0.11036,61.253,-0.107,2.80428,0.10973,41.350,-0.042
4.032,2.70934,0.10964,50.651,-0.068,2.85092,0.11074,49.292,0.012,2.61692,0.11049,61.253,-0.107,2.80426,0.10987,41.350,-0.042
4.038,2.70932,0.10978,50.651,-0.067,2.85090,0.11089,49.292,0.012,2.61690,0.11063,61.253,-0.107,2.80423,0.11000,41.350,-0.042
4.044,2.70929,0.10991,50.651,-0.067,2.85087,0.11103,49.292,0.012,2.61687,0.11077,61.253,-0.107,2.80421,0.11014,41.350,-0.042
4.050,2.70927,0.11005,50.651,-0.067,2.85084,0.11117,49.292,0.012,2.61685,0.11091,61.253,-0.107,2.80419,0.11028,41.350,-0.042
4.056,2.70925,0.11019,50.651,-0.067,2.85082,0.11131,49.292,0.013,2.61682,0.11104,61.253,-0.107,2.80416,0.11042,41.350,-0.042
4.062,2.70922,0.11032,50.651,-0.067,2.85079,0.11146,49.292,0.013,2.61680,0.11118,61.253,-0.107,2.80414,0.11056,41.351,-0.042
4.068,2.70920,0.11046,50.651,-0.067,2.85077,0.11160,49.292,0.013,2.61678,0.11132,61.254,-0.107,2.80412,0.11069,41.351,-0.042
4.074,2.70918,0.11060,50.651,-0.067,2.85074,0.11174,49.292,0.013,2.61675,0.11145,61.254,-0.106,2.80410,0.11083,41.351,-0.042
4.080,2.70915,0.11073,50.651,-0.067,2.85071,0.11188,49.293,0.013,2.61673,0.11159,61.254,-0.106,2.80407,0.11097,41.351,-0.041
4.086,2.70913,0.11087,50.651,-0.067,2.85069,0.11203,49.293,0.013,2.61670,0.11173,61.254,-0.106,2.80405,0.11111,41.351,-0.041
4.092,2.70911,0.11101,50.651,-0.067,2.85066,0.11217,49.293,0.013,2.61668,0.11186,61.254,-0.106,2.80403,0.11124,41.351,-0.041
4.098,2.70908,0.11114,50.652,-0.066,2.85063,0.11231,49.293,0.013,2.61666,0.11200,61.254,-0.106,2.80401,0.11138,41.351,-0.041
4.104,2.70906,0.11128,50.652,-0.066,2.85061,0.11245,49.293,0.013,2.61663,0.11214,61.254,-0.106,2.80398,0.11152,41.351,-0.041
4.110,2.70904,0.11142,50.652,-0.066,2.85058,0.11259,49.293,0.013,2.61661,0.11227,61.254,-0.106,2.80396,0.11166,41.351,-0.041
4.116,2.70902,0.11156,50.652,-0.066,2.85056,0.11274,49.293,0.013,2.61658,0.11241,61.254,-0.105,2.80394,0.11180,41.351,-0.041
4.122,2.70899,0.11169,50.652,-0.066,2.85053,0.11288,49.293,0.013,2.61656,0.11255,61.254,-0.105,2.80392,0.11193,41.351,-0.041
4.128,2.70897,0.11183,50.652,-0.066,2.85050,0.11302,49.294,0.014,2.61654,0.11269,61.254,-0.105,2.80390,0.11207,41.351,-0.041
4.134,2.70895,0.11197,50.652,-0.066,2.85048,0.11316,49.294,0.014,2.61651,0.11282,61.254,-0.105,2.80387,0.11221,41.351,-0.041
4.140,2.70892,0.11210,50.652,-0.066,2.85045,0.11330,49.294,0.014,2.61649,0.11296,61.254,-0.105,2.80385,0.11235,41.351,-0.041
4.146,2.70890,0.11224,50.652,-0.066,2.85043,0.11345,49.294,0.014,2.61647,0.11310,61.255,-0.105,2.80383,0.11248,41.351,-0.041
4.152,2.70888,0.11238,50.652,-0.065,2.85040,0.11359,49.294,0.014,2.61644,0.11323,61.255,-0.105,2.80381,0.11262,41.352,-0.040
4.158,2.70886,0.11251,50.652,-0.065,2.85038,0.11373,49.294,0.014,2.61642,0.11337,61.255,-0.104,2.80379,0.11276,41.352,-0.040
4.164,2.70883,0.11265,50.652,-0.065,2.85035,0.11387,49.294,0.014,2.61640,0.11351,61.255,-0.104,2.80377,0.11290,41.352,-0.040
4.170,2.70881,0.11278,50.652,-0.065,2.85033,0.11402,49.294,0.014,2.61637,0.11364,61.255,-0.104,2.80374,0.11304,41.352,-0.040
4.176,2.70879,0.11292,50.653,-0.065,2.85030,0.11416,49.295,0.014,2.61635,0.11378,61.255,-0.104,2.80372,0.11317,41.352,-0.040
4.182,2.70877,0.11306,50.653,-0.065,2.85027,0.11430,49.295,0.014,2.61633,0.11391,61.255,-0.104,2.80370,0.11331,41.352,-0.040
4.188,2.70875,0.11319,50.653,-0.065,2.85025,0.11444,49.295,0.014,2.61631,0.11405,61.255,-0.104,2.80368,0.11345,41.352,-0.040
4.194,2.70872,0.11333,50.653,-0.065,2.85022,0.11458,49.295,0.014,2.61628,0.11419,61.255,-0.104,2.80366,0.11359,41.352,-0.040
4.200,2.70870,0.11347,50.653,-0.065,2.85020,0.11472,49.295,0.015,2.61626,0.11432,61.255,-0.104,2.80364,0.11372,41.352,-0.040
4.206,2.70868,0.11360,50.653,-0.065,2.85017,0.11487,49.295,0.015,2.61624,0.11446,61.255,-0.103,2.80361,0.11386,41.352,-0.040
4.212,2.70866,0.11374,50.653,-0.064,2.85015,0.11501,49.295,0.015,2.61621,0.11460,61.255,-0.103,2.80359,0.11400,41.352,-0.040
4.218,2.70863,0.11388,50.653,-0.064,2.85012,0.11515,49.295,0.015,2.61619,0.11473,61.255,-0.103,2.80357,0.11413,41.352,-0.040
4.224,2.70861,0.11401,50.653,-0.064,2.85010,0.11529,49.296,0.015,2.61617,0.11487,61.256,-0.103,2.80355,0.11427,41.352,-0.040
4.230,2.70859,0.11415,50.653,-0.064,2.85007,0.11543,49.296,0.015,2.61615,0.11501,61.256,-0.103,2.80353,0.11441,41.352,-0.039
4.236,2.70857,0.11428,50.653,-0.064,2.85005,0.11558,49.296,0.015,2.61612,0.11514,61.256,-0.103,2.80351,0.11455,41.353,-0.039
4.242,2.70855,0.11442,50.653,-0.064,2.85003,0.11572,49.296,0.015,2.61610,0.11528,61.256,-0.103,2.80349,0.11468,41.353,-0.039
4.248,2.70853,0.11456,50.653,-0.064,2.85000,0.11586,49.296,0.015,2.61608,0.11542,61.256,-0.103,2.80347,0.11482,41.353,-0.039
4.254,2.70850,0.11469,50.653,-0.064,2.84998,0.11600,49.296,0.015,2.61606,0.11555,61.256,-0.102,2.80345,0.11496,41.353,-0.039
4.260,2.70848,0.11483,50.654,-0.064,2.84995,0.11614,49.296,0.015,2.61603,0.11569,61.256,-0.102,2.80343,0.11510,41.353,-0.039
4.266,2.70846,0.11497,50.654,-0.064,2.84993,0.11628,49.296,0.016,2.61601,0.11582,61.256,-0.102,2.80340,0.11523,41.353,-0.039
4.272,2.70844,0.11510,50.654,-0.063,2.84990,0.11643,49.297,0.016,2.61599,0.11596,61.256,-0.102,2.80338,0.11537,41.353,-0.039
4.278,2.70842,0.11524,50.654,-0.063,2.84988,0.11657,49.297,0.016,2.61597,0.11610,61.256,-0.102,2.80336,0.11551,41.353,-0.039
4.284,2.70840,0.11537,50.654,-0.063,2.84985,0.11671,49.297,0.016,2.61594,0.11623,61.256,-0.102,2.80334,0.11564,41.353,-0.039
4.290,2.70838,0.11551,50.654,-0.063,2.84983,0.11685,49.297,0.016,2.61592,0.11637,61.256,-0.102,2.80332,0.11578,41.353,-0.039
4.296,2.70835,0.11565,50.654,-0.063,2.84981,0.11699,49.297,0.016,2.61590,0.11651,61.256,-0.101,2.80330,0.11592,41.353,-0.039
4.302,2.70833,0.11578,50.654,-0.063,2.84978,0.11713,49.297,0.016,2.61588,0.11664,61.257,-0.101,2.80328,0.11606,41.353,-0.038
4.308,2.70831,0.11592,50.654,-0.063,2.84976,0.11728,49.297,0.016,2.61586,0.11678,61.257,-0.101,2.80326,0.11619,41.353,-0.038
4.314,2.70829,0.11605,50.654,-0.063,2.84973,0.11742,49.297,0.016,2.61583,0.11691,61.257,-0.101,2.80324,0.11633,41.353,-0.038
4.320,2.70827,0.11619,50.654,-0.063,2.84971,0.11756,49.297,0.016,2.61581,0.11705,61.257,-0.101,2.80322,0.11647,41.353,-0.038
4.326,2.70825,0.11633,50.654,-0.063,2.84969,0.11770,49.298,0.016,2.61579,0.11719,61.257,-0.101,2.80320,0.11660,41.354,-0.038
4.332,2.70823,0.11646,50.654,-0.062,2.84966,0.11784,49.298,0.016,2.61577,0.11732,61.257,-0.101,2.80318,0.11674,41.354,-0.038
4.338,2.70821,0.11660,50.655,-0.062,2.84964,0.11798,49.298,0.016,2.61575,0.11746,61.257,-0.101,2.80316,0.11688,41.354,-0.038
4.344,2.70819,0.11673,50.655,-0.062,2.84961,0.11812,49.298,0.017,2.61573,0.11759,61.257,-0.100,2.80314,0.11702,41.354,-0.038
4.350,2.70816,0.11687,50.655,-0.062,2.84959,0.11827,49.298,0.017,2.61570,0.11773,61.257,-0.100,2.80312,0.11715,41.354,-0.038
4.356,2.70814,0.11701,50.655,-0.062,2.84957,0.11841,49.298,0.017,2.61568,0.11787,61.257,-0.100,2.80310,0.11729,41.354,-0.038
4.362,2.70812,0.11714,50.655,-0.062,2.84954,0.11855,49.298,0.017,2.61566,0.11800,61.257,-0.100,2.80308,0.11743,41.354,-0.038
4.368,2.70810,0.11728,50.655,-0.062,2.84952,0.11869,49.298,0.017,2.61564,0.11814,61.257,-0.100,2.80306,0.11756,41.354,-0.038
4.374,2.70808,0.11741,50.655,-0.062,2.84950,0.11883,49.299,0.017,2.61562,0.11827,61.257,-0.100,2.80304,0.11770,41.354,-0.038
4.380,2.70806,0.11755,50.655,-0.062,2.84947,0.11897,49.299,0.017,2.61560,0.11841,61.258,-0.100,2.80302,0.11784,41.354,-0.037
4.386,2.70804,0.11768,50.655,-0.062,2.84945,0.11911,49.299,0.017,2.61558,0.11854,61.258,-0.100,2.80300,0.11797,41.354,-0.037
4.392,2.70802,0.11782,50.655,-0.061,2.84943,0.11926,49.299,0.017,2.61555,0.11868,61.258,-0.099,2.80298,0.11811,41.354,-0.037
4.398,2.70800,0.11796,50.655,-0.061,2.84940,0.11940,49.299,0.017,2.61553,0.11882,61.258,-0.099,2.80296,0.11825,41.354,-0.037
4.404,2.70798,0.11809,50.655,-0.061,2.84938,0.11954,49.299,0.017,2.61551,0.11895,61.258,-0.099,2.80294,0.11838,41.354,-0.037
4.410,2.70796,0.11823,50.655,-0.061,2.84936,0.11968,49.299,0.017,2.61549,0.11909,61.258,-0.099,2.80292,0.11852,41.354,-0.037
4.416,2.70794,0.11836,50.655,-0.061,2.84933,0.11982,49.299,0.018,2.61547,0.11922,61.258,-0.099,2.80290,0.11866,41.355,-0.037
4.422,2.70792,0.11850,50.656,-0.061,2.84931,0.11996,49.299,0.018,2.61545,0.11936,61.258,-0.099,2.80288,0.11879,41.355,-0.037
4.428,2.70790,0.11863,50.656,-0.061,2.84929,0.12010,49.300,0.018,2.61543,0.11949,61.258,-0.099,2.80286,0.11893,41.355,-0.037
4.434,2.70788,0.11877,50.656,-0.061,2.84926,0.12024,49.300,0.018,2.61541,0.11963,61.258,-0.099,2.80285,0.11907,41.355,-0.037
4.440,2.70786,0.11891,50.656,-0.061,2.84924,0.12038,49.300,0.018,2.61539,0.11977,61.258,-0.098,2.80283,0.11920,41.355,-0.037
4.446,2.70784,0.11904,50.656,-0.061,2.84922,0.12053,49.300,0.018,2.61536,0.11990,61.258,-0.098,2.80281,0.11934,41.355,-0.037
4.452,2.70782,0.11918,50.656,-0.060,2.84920,0.12067,49.300,0.018,2.61534,0.12004,61.258,-0.098,2.80279,0.11948,41.355,-0.037
4.458,2.70780,0.11931,50.656,-0.060,2.84917,0.12081,49.300,0.018,2.61532,0.12017,61.259,-0.098,2.80277,0.11961,41.355,-0.037
4.464,2.70778,0.11945,50.656,-0.060,2.84915,0.12095,49.300,0.018,2.61530,0.12031,61.259,-0.098,2.80275,0.11975,41.355,-0.036
4.470,2.70776,0.11958,50.656,-0.060,2.84913,0.12109,49.300,0.018,2.61528,0.12044,61.259,-0.098,2.80273,0.11989,41.355,-0.036
4.476,2.70774,0.11972,50.656,-0.060,2.84910,0.12123,49.301,0.018,2.61526,0.12058,61.259,-0.098,2.80271,0.12002,41.355,-0.036
4.482,2.70772,0.11985,50.656,-0.060,2.84908,0.12137,49.301,0.018,2.61524,0.12071,61.259,-0.098,2.80269,0.12016,41.355,-0.036
4.488,2.70770,0.11999,50.656,-0.060,2.84906,0.12151,49.301,0.018,2.61522,0.12085,61.259,-0.098,2.80267,0.12030,41.355,-0.036
4.494,2.70768,0.12012,50.656,-0.060,2.84904,0.12165,49.301,0.019,2.61520,0.12099,61.259,-0.097,2.80265,0.12043,41.355,-0.036
4.500,2.70766,0.12026,50.657,-0.060,2.84901,0.12180,49.301,0.019,2.61518,0.12112,61.259,-0.097,2.80264,0.12057,41.355,-0.036
4.506,2.70764,0.12040,50.657,-0.060,2.84899,0.12194,49.301,0.019,2.61516,0.12126,61.259,-0.097,2.80262,0.12071,41.356,-0.036
4.512,2.70762,0.12053,50.657,-0.060,2.84897,0.12208,49.301,0.019,2.61514,0.12139,61.259,-0.097,2.80260,0.12084,41.356,-0.036
4.518,2.70760,0.12067,50.657,-0.059,2.84895,0.12222,49.301,0.019,2.61512,0.12153,61.259,-0.097,2.80258,0.12098,41.356,-0.036
4.524,2.70758,0.12080,50.657,-0.059,2.84893,0.12236,49.301,0.019,2.61510,0.12166,61.259,-0.097,2.80256,0.12111,41.356,-0.036
4.530,2.70756,0.12094,50.657,-0.059,2.84890,0.12250,49.302,0.019,2.61508,0.12180,61.259,-0.097,2.80254,0.12125,41.356,-0.036
4.536,2.70754,0.12107,50.657,-0.059,2.84888,0.12264,49.302,0.019,2.61506,0.12193,61.260,-0.097,2.80252,0.12139,41.356,-0.036
4.542,2.70752,0.12121,50.657,-0.059,2.84886,0.12278,49.302,0.019,2.61504,0.12207,61.260,-0.096,2.80251,0.12152,41.356,-0.035
4.548,2.70750,0.12134,50.657,-0.059,2.84884,0.12292,49.302,0.019,2.61502,0.12220,61.260,-0.096,2.80249,0.12166,41.356,-0.035
4.554,2.70749,0.12148,50.657,-0.059,2.84882,0.12306,49.302,0.019,2.61500,0.12234,61.260,-0.096,2.80247,0.12180,41.356,-0.035
4.560,2.70747,0.12161,50.657,-0.059,2.84879,0.12320,49.302,0.019,2.61498,0.12247,61.260,-0.096,2.80245,0.12193,41.356,-0.035
4.566,2.70745,0.12175,50.657,-0.059,2.84877,0.12334,49.302,0.019,2.61496,0.12261,61.260,-0.096,2.80243,0.12207,41.356,-0.035
4.572,2.70743,0.12188,50.657,-0.059,2.84875,0.12349,49.302,0.020,2.61494,0.12274,61.260,-0.096,2.80241,0.12220,41.356,-0.035
4.578,2.70741,0.12202,50.657,-0.059,2.84873,0.12363,49.302,0.020,2.61492,0.12288,61.260,-0.096,2.80240,0.12234,41.356,-0.035
4.584,2.70739,0.12215,50.658,-0.058,2.84871,0.12377,49.303,0.020,2.61490,0.12301,61.260,-0.096,2.80238,0.12248,41.356,-0.035
4.590,2.70737,0.12229,50.658,-0.058,2.84868,0.12391,49.303,0.020,2.61488,0.12315,61.260,-0.096,2.80236,0.12261,41.356,-0.035
4.596,2.70735,0.12242,50.658,-0.058,2.84866,0.12405,49.303,0.020,2.61486,0.12328,61.260,-0.095,2.80234,0.12275,41.356,-0.035
4.602,2.70733,0.12256,50.658,-0.058,2.84864,0.12419,49.303,0.020,2.61484,0.12342,61.260,-0.095,2.80232,0.12289,41.357,-0.035
4.608,2.70731,0.12269,50.658,-0.058,2.84862,0.12433,49.303,0.020,2.61482,0.12355,61.260,-0.095,2.80231,0.12302,41.357,-0.035
4.614,2.70730,0.12283,50.658,-0.058,2.84860,0.12447,49.303,0.020,2.61480,0.12369,61.261,-0.095,2.80229,0.12316,41.357,-0.035
4.620,2.70728,0.12296,50.658,-0.058,2.84858,0.12461,49.303,0.020,2.61478,0.12382,61.261,-0.095,2.80227,0.12329,41.357,-0.035
4.626,2.70726,0.12310,50.658,-0.058,2.84856,0.12475,49.303,0.020,2.61476,0.12396,61.261,-0.095,2.80225,0.12343,41.357,-0.034
4.632,2.70724,0.12323,50.658,-0.058,2.84853,0.12489,49.304,0.020,2.61474,0.12409,61.261,-0.095,2.80224,0.12357,41.357,-0.034
4.638,2.70722,0.12337,50.658,-0.058,2.84851,0.12503,49.304,0.020,2.61472,0.12423,61.261,-0.095,2.80222,0.12370,41.357,-0.034
4.644,2.70720,0.12350,50.658,-0.058,2.84849,0.12517,49.304,0.020,2.61470,0.12436,61.261,-0.094,2.80220,0.12384,41.357,-0.034
4.650,2.70718,0.12364,50.658,-0.057,2.84847,0.12531,49.304,0.020,2.61468,0.12450,61.261,-0.094,2.80218,0.12397,41.357,-0.034
4.656,2.70717,0.12377,50.658,-0.057,2.84845,0.12545,49.304,0.021,2.61466,0.12463,61.261,-0.094,2.80217,0.12411,41.357,-0.034
4.662,2.70715,0.12391,50.658,-0.057,2.84843,0.12559,49.304,0.021,2.61464,0.12477,61.261,-0.094,2.80215,0.12425,41.357,-0.034
4.668,2.70713,0.12404,50.659,-0.057,2.84841,0.12574,49.304,0.021,2.61462,0.12490,61.261,-0.094,2.80213,0.12438,41.357,-0.034
4.674,2.70711,0.12418,50.659,-0.057,2.84839,0.12588,49.304,0.021,2.61460,0.12504,61.261,-0.094,2.80211,0.12452,41.357,-0.034
4.680,2.70709,0.12431,50.659,-0.057,2.84837,0.12602,49.304,0.021,2.61458,0.12517,61.261,-0.094,2.80210,0.12465,41.357,-0.034
4.686,2.70707,0.12445,50.659,-0.057,2.84834,0.12616,49.305,0.021,2.61457,0.12531,61.261,-0.094,2.80208,0.12479,41.357,-0.034
4.692,2.70706,0.12458,50.659,-0.057,2.84832,0.12630,49.305,0.021,2.61455,0.12544,61.261,-0.094,2.80206,0.12492,41.358,-0.034
4.698,2.70704,0.12471,50.659,-0.057,2.84830,0.12644,49.305,0.021,2.61453,0.12558,61.262,-0.093,2.80204,0.12506,41.358,-0.034
4.704,2.70702,0.12485,50.659,-0.057,2.84828,0.12658,49.305,0.021,2.61451,0.12571,61.262,-0.093,2.80203,0.12520,41.358,-0.034
4.710,2.70700,0.12498,50.659,-0.057,2.84826,0.12672,49.305,0.021,2.61449,0.12585,61.262,-0.093,2.80201,0.12533,41.358,-0.034
4.716,2.70698,0.12512,50.659,-0.056,2.84824,0.12686,49.305,0.021,2.61447,0.12598,61.262,-0.093,2.80199,0.12547,41.358,-0.033
4.722,2.70697,0.12525,50.659,-0.056,2.84822,0.12700,49.305,0.021,2.61445,0.12611,61.262,-0.093,2.80198,0.12560,41.358,-0.033
4.728,2.70695,0.12539,50.659,-0.056,2.84820,0.12714,49.305,0.021,2.61443,0.12625,61.262,-0.093,2.80196,0.12574,41.358,-0.033
4.734,2.70693,0.12552,50.659,-0.056,2.84818,0.12728,49.305,0.021,2.61441,0.12638,61.262,-0.093,2.80194,0.12587,41.358,-0.033
4.740,2.70691,0.12566,50.659,-0.056,2.84816,0.12742,49.306,0.022,2.61440,0.12652,61.262,-0.093,2.80192,0.12601,41.358,-0.033
4.746,2.70689,0.12579,50.659,-0.056,2.84814,0.12756,49.306,0.022,2.61438,0.12665,61.262,-0.093,2.80191,0.12615,41.358,-0.033
4.752,2.70688,0.12593,50.659,-0.056,2.84812,0.12770,49.306,0.022,2.61436,0.12679,61.262,-0.092,2.80189,0.12628,41.358,-0.033
4.758,2.70686,0.12606,50.660,-0.056,2.84810,0.12784,49.306,0.022,2.61434,0.12692,61.262,-0.092,2.80187,0.12642,41.358,-0.033
4.764,2.70684,0.12619,50.660,-0.056,2.84808,0.12798,49.306,0.022,2.61432,0.12706,61.262,-0.092,2.80186,0.12655,41.358,-0.033
4.770,2.70682,0.12633,50.660,-0.056,2.84806,0.12812,49.306,0.022,2.61430,0.12719,61.262,-0.092,2.80184,0.12669,41.358,-0.033
4.776,2.70681,0.12646,50.660,-0.056,2.84804,0.12826,49.306,0.022,2.61428,0.12732,61.263,-0.092,2.80182,0.12682,41.358,-0.033
4.782,2.70679,0.12660,50.660,-0.056,2.84802,0.12840,49.306,0.022,2.61427,0.12746,61.263,-0.092,2.80181,0.12696,41.358,-0.033
4.788,2.70677,0.12673,50.660,-0.055,2.84800,0.12854,49.306,0.022,2.61425,0.12759,61.263,-0.092,2.80179,0.12709,41.359,-0.033
4.794,2.70675,0.12687,50.660,-0.055,2.84798,0.12868,49.307,0.022,2.61423,0.12773,61.263,-0.092,2.80177,0.12723,41.359,-0.033
4.800,2.70674,0.12700,50.660,-0.055,2.84796,0.12882,49.307,0.022,2.61421,0.12786,61.263,-0.092,2.80176,0.12737,41.359,-0.033
4.806,2.70672,0.12714,50.660,-0.055,2.84794,0.12896,49.307,0.022,2.61419,0.12800,61.263,-0.091,2.80174,0.12750,41.359,-0.032
4.812,2.70670,0.12727,50.660,-0.055,2.84792,0.12910,49.307,0.022,2.61417,0.12813,61.263,-0.091,2.80173,0.12764,41.359,-0.032
4.818,2.70668,0.12740,50.660,-0.055,2.84790,0.12924,49.307,0.022,2.61416,0.12827,61.263,-0.091,2.80171,0.12777,41.359,-0.032
4.824,2.70667,0.12754,50.660,-0.055,2.84788,0.12938,49.307,0.023,2.61414,0.12840,61.263,-0.091,2.80169,0.12791,41.359,-0.032
4.830,2.70665,0.12767,50.660,-0.055,2.84786,0.12952,49.307,0.023,2.61412,0.12853,61.263,-0.091,2.80168,0.12804,41.359,-0.032
4.836,2.70663,0.12781,50.660,-0.055,2.84784,0.12966,49.307,0.023,2.61410,0.12867,61.263,-0.091,2.80166,0.12818,41.359,-0.032
4.842,2.70662,0.12794,50.661,-0.055,2.84782,0.12980,49.307,0.023,2.61408,0.12880,61.263,-0.091,2.80164,0.12831,41.359,-0.032
4.848,2.70660,0.12807,50.661,-0.055,2.84780,0.12994,49.308,0.023,2.61406,0.12894,61.263,-0.091,2.80163,0.12845,41.359,-0.032
4.854,2.70658,0.12821,50.661,-0.055,2.84778,0.13008,49.308,0.023,2.61405,0.12907,61.263,-0.091,2.80161,0.12858,41.359,-0.032
4.860,2.70656,0.12834,50.661,-0.054,2.84776,0.13022,49.308,0.023,2.61403,0.12920,61.264,-0.090,2.80160,0.12872,41.359,-0.032
4.866,2.70655,0.12848,50.661,-0.054,2.84774,0.13036,49.308,0.023,2.61401,0.12934,61.264,-0.090,2.80158,0.12885,41.359,-0.032
4.872,2.70653,0.12861,50.661,-0.054,2.84772,0.13050,49.308,0.023,2.61399,0.12947,61.264,-0.090,2.80156,0.12899,41.359,-0.032
4.878,2.70651,0.12875,50.661,-0.054,2.84770,0.13064,49.308,0.023,2.61397,0.12961,61.264,-0.090,2.80155,0.12913,41.359,-0.032
4.884,2.70650,0.12888,50.661,-0.054,2.84768,0.13078,49.308,0.023,2.61396,0.12974,61.264,-0.090,2.80153,0.12926,41.360,-0.032
4.890,2.70648,0.12901,50.661,-0.054,2.84766,0.13092,49.308,0.023,2.61394,0.12987,61.264,-0.090,2.80152,0.12940,41.360,-0.032
4.896,2.70646,0.12915,50.661,-0.054,2.84764,0.13106,49.308,0.023,2.61392,0.13001,61.264,-0.090,2.80150,0.12953,41.360,-0.031
4.902,2.70645,0.12928,50.661,-0.054,2.84762,0.13120,49.309,0.023,2.61390,0.13014,61.264,-0.090,2.80148,0.12967,41.360,-0.031
4.908,2.70643,0.12942,50.661,-0.054,2.84760,0.13134,49.309,0.024,2.61389,0.13028,61.264,-0.090,2.80147,0.12980,41.360,-0.031
4.914,2.70641,0.12955,50.661,-0.054,2.84758,0.13148,49.309,0.024,2.61387,0.13041,61.264,-0.090,2.80145,0.12994,41.360,-0.031
4.920,2.70640,0.12968,50.661,-0.054,2.84757,0.13162,49.309,0.024,2.61385,0.13054,61.264,-0.089,2.80144,0.13007,41.360,-0.031
4.926,2.70638,0.12982,50.662,-0.054,2.84755,0.13176,49.309,0.024,2.61383,0.13068,61.264,-0.089,2.80142,0.13021,41.360,-0.031
4.932,2.70636,0.12995,50.662,-0.053,2.84753,0.13190,49.309,0.024,2.61382,0.13081,61.264,-0.089,2.80141,0.13034,41.360,-0.031
4.938,2.70635,0.13009,50.662,-0.053,2.84751,0.13204,49.309,0.024,2.61380,0.13095,61.264,-0.089,2.80139,0.13048,41.360,-0.031
4.944,2.70633,0.13022,50.662,-0.053,2.84749,0.13218,49.309,0.024,2.61378,0.13108,61.265,-0.089,2.80138,0.13061,41.360,-0.031
4.950,2.70631,0.13035,50.662,-0.053,2.84747,0.13232,49.309,0.024,2.61376,0.13121,61.265,-0.089,2.80136,0.13075,41.360,-0.031
4.956,2.70630,0.13049,50.662,-0.053,2.84745,0.13246,49.309,0.024,2.61375,0.13135,61.265,-0.089,2.80134,0.13088,41.360,-0.031
4.962,2.70628,0.13062,50.662,-0.053,2.84743,0.13260,49.310,0.024,2.61373,0.13148,61.265,-0.089,2.80133,0.13102,41.360,-0.031
4.968,2.70626,0.13075,50.662,-0.053,2.84741,0.13274,49.310,0.024,2.61371,0.13162,61.265,-0.089,2.80131,0.13115,41.360,-0.031
4.974,2.70625,0.13089,50.662,-0.053,2.84739,0.13288,49.310,0.024,2.61369,0.13175,61.265,-0.088,2.80130,0.13129,41.360,-0.031
4.980,2.70623,0.13102,50.662,-0.053,2.84738,0.13302,49.310,0.024,2.61368,0.13188,61.265,-0.088,2.80128,0.13142,41.361,-0.031
4.986,2.70622,0.13116,50.662,-0.053,2.84736,0.13316,49.310,0.024,2.61366,0.13202,61.265,-0.088,2.80127,0.13156,41.361,-0.030
4.992,2.70620,0.13129,50.662,-0.053,2.84734,0.13330,49.310,0.024,2.61364,0.13215,61.265,-0.088,2.80125,0.13169,41.361,-0.030
4.998,2.70618,0.13142,50.662,-0.053,2.84732,0.13344,49.310,0.025,2.61363,0.13228,61.265,-0.088,2.80124,0.13183,41.361,-0.030
5.004,2.70617,0.13156,50.662,-0.052,2.84730,0.13358,49.310,0.025,2.61361,0.13242,61.265,-0.088,2.80122,0.13196,41.361,-0.030
5.010,2.70615,0.13169,50.662,-0.052,2.84728,0.13371,49.310,0.025,2.61359,0.13255,61.265,-0.088,2.80121,0.13210,41.361,-0.030
5.016,2.70614,0.13182,50.663,-0.052,2.84726,0.13385,49.311,0.025,2.61357,0.13268,61.265,-0.088,2.80119,0.13223,41.361,-0.030
5.022,2.70612,0.13196,50.663,-0.052,2.84725,0.13399,49.311,0.025,2.61356,0.13282,61.265,-0.088,2.80118,0.13236,41.361,-0.030
5.028,2.70610,0.13209,50.663,-0.052,2.84723,0.13413,49.311,0.025,2.61354,0.13295,61.266,-0.088,2.80116,0.13250,41.361,-0.030
5.034,2.70609,0.13222,50.663,-0.052,2.84721,0.13427,49.311,0.025,2.61352,0.13309,61.266,-0.087,2.80115,0.13263,41.361,-0.030
5.040,2.70607,0.13236,50.663,-0.052,2.84719,0.13441,49.311,0.025,2.61351,0.13322,61.266,-0.087,2.80113,0.13277,41.361,-0.030
5.046,2.70606,0.13249,50.663,-0.052,2.84717,0.13455,49.311,0.025,2.61349,0.13335,61.266,-0.087,2.80112,0.13290,41.361,-0.030
5.052,2.70604,0.13263,50.663,-0.052,2.84715,0.13469,49.311,0.025,2.61347,0.13349,61.266,-0.087,2.80110,0.13304,41.361,-0.030
5.058,2.70602,0.13276,50.663,-0.052,2.84714,0.13483,49.311,0.025,2.61346,0.13362,61.266,-0.087,2.80109,0.13317,41.361,-0.030
5.064,2.70601,0.13289,50.663,-0.052,2.84712,0.13497,49.311,0.025,2.61344,0.13375,61.266,-0.087,2.80107,0.13331,41.361,-0.030
5.070,2.70599,0.13303,50.663,-0.052,2.84710,0.13511,49.312,0.025,2.61342,0.13389,61.266,-0.087,2.80106,0.13344,41.361,-0.030
5.076,2.70598,0.13316,50.663,-0.051,2.84708,0.13525,49.312,0.025,2.61341,0.13402,61.266,-0.087,2.80104,0.13358,41.362,-0.030
5.082,2.70596,0.13329,50.663,-0.051,2.84706,0.13539,49.312,0.025,2.61339,0.13415,61.266,-0.087,2.80103,0.13371,41.362,-0.029
5.088,2.70595,0.13343,50.663,-0.051,2.84705,0.13553,49.312,0.025,2.61337,0.13429,61.266,-0.087,2.80102,0.13385,41.362,-0.029
5.094,2.70593,0.13356,50.663,-0.051,2.84703,0.13567,49.312,0.026,2.61336,0.13442,61.266,-0.086,2.80100,0.13398,41.362,-0.029
5.100,2.70591,0.13369,50.663,-0.051,2.84701,0.13581,49.312,0.026,2.61334,0.13455,61.266,-0.086,2.80099,0.13412,41.362,-0.029
5.106,2.70590,0.13383,50.664,-0.051,2.84699,0.13595,49.312,0.026,2.61332,0.13469,61.266,-0.086,2.80097,0.13425,41.362,-0.029
5.112,2.70588,0.13396,50.664,-0.051,2.84697,0.13608,49.312,0.026,2.61331,0.13482,61.267,-0.086,2.80096,0.13438,41.362,-0.029
5.118,2.70587,0.13409,50.664,-0.051,2.84696,0.13622,49.312,0.026,2.61329,0.13495,61.267,-0.086,2.80094,0.13452,41.362,-0.029
5.124,2.70585,0.13423,50.664,-0.051,2.84694,0.13636,49.312,0.026,2.61327,0.13509,61.267,-0.086,2.80093,0.13465,41.362,-0.029
5.130,2.70584,0.13436,50.664,-0.051,2.84692,0.13650,49.313,0.026,2.61326,0.13522,61.267,-0.086,2.80091,0.13479,41.362,-0.029
5.136,2.70582,0.13449,50.664,-0.051,2.84690,0.13664,49.313,0.026,2.61324,0.13535,61.267,-0.086,2.80090,0.13492,41.362,-0.029
5.142,2.70581,0.13463,50.664,-0.051,2.84688,0.13678,49.313,0.026,2.61323,0.13549,61.267,-0.086,2.80089,0.13506,41.362,-0.029
5.148,2.70579,0.13476,50.664,-0.051,2.84687,0.13692,49.313,0.026,2.61321,0.13562,61.267,-0.085,2.80087,0.13519,41.362,-0.029
5.154,2.70578,0.13489,50.664,-0.050,2.84685,0.13706,49.313,0.026,2.61319,0.13575,61.267,-0.085,2.80086,0.13533,41.362,-0.029
5.160,2.70576,0.13503,50.664,-0.050,2.84683,0.13720,49.313,0.026,2.61318,0.13589,61.267,-0.085,2.80084,0.13546,41.362,-0.029
5.166,2.70575,0.13516,50.664,-0.050,2.84681,0.13734,49.313,0.026,2.61316,0.13602,61.267,-0.085,2.80083,0.13559,41.362,-0.029
5.172,2.70573,0.13529,50.664,-0.050,2.84680,0.13748,49.313,0.026,2.61314,0.13615,61.267,-0.085,2.80082,0.13573,41.362,-0.029
5.178,2.70572,0.13543,50.664,-0.050,2.84678,0.13762,49.313,0.026,2.61313,0.13629,61.267,-0.085,2.80080,0.13586,41.363,-0.029
5.184,2.70570,0.13556,50.664,-0.050,2.84676,0.13775,49.314,0.027,2.61311,0.13642,61.267,-0.085,2.80079,0.13600,41.363,-0.028
5.190,2.70569,0.13569,50.664,-0.050,2.84674,0.13789,49.314,0.027,2.61310,0.13655,61.267,-0.085,2.80077,0.13613,41.363,-0.028
5.196,2.70567,0.13583,50.665,-0.050,2.84673,0.13803,49.314,0.027,2.61308,0.13668,61.268,-0.085,2.80076,0.13627,41.363,-0.028
5.202,2.70566,0.13596,50.665,-0.050,2.84671,0.13817,49.314,0.027,2.61306,0.13682,61.268,-0.085,2.80075,0.13640,41.363,-0.028
5.208,2.70564,0.13609,50.665,-0.050,2.84669,0.13831,49.314,0.027,2.61305,0.13695,61.268,-0.085,2.80073,0.13653,41.363,-0.028
5.214,2.70563,0.13622,50.665,-0.050,2.84668,0.13845,49.314,0.027,2.61303,0.13708,61.268,-0.084,2.80072,0.13667,41.363,-0.028
5.220,2.70561,0.13636,50.665,-0.050,2.84666,0.13859,49.314,0.027,2.61302,0.13722,61.268,-0.084,2.80070,0.13680,41.363,-0.028
5.226,2.70560,0.13649,50.665,-0.050,2.84664,0.13873,49.314,0.027,2.61300,0.13735,61.268,-0.084,2.80069,0.13694,41.363,-0.028
5.232,2.70558,0.13662,50.665,-0.049,2.84662,0.13887,49.314,0.027,2.61298,0.13748,61.268,-0.084,2.80068,0.13707,41.363,-0.028
5.238,2.70557,0.13676,50.665,-0.049,2.84661,0.13901,49.314,0.027,2.61297,0.13762,61.268,-0.084,2.80066,0.13721,41.363,-0.028
5.244,2.70555,0.13689,50.665,-0.049,2.84659,0.13914,49.315,0.027,2.61295,0.13775,61.268,-0.084,2.80065,0.13734,41.363,-0.028
5.250,2.70554,0.13702,50.665,-0.049,2.84657,0.13928,49.315,0.027,2.61294,0.13788,61.268,-0.084,2.80064,0.13747,41.363,-0.028
5.256,2.70552,0.13716,50.665,-0.049,2.84656,0.13942,49.315,0.027,2.61292,0.13801,61.268,-0.084,2.80062,0.13761,41.363,-0.028
5.262,2.70551,0.13729,50.665,-0.049,2.84654,0.13956,49.315,0.027,2.61291,0.13815,61.268,-0.084,2.80061,0.13774,41.363,-0.028
5.268,2.70549,0.13742,50.665,-0.049,2.84652,0.13970,49.315,0.027,2.61289,0.13828,61.268,-0.084,2.80060,0.13788,41.363,-0.028
5.274,2.70548,0.13755,50.665,-0.049,2.84651,0.13984,49.315,0.027,2.61288,0.13841,61.268,-0.083,2.80058,0.13801,41.363,-0.028
5.280,2.70547,0.13769,50.665,-0.049,2.84649,0.13998,49.315,0.028,2.61286,0.13855,61.269,-0.083,2.80057,0.13814,41.364,-0.027
5.286,2.70545,0.13782,50.666,-0.049,2.84647,0.14012,49.315,0.028,2.61284,0.13868,61.269,-0.083,2.80056,0.13828,41.364,-0.027
5.292,2.70544,0.13795,50.666,-0.049,2.84645,0.14026,49.315,0.028,2.61283,0.13881,61.269,-0.083,2.80054,0.13841,41.364,-0.027
5.298,2.70542,0.13809,50.666,-0.049,2.84644,0.14039,49.315,0.028,2.61281,0.13894,61.269,-0.083,2.80053,0.13855,41.364,-0.027
5.304,2.70541,0.13822,50.666,-0.049,2.84642,0.14053,49.316,0.028,2.61280,0.13908,61.269,-0.083,2.80052,0.13868,41.364,-0.027
5.310,2.70539,0.13835,50.666,-0.048,2.84640,0.14067,49.316,0.028,2.61278,0.13921,61.269,-0.083,2.80050,0.13881,41.364,-0.027
5.316,2.70538,0.13848,50.666,-0.048,2.84639,0.14081,49.316,0.028,2.61277,0.13934,61.269,-0.083,2.80049,0.13895,41.364,-0.027
5.322,2.70536,0.13862,50.666,-0.048,2.84637,0.14095,49.316,0.028,2.61275,0.13947,61.269,-0.083,2.80048,0.13908,41.364,-0.027
5.328,2.70535,0.13875,50.666,-0.048,2.84635,0.14109,49.316,0.028,2.61274,0.13961,61.269,-0.083,2.80046,0.13922,41.364,-0.027
5.334,2.70534,0.13888,50.666,-0.048,2.84634,0.14123,49.316,0.028,2.61272,0.13974,61.269,-0.082,2.80045,0.13935,41.364,-0.027
5.340,2.70532,0.13901,50.666,-0.048,2.84632,0.14137,49.316,0.028,2.61271,0.13987,61.269,-0.082,2.80044,0.13948,41.364,-0.027
5.346,2.70531,0.13915,50.666,-0.048,2.84631,0.14150,49.316,0.028,2.61269,0.14000,61.269,-0.082,2.80042,0.13962,41.364,-0.027
5.352,2.70529,0.13928,50.666,-0.048,2.84629,0.14164,49.316,0.028,2.61268,0.14014,61.269,-0.082,2.80041,0.13975,41.364,-0.027
5.358,2.70528,0.13941,50.666,-0.048,2.84627,0.14178,49.316,0.028,2.61266,0.14027,61.269,-0.082,2.80040,0.13988,41.364,-0.027
5.364,2.70527,0.13955,50.666,-0.048,2.84626,0.14192,49.317,0.028,2.61265,0.14040,61.270,-0.082,2.80039,0.14002,41.364,-0.027
5.370,2.70525,0.13968,50.666,-0.048,2.84624,0.14206,49.317,0.028,2.61263,0.14053,61.270,-0.082,2.80037,0.14015,41.364,-0.027
5.376,2.70524,0.13981,50.667,-0.048,2.84622,0.14220,49.317,0.028,2.61262,0.14067,61.270,-0.082,2.80036,0.14029,41.364,-0.027
5.382,2.70522,0.13994,50.667,-0.048,2.84621,0.14234,49.317,0.029,2.61260,0.14080,61.270,-0.082,2.80035,0.14042,41.365,-0.027
5.388,2.70521,0.14008,50.667,-0.048,2.84619,0.14247,49.317,0.029,2.61259,0.14093,61.270,-0.082,2.80033,0.14055,41.365,-0.026
5.394,2.70520,0.14021,50.667,-0.047,2.84618,0.14261,49.317,0.029,2.61257,0.14106,61.270,-0.082,2.80032,0.14069,41.365,-0.026
5.400,2.70518,0.14034,50.667,-0.047,2.84616,0.14275,49.317,0.029,2.61256,0.14120,61.270,-0.081,2.80031,0.14082,41.365,-0.026
5.406,2.70517,0.14047,50.667,-0.047,2.84614,0.14289,49.317,0.029,2.61254,0.14133,61.270,-0.081,2.80030,0.14095,41.365,-0.026
5.412,2.70515,0.14061,50.667,-0.047,2.84613,0.14303,49.317,0.029,2.61253,0.14146,61.270,-0.081,2.80028,0.14109,41.365,-0.026
5.418,2.70514,0.14074,50.667,-0.047,2.84611,0.14317,49.317,0.029,2.61251,0.14159,61.270,-0.081,2.80027,0.14122,41.365,-0.026
5.424,2.70513,0.14087,50.667,-0.047,2.84610,0.14331,49.318,0.029,2.61250,0.14173,61.270,-0.081,2.80026,0.14136,41.365,-0.026
5.430,2.70511,0.14100,50.667,-0.047,2.84608,0.14344,49.318,0.029,2.61248,0.14186,61.270,-0.081,2.80025,0.14149,41.365,-0.026
5.436,2.70510,0.14114,50.667,-0.047,2.84606,0.14358,49.318,0.029,2.61247,0.14199,61.270,-0.081,2.80023,0.14162,41.365,-0.026
5.442,2.70509,0.14127,50.667,-0.047,2.84605,0.14372,49.318,0.029,2.61245,0.14212,61.270,-0.081,2.80022,0.14176,41.365,-0.026
5.448,2.70507,0.14140,50.667,-0.047,2.84603,0.14386,49.318,0.029,2.61244,0.14226,61.270,-0.081,2.80021,0.14189,41.365,-0.026
5.454,2.70506,0.14153,50.667,-0.047,2.84602,0.14400,49.318,0.029,2.61242,0.14239,61.271,-0.081,2.80020,0.14202,41.365,-0.026
5.460,2.70505,0.14166,50.667,-0.047,2.84600,0.14414,49.318,0.029,2.61241,0.14252,61.271,-0.081,2.80018,0.14216,41.365,-0.026
5.466,2.70503,0.14180,50.668,-0.047,2.84598,0.14428,49.318,0.029,2.61239,0.14265,61.271,-0.080,2.80017,0.14229,41.365,-0.026
5.472,2.70502,0.14193,50.668,-0.047,2.84597,0.14441,49.318,0.029,2.61238,0.14278,61.271,-0.080,2.80016,0.14242,41.365,-0.026
5.478,2.70501,0.14206,50.668,-0.046,2.84595,0.14455,49.318,0.029,2.61236,0.14292,61.271,-0.080,2.80015,0.14256,41.365,-0.026
5.484,2.70499,0.14219,50.668,-0.046,2.84594,0.14469,49.319,0.030,2.61235,0.14305,61.271,-0.080,2.80013,0.14269,41.366,-0.026
5.490,2.70498,0.14233,50.668,-0.046,2.84592,0.14483,49.319,0.030,2.61234,0.14318,61.271,-0.080,2.80012,0.14282,41.366,-0.025
5.496,2.70497,0.14246,50.668,-0.046,2.84591,0.14497,49.319,0.030,2.61232,0.14331,61.271,-0.080,2.80011,0.14296,41.366,-0.025
5.502,2.70495,0.14259,50.668,-0.046,2.84589,0.14511,49.319,0.030,2.61231,0.14345,61.271,-0.080,2.80010,0.14309,41.366,-0.025
5.508,2.70494,0.14272,50.668,-0.046,2.84588,0.14524,49.319,0.030,2.61229,0.14358,61.271,-0.080,2.80009,0.14322,41.366,-0.025
5.514,2.70493,0.14285,50.668,-0.046,2.84586,0.14538,49.319,0.030,2.61228,0.14371,61.271,-0.080,2.80007,0.14336,41.366,-0.025
5.520,2.70491,0.14299,50.668,-0.046,2.84584,0.14552,49.319,0.030,2.61226,0.14384,61.271,-0.080,2.80006,0.14349,41.366,-0.025
5.526,2.70490,0.14312,50.668,-0.046,2.84583,0.14566,49.319,0.030,2.61225,0.14397,61.271,-0.080,2.80005,0.14362,41.366,-0.025
5.532,2.70489,0.14325,50.668,-0.046,2.84581,0.14580,49.319,0.030,2.61224,0.14411,61.271,-0.079,2.80004,0.14376,41.366,-0.025
5.538,2.70487,0.14338,50.668,-0.046,2.84580,0.14593,49.319,0.030,2.61222,0.14424,61.272,-0.079,2.80003,0.14389,41.366,-0.025
5.544,2.70486,0.14352,50.668,-0.046,2.84578,0.14607,49.320,0.030,2.61221,0.14437,61.272,-0.079,2.80001,0.14402,41.366,-0.025
5.550,2.70485,0.14365,50.668,-0.046,2.84577,0.14621,49.320,0.030,2.61219,0.14450,61.272,-0.079,2.80000,0.14416,41.366,-0.025
5.556,2.70483,0.14378,50.668,-0.046,2.84575,0.14635,49.320,0.030,2.61218,0.14463,61.272,-0.079,2.79999,0.14429,41.366,-0.025
5.562,2.70482,0.14391,50.669,-0.045,2.84574,0.14649,49.320,0.030,2.61216,0.14477,61.272,-0.079,2.79998,0.14442,41.366,-0.025
5.568,2.70481,0.14404,50.669,-0.045,2.84572,0.14663,49.320,0.030,2.61215,0.14490,61.272,-0.079,2.79997,0.14456,41.366,-0.025
5.574,2.70479,0.14418,50.669,-0.045,2.84571,0.14676,49.320,0.030,2.61214,0.14503,61.272,-0.079,2.79995,0.14469,41.366,-0.025
5.580,2.70478,0.14431,50.669,-0.045,2.84569,0.14690,49.320,0.030,2.61212,0.14516,61.272,-0.079,2.79994,0.14482,41.366,-0.025
5.586,2.70477,0.14444,50.669,-0.045,2.84568,0.14704,49.320,0.031,2.61211,0.14529,61.272,-0.079,2.79993,0.14496,41.367,-0.025
5.592,2.70476,0.14457,50.669,-0.045,2.84566,0.14718,49.320,0.031,2.61209,0.14543,61.272,-0.079,2.79992,0.14509,41.367,-0.025
5.598,2.70474,0.14470,50.669,-0.045,2.84565,0.14732,49.320,0.031,2.61208,0.14556,61.272,-0.078,2.79991,0.14522,41.367,-0.024
5.604,2.70473,0.14484,50.669,-0.045,2.84563,0.14745,49.321,0.031,2.61207,0.14569,61.272,-0.078,2.79990,0.14536,41.367,-0.024
5.610,2.70472,0.14497,50.669,-0.045,2.84562,0.14759,49.321,0.031,2.61205,0.14582,61.272,-0.078,2.79988,0.14549,41.367,-0.024
5.616,2.70470,0.14510,50.669,-0.045,2.84560,0.14773,49.321,0.031,2.61204,0.14595,61.272,-0.078,2.79987,0.14562,41.367,-0.024
5.622,2.70469,0.14523,50.669,-0.045,2.84559,0.14787,49.321,0.031,2.61203,0.14608,61.272,-0.078,2.79986,0.14576,41.367,-0.024
5.628,2.70468,0.14536,50.669,-0.045,2.84557,0.14801,49.321,0.031,2.61201,0.14622,61.273,-0.078,2.79985,0.14589,41.367,-0.024
5.634,2.70467,0.14550,50.669,-0.045,2.84556,0.14814,49.321,0.031,2.61200,0.14635,61.273,-0.078,2.79984,0.14602,41.367,-0.024
5.640,2.70465,0.14563,50.669,-0.045,2.84554,0.14828,49.321,0.031,2.61198,0.14648,61.273,-0.078,2.79983,0.14615,41.367,-0.024
5.646,2.70464,0.14576,50.669,-0.044,2.84553,0.14842,49.321,0.031,2.61197,0.14661,61.273,-0.078,2.79982,0.14629,41.367,-0.024
5.652,2.70463,0.14589,50.670,-0.044,2.84551,0.14856,49.321,0.031,2.61196,0.14674,61.273,-0.078,2.79980,0.14642,41.367,-0.024
5.658,2.70462,0.14602,50.670,-0.044,2.84550,0.14870,49.321,0.031,2.61194,0.14687,61.273,-0.078,2.79979,0.14655,41.367,-0.024
5.664,2.70460,0.14615,50.670,-0.044,2.84548,0.14883,49.322,0.031,2.61193,0.14701,61.273,-0.077,2.79978,0.14669,41.367,-0.024
5.670,2.70459,0.14629,50.670,-0.044,2.84547,0.14897,49.322,0.031,2.61192,0.14714,61.273,-0.077,2.79977,0.14682,41.367,-0.024
5.676,2.70458,0.14642,50.670,-0.044,2.84545,0.14911,49.322,0.031,2.61190,0.14727,61.273,-0.077,2.79976,0.14695,41.367,-0.024
5.682,2.70457,0.14655,50.670,-0.044,2.84544,0.14925,49.322,0.031,2.61189,0.14740,61.273,-0.077,2.79975,0.14709,41.367,-0.024
5.688,2.70455,0.14668,50.670,-0.044,2.84543,0.14939,49.322,0.031,2.61188,0.14753,61.273,-0.077,2.79974,0.14722,41.367,-0.024
5.694,2.70454,0.14681,50.670,-0.044,2.84541,0.14952,49.322,0.032,2.61186,0.14766,61.273,-0.077,2.79973,0.14735,41.368,-0.024
5.700,2.70453,0.14694,50.670,-0.044,2.84540,0.14966,49.322,0.032,2.61185,0.14780,61.273,-0.077,2.79971,0.14748,41.368,-0.024
5.706,2.70452,0.14708,50.670,-0.044,2.84538,0.14980,49.322,0.032,2.61183,0.14793,61.273,-0.077,2.79970,0.14762,41.368,-0.024
5.712,2.70451,0.14721,50.670,-0.044,2.84537,0.14994,49.322,0.032,2.61182,0.14806,61.273,-0.077,2.79969,0.14775,41.368,-0.023
5.718,2.70449,0.14734,50.670,-0.044,2.84535,0.15007,49.322,0.032,2.61181,0.14819,61.274,-0.077,2.79968,0.14788,41.368,-0.023
5.724,2.70448,0.14747,50.670,-0.044,2.84534,0.15021,49.323,0.032,2.61179,0.14832,61.274,-0.077,2.79967,0.14802,41.368,-0.023
5.730,2.70447,0.14760,50.670,-0.044,2.84532,0.15035,49.323,0.032,2.61178,0.14845,61.274,-0.077,2.79966,0.14815,41.368,-0.023
5.736,2.70446,0.14773,50.670,-0.043,2.84531,0.15049,49.323,0.032,2.61177,0.14858,61.274,-0.076,2.79965,0.14828,41.368,-0.023
5.742,2.70444,0.14787,50.670,-0.043,2.84530,0.15063,49.323,0.032,2.61175,0.14872,61.274,-0.076,2.79964,0.14841,41.368,-0.023
5.748,2.70443,0.14800,50.671,-0.043,2.84528,0.15076,49.323,0.032,2.61174,0.14885,61.274,-0.076,2.79963,0.14855,41.368,-0.023
5.754,2.70442,0.14813,50.671,-0.043,2.84527,0.15090,49.323,0.032,2.61173,0.14898,61.274,-0.076,2.79962,0.14868,41.368,-0.023
5.760,2.70441,0.14826,50.671,-0.043,2.84525,0.15104,49.323,0.032,2.61172,0.14911,61.274,-0.076,2.79961,0.14881,41.368,-0.023
5.766,2.70440,0.14839,50.671,-0.043,2.84524,0.15118,49.323,0.032,2.61170,0.14924,61.274,-0.076,2.79959,0.14894,41.368,-0.023
5.772,2.70438,0.14852,50.671,-0.043,2.84523,0.15131,49.323,0.032,2.61169,0.14937,61.274,-0.076,2.79958,0.14908,41.368,-0.023
5.778,2.70437,0.14865,50.671,-0.043,2.84521,0.15145,49.323,0.032,2.61168,0.14950,61.274,-0.076,2.79957,0.14921,41.368,-0.023
5.784,2.70436,0.14879,50.671,-0.043,2.84520,0.15159,49.323,0.032,2.61166,0.14964,61.274,-0.076,2.79956,0.14934,41.368,-0.023
5.790,2.70435,0.14892,50.671,-0.043,2.84518,0.15173,49.324,0.032,2.61165,0.14977,61.274,-0.076,2.79955,0.14948,41.368,-0.023
5.796,2.70434,0.14905,50.671,-0.043,2.84517,0.15186,49.324,0.032,2.61164,0.14990,61.274,-0.076,2.79954,0.14961,41.368,-0.023
5.802,2.70432,0.14918,50.671,-0.043,2.84516,0.15200,49.324,0.033,2.61162,0.15003,61.275,-0.075,2.79953,0.14974,41.369,-0.023
5.808,2.70431,0.14931,50.671,-0.043,2.84514,0.15214,49.324,0.033,2.61161,0.15016,61.275,-0.075,2.79952,0.14987,41.369,-0.023
5.814,2.70430,0.14944,50.671,-0.043,2.84513,0.15228,49.324,0.033,2.61160,0.15029,61.275,-0.075,2.79951,0.15001,41.369,-0.023
5.820,2.70429,0.14957,50.671,-0.043,2.84511,0.15241,49.324,0.033,2.61158,0.15042,61.275,-0.075,2.79950,0.15014,41.369,-0.023
5.826,2.70428,0.14971,50.671,-0.042,2.84510,0.15255,49.324,0.033,2.61157,0.15055,61.275,-0.075,2.79949,0.15027,41.369,-0.022
5.832,2.70427,0.14984,50.671,-0.042,2.84509,0.15269,49.324,0.033,2.61156,0.15069,61.275,-0.075,2.79948,0.15040,41.369,-0.022
5.838,2.70425,0.14997,50.671,-0.042,2.84507,0.15283,49.324,0.033,2.61155,0.15082,61.275,-0.075,2.79947,0.15054,41.369,-0.022
5.844,2.70424,0.15010,50.672,-0.042,2.84506,0.15296,49.324,0.033,2.61153,0.15095,61.275,-0.075,2.79946,0.15067,41.369,-0.022
5.850,2.70423,0.15023,50.672,-0.042,2.84504,0.15310,49.325,0.033,2.61152,0.15108,61.275,-0.075,2.79945,0.15080,41.369,-0.022
5.856,2.70422,0.15036,50.672,-0.042,2.84503,0.15324,49.325,0.033,2.61151,0.15121,61.275,-0.075,2.79944,0.15093,41.369,-0.022
5.862,2.70421,0.15049,50.672,-0.042,2.84502,0.15338,49.325,0.033,2.61150,0.15134,61.275,-0.075,2.79943,0.15107,41.369,-0.022
5.868,2.70420,0.15062,50.672,-0.042,2.84500,0.15351,49.325,0.033,2.61148,0.15147,61.275,-0.075,2.79942,0.15120,41.369,-0.022
5.874,2.70418,0.15076,50.672,-0.042,2.84499,0.15365,49.325,0.033,2.61147,0.15160,61.275,-0.074,2.79940,0.15133,41.369,-0.022
5.880,2.70417,0.15089,50.672,-0.042,2.84498,0.15379,49.325,0.033,2.61146,0.15173,61.275,-0.074,2.79939,0.15146,41.369,-0.022
5.886,2.70416,0.15102,50.672,-0.042,2.84496,0.15393,49.325,0.033,2.61144,0.15187,61.275,-0.074,2.79938,0.15160,41.369,-0.022
5.892,2.70415,0.15115,50.672,-0.042,2.84495,0.15406,49.325,0.033,2.61143,0.15200,61.275,-0.074,2.79937,0.15173,41.369,-0.022
5.898,2.70414,0.15128,50.672,-0.042,2.84494,0.15420,49.325,0.033,2.61142,0.15213,61.276,-0.074,2.79936,0.15186,41.369,-0.022
5.904,2.70413,0.15141,50.672,-0.042,2.84492,0.15434,49.325,0.033,2.61141,0.15226,61.276,-0.074,2.79935,0.15199,41.369,-0.022
5.910,2.70412,0.15154,50.672,-0.042,2.84491,0.15448,49.325,0.034,2.61139,0.15239,61.276,-0.074,2.79934,0.15212,41.370,-0.022
5.916,2.70410,0.15167,50.672,-0.041,2.84490,0.15461,49.326,0.034,2.61138,0.15252,61.276,-0.074,2.79933,0.15226,41.370,-0.022
5.922,2.70409,0.15181,50.672,-0.041,2.84488,0.15475,49.326,0.034,2.61137,0.15265,61.276,-0.074,2.79932,0.15239,41.370,-0.022
5.928,2.70408,0.15194,50.672,-0.041,2.84487,0.15489,49.326,0.034,2.61136,0.15278,61.276,-0.074,2.79931,0.15252,41.370,-0.022
5.934,2.70407,0.15207,50.672,-0.041,2.84486,0.15503,49.326,0.034,2.61134,0.15291,61.276,-0.074,2.79930,0.15265,41.370,-0.022
5.940,2.70406,0.15220,50.673,-0.041,2.84484,0.15516,49.326,0.034,2.61133,0.15304,61.276,-0.074,2.79929,0.15279,41.370,-0.022
5.946,2.70405,0.15233,50.673,-0.041,2.84483,0.15530,49.326,0.034,2.61132,0.15317,61.276,-0.073,2.79928,0.15292,41.370,-0.021
5.952,2.70404,0.15246,50.673,-0.041,2.84482,0.15544,49.326,0.034,2.61131,0.15331,61.276,-0.073,2.79927,0.15305,41.370,-0.021
5.958,2.70403,0.15259,50.673,-0.041,2.84480,0.15557,49.326,0.034,2.61129,0.15344,61.276,-0.073,2.79926,0.15318,41.370,-0.021
5.964,2.70401,0.15272,50.673,-0.041,2.84479,0.15571,49.326,0.034,2.61128,0.15357,61.276,-0.073,2.79925,0.15332,41.370,-0.021
5.970,2.70400,0.15285,50.673,-0.041,2.84478,0.15585,49.326,0.034,2.61127,0.15370,61.276,-0.073,2.79924,0.15345,41.370,-0.021
5.976,2.70399,0.15298,50.673,-0.041,2.84476,0.15599,49.326,0.034,2.61126,0.15383,61.276,-0.073,2.79923,0.15358,41.370,-0.021
5.982,2.70398,0.15312,50.673,-0.041,2.84475,0.15612,49.327,0.034,2.61125,0.15396,61.276,-0.073,2.79922,0.15371,41.370,-0.021
5.988,2.70397,0.15325,50.673,-0.041,2.84474,0.15626,49.327,0.034,2.61123,0.15409,61.277,-0.073,2.79921,0.15384,41.370,-0.021
5.994,2.70396,0.15338,50.673,-0.041,2.84472,0.15640,49.327,0.034,2.61122,0.15422,61.277,-0.073,2.79921,0.15398,41.370,-0.021
6.000,2.70395,0.15351,50.673,-0.041,2.84471,0.15654,49.327,0.034,2.61121,0.15435,61.277,-0.073,2.79920,0.15411,41.370,-0.021
