ISO-10303-21;
HEADER;
FILE_DESCRIPTION(('Open CASCADE Model'),'2;1');
FILE_NAME('Open CASCADE Shape Model','2026-10-05T23:49:44',('Author'),(
    'Open CASCADE'),'Open CASCADE STEP processor 7.7','Open CASCADE 7.7'
  ,'Unknown');
FILE_SCHEMA(('AUTOMOTIVE_DESIGN { 1 0 10303 214 1 1 1 1 }'));
ENDSEC;
DATA;
#1 = APPLICATION_PROTOCOL_DEFINITION('international standard',
  'automotive_design',2000,#2);
#2 = APPLICATION_CONTEXT(
  'core data for automotive mechanical design processes');
#3 = SHAPE_DEFINITION_REPRESENTATION(#4,#10);
#4 = PRODUCT_DEFINITION_SHAPE('','',#5);
#5 = PRODUCT_DEFINITION('design','',#6,#9);
#6 = PRODUCT_DEFINITION_FORMATION('','',#7);
#7 = PRODUCT('1ce2c99e-c152-11f1-9be1-ed39768a67c7',
  '1ce2c99e-c152-11f1-9be1-ed39768a67c7','',(#8));
#8 = PRODUCT_CONTEXT('',#2,'mechanical');
#9 = PRODUCT_DEFINITION_CONTEXT('part definition',#2,'design');
#10 = SHAPE_REPRESENTATION('',(#11,#15),#19);
#11 = AXIS2_PLACEMENT_3D('',#12,#13,#14);
#12 = CARTESIAN_POINT('',(0.,0.,0.));
#13 = DIRECTION('',(0.,0.,1.));
#14 = DIRECTION('',(1.,0.,-0.));
#15 = AXIS2_PLACEMENT_3D('',#16,#17,#18);
#16 = CARTESIAN_POINT('',(0.,0.,0.));
#17 = DIRECTION('',(0.,0.,1.));
#18 = DIRECTION('',(1.,0.,0.));
#19 = ( GEOMETRIC_REPRESENTATION_CONTEXT(3)
GLOBAL_UNCERTAINTY_ASSIGNED_CONTEXT((#23)) GLOBAL_UNIT_ASSIGNED_CONTEXT(
(#20,#21,#22)) REPRESENTATION_CONTEXT('Context #1',
  '3D Context with UNIT and UNCERTAINTY') );
#20 = ( LENGTH_UNIT() NAMED_UNIT(*) SI_UNIT(.MILLI.,.METRE.) );
#21 = ( NAMED_UNIT(*) PLANE_ANGLE_UNIT() SI_UNIT($,.RADIAN.) );
#22 = ( NAMED_UNIT(*) SI_UNIT($,.STERADIAN.) SOLID_ANGLE_UNIT() );
#23 = UNCERTAINTY_MEASURE_WITH_UNIT(LENGTH_MEASURE(1.E-07),#20,
  'distance_accuracy_value','confusion accuracy');
#24 = PRODUCT_RELATED_PRODUCT_CATEGORY('part',$,(#7));
#25 = SHAPE_DEFINITION_REPRESENTATION(#26,#32);
#26 = PRODUCT_DEFINITION_SHAPE('','',#27);
#27 = PRODUCT_DEFINITION('design','',#28,#31);
#28 = PRODUCT_DEFINITION_FORMATION('','',#29);
#29 = PRODUCT('1ce2c99e-c152-11f1-9be1-ed39768a67c7',
  '1ce2c99e-c152-11f1-9be1-ed39768a67c7','',(#30));
#30 = PRODUCT_CONTEXT('',#2,'mechanical');
#31 = PRODUCT_DEFINITION_CONTEXT('part definition',#2,'design');
#32 = SHAPE_REPRESENTATION('',(#11,#33,#37),#41);
#33 = AXIS2_PLACEMENT_3D('',#34,#35,#36);
#34 = CARTESIAN_POINT('',(0.,0.,0.));
#35 = DIRECTION('',(0.,0.,1.));
#36 = DIRECTION('',(1.,0.,0.));
#37 = AXIS2_PLACEMENT_3D('',#38,#39,#40);
#38 = CARTESIAN_POINT('',(0.,0.,0.));
#39 = DIRECTION('',(0.,0.,1.));
#40 = DIRECTION('',(1.,0.,0.));
#41 = ( GEOMETRIC_REPRESENTATION_CONTEXT(3)
GLOBAL_UNCERTAINTY_ASSIGNED_CONTEXT((#45)) GLOBAL_UNIT_ASSIGNED_CONTEXT(
(#42,#43,#44)) REPRESENTATION_CONTEXT('Context #1',
  '3D Context with UNIT and UNCERTAINTY') );
#42 = ( LENGTH_UNIT() NAMED_UNIT(*) SI_UNIT(.MILLI.,.METRE.) );
#43 = ( NAMED_UNIT(*) PLANE_ANGLE_UNIT() SI_UNIT($,.RADIAN.) );
#44 = ( NAMED_UNIT(*) SI_UNIT($,.STERADIAN.) SOLID_ANGLE_UNIT() );
#45 = UNCERTAINTY_MEASURE_WITH_UNIT(LENGTH_MEASURE(1.E-07),#42,
  'distance_accuracy_value','confusion accuracy');
#46 = CONTEXT_DEPENDENT_SHAPE_REPRESENTATION(#47,#49);
#47 = ( REPRESENTATION_RELATIONSHIP('','',#32,#10)
REPRESENTATION_RELATIONSHIP_WITH_TRANSFORMATION(#48)
SHAPE_REPRESENTATION_RELATIONSHIP() );
#48 = ITEM_DEFINED_TRANSFORMATION('','',#11,#15);
#49 = PRODUCT_DEFINITION_SHAPE('Placement','Placement of an item',#50);
#50 = NEXT_ASSEMBLY_USAGE_OCCURRENCE('5',
  '1ce2c99e-c152-11f1-9be1-ed39768a67c7','',#5,#27,$);
#51 = PRODUCT_RELATED_PRODUCT_CATEGORY('part',$,(#29));
#52 = SHAPE_DEFINITION_REPRESENTATION(#53,#59);
#53 = PRODUCT_DEFINITION_SHAPE('','',#54);
#54 = PRODUCT_DEFINITION('design','',#55,#58);
#55 = PRODUCT_DEFINITION_FORMATION('','',#56);
#56 = PRODUCT('body','body','',(#57));
#57 = PRODUCT_CONTEXT('',#2,'mechanical');
#58 = PRODUCT_DEFINITION_CONTEXT('part definition',#2,'design');
#59 = SHAPE_REPRESENTATION('',(#11,#60),#64);
#60 = AXIS2_PLACEMENT_3D('',#61,#62,#63);
#61 = CARTESIAN_POINT('',(0.,0.,0.));
#62 = DIRECTION('',(0.,0.,1.));
#63 = DIRECTION('',(1.,0.,-0.));
#64 = ( GEOMETRIC_REPRESENTATION_CONTEXT(3)
GLOBAL_UNCERTAINTY_ASSIGNED_CONTEXT((#68)) GLOBAL_UNIT_ASSIGNED_CONTEXT(
(#65,#66,#67)) REPRESENTATION_CONTEXT('Context #1',
  '3D Context with UNIT and UNCERTAINTY') );
#65 = ( LENGTH_UNIT() NAMED_UNIT(*) SI_UNIT(.MILLI.,.METRE.) );
#66 = ( NAMED_UNIT(*) PLANE_ANGLE_UNIT() SI_UNIT($,.RADIAN.) );
#67 = ( NAMED_UNIT(*) SI_UNIT($,.STERADIAN.) SOLID_ANGLE_UNIT() );
#68 = UNCERTAINTY_MEASURE_WITH_UNIT(LENGTH_MEASURE(1.E-07),#65,
  'distance_accuracy_value','confusion accuracy');
#69 = CONTEXT_DEPENDENT_SHAPE_REPRESENTATION(#70,#72);
#70 = ( REPRESENTATION_RELATIONSHIP('','',#59,#32)
REPRESENTATION_RELATIONSHIP_WITH_TRANSFORMATION(#71)
SHAPE_REPRESENTATION_RELATIONSHIP() );
#71 = ITEM_DEFINED_TRANSFORMATION('','',#11,#33);
#72 = PRODUCT_DEFINITION_SHAPE('Placement','Placement of an item',#73);
#73 = NEXT_ASSEMBLY_USAGE_OCCURRENCE('2','','',#27,#54,$);
#74 = PRODUCT_RELATED_PRODUCT_CATEGORY('part',$,(#56));
#75 = SHAPE_DEFINITION_REPRESENTATION(#76,#82);
#76 = PRODUCT_DEFINITION_SHAPE('','',#77);
#77 = PRODUCT_DEFINITION('design','',#78,#81);
#78 = PRODUCT_DEFINITION_FORMATION('','',#79);
#79 = PRODUCT('body_part','body_part','',(#80));
#80 = PRODUCT_CONTEXT('',#2,'mechanical');
#81 = PRODUCT_DEFINITION_CONTEXT('part definition',#2,'design');
#82 = ADVANCED_BREP_SHAPE_REPRESENTATION('',(#11,#83),#491);
#83 = MANIFOLD_SOLID_BREP('',#84);
#84 = CLOSED_SHELL('',(#85,#205,#281,#357,#428,#475,#483));
#85 = ADVANCED_FACE('',(#86),#100,.F.);
#86 = FACE_BOUND('',#87,.F.);
#87 = EDGE_LOOP('',(#88,#123,#151,#179));
#88 = ORIENTED_EDGE('',*,*,#89,.T.);
#89 = EDGE_CURVE('',#90,#92,#94,.T.);
#90 = VERTEX_POINT('',#91);
#91 = CARTESIAN_POINT('',(-4.2,-5.2,0.3));
#92 = VERTEX_POINT('',#93);
#93 = CARTESIAN_POINT('',(-4.2,-5.2,1.17));
#94 = SURFACE_CURVE('',#95,(#99,#111),.PCURVE_S1.);
#95 = LINE('',#96,#97);
#96 = CARTESIAN_POINT('',(-4.2,-5.2,0.3));
#97 = VECTOR('',#98,1.);
#98 = DIRECTION('',(0.,0.,1.));
#99 = PCURVE('',#100,#105);
#100 = PLANE('',#101);
#101 = AXIS2_PLACEMENT_3D('',#102,#103,#104);
#102 = CARTESIAN_POINT('',(-4.2,-5.2,0.3));
#103 = DIRECTION('',(0.,1.,0.));
#104 = DIRECTION('',(1.,0.,0.));
#105 = DEFINITIONAL_REPRESENTATION('',(#106),#110);
#106 = LINE('',#107,#108);
#107 = CARTESIAN_POINT('',(0.,0.));
#108 = VECTOR('',#109,1.);
#109 = DIRECTION('',(0.,-1.));
#110 = ( GEOMETRIC_REPRESENTATION_CONTEXT(2)
PARAMETRIC_REPRESENTATION_CONTEXT() REPRESENTATION_CONTEXT('2D SPACE',''
  ) );
#111 = PCURVE('',#112,#117);
#112 = PLANE('',#113);
#113 = AXIS2_PLACEMENT_3D('',#114,#115,#116);
#114 = CARTESIAN_POINT('',(-5.2,-4.2,0.3));
#115 = DIRECTION('',(0.707106781187,0.707106781187,-0.));
#116 = DIRECTION('',(0.707106781187,-0.707106781187,0.));
#117 = DEFINITIONAL_REPRESENTATION('',(#118),#122);
#118 = LINE('',#119,#120);
#119 = CARTESIAN_POINT('',(1.414213562373,0.));
#120 = VECTOR('',#121,1.);
#121 = DIRECTION('',(0.,-1.));
#122 = ( GEOMETRIC_REPRESENTATION_CONTEXT(2)
PARAMETRIC_REPRESENTATION_CONTEXT() REPRESENTATION_CONTEXT('2D SPACE',''
  ) );
#123 = ORIENTED_EDGE('',*,*,#124,.T.);
#124 = EDGE_CURVE('',#92,#125,#127,.T.);
#125 = VERTEX_POINT('',#126);
#126 = CARTESIAN_POINT('',(5.2,-5.2,1.17));
#127 = SURFACE_CURVE('',#128,(#132,#139),.PCURVE_S1.);
#128 = LINE('',#129,#130);
#129 = CARTESIAN_POINT('',(-4.2,-5.2,1.17));
#130 = VECTOR('',#131,1.);
#131 = DIRECTION('',(1.,0.,0.));
#132 = PCURVE('',#100,#133);
#133 = DEFINITIONAL_REPRESENTATION('',(#134),#138);
#134 = LINE('',#135,#136);
#135 = CARTESIAN_POINT('',(0.,-0.87));
#136 = VECTOR('',#137,1.);
#137 = DIRECTION('',(1.,0.));
#138 = ( GEOMETRIC_REPRESENTATION_CONTEXT(2)
PARAMETRIC_REPRESENTATION_CONTEXT() REPRESENTATION_CONTEXT('2D SPACE',''
  ) );
#139 = PCURVE('',#140,#145);
#140 = PLANE('',#141);
#141 = AXIS2_PLACEMENT_3D('',#142,#143,#144);
#142 = CARTESIAN_POINT('',(7.931875255633E-02,7.931875255633E-02,1.17));
#143 = DIRECTION('',(0.,0.,1.));
#144 = DIRECTION('',(1.,0.,-0.));
#145 = DEFINITIONAL_REPRESENTATION('',(#146),#150);
#146 = LINE('',#147,#148);
#147 = CARTESIAN_POINT('',(-4.279318752556,-5.279318752556));
#148 = VECTOR('',#149,1.);
#149 = DIRECTION('',(1.,0.));
#150 = ( GEOMETRIC_REPRESENTATION_CONTEXT(2)
PARAMETRIC_REPRESENTATION_CONTEXT() REPRESENTATION_CONTEXT('2D SPACE',''
  ) );
#151 = ORIENTED_EDGE('',*,*,#152,.F.);
#152 = EDGE_CURVE('',#153,#125,#155,.T.);
#153 = VERTEX_POINT('',#154);
#154 = CARTESIAN_POINT('',(5.2,-5.2,0.3));
#155 = SURFACE_CURVE('',#156,(#160,#167),.PCURVE_S1.);
#156 = LINE('',#157,#158);
#157 = CARTESIAN_POINT('',(5.2,-5.2,0.3));
#158 = VECTOR('',#159,1.);
#159 = DIRECTION('',(0.,0.,1.));
#160 = PCURVE('',#100,#161);
#161 = DEFINITIONAL_REPRESENTATION('',(#162),#166);
#162 = LINE('',#163,#164);
#163 = CARTESIAN_POINT('',(9.4,0.));
#164 = VECTOR('',#165,1.);
#165 = DIRECTION('',(0.,-1.));
#166 = ( GEOMETRIC_REPRESENTATION_CONTEXT(2)
PARAMETRIC_REPRESENTATION_CONTEXT() REPRESENTATION_CONTEXT('2D SPACE',''
  ) );
#167 = PCURVE('',#168,#173);
#168 = PLANE('',#169);
#169 = AXIS2_PLACEMENT_3D('',#170,#171,#172);
#170 = CARTESIAN_POINT('',(5.2,-5.2,0.3));
#171 = DIRECTION('',(-1.,0.,0.));
#172 = DIRECTION('',(0.,1.,0.));
#173 = DEFINITIONAL_REPRESENTATION('',(#174),#178);
#174 = LINE('',#175,#176);
#175 = CARTESIAN_POINT('',(0.,0.));
#176 = VECTOR('',#177,1.);
#177 = DIRECTION('',(0.,-1.));
#178 = ( GEOMETRIC_REPRESENTATION_CONTEXT(2)
PARAMETRIC_REPRESENTATION_CONTEXT() REPRESENTATION_CONTEXT('2D SPACE',''
  ) );
#179 = ORIENTED_EDGE('',*,*,#180,.F.);
#180 = EDGE_CURVE('',#90,#153,#181,.T.);
#181 = SURFACE_CURVE('',#182,(#186,#193),.PCURVE_S1.);
#182 = LINE('',#183,#184);
#183 = CARTESIAN_POINT('',(-4.2,-5.2,0.3));
#184 = VECTOR('',#185,1.);
#185 = DIRECTION('',(1.,0.,0.));
#186 = PCURVE('',#100,#187);
#187 = DEFINITIONAL_REPRESENTATION('',(#188),#192);
#188 = LINE('',#189,#190);
#189 = CARTESIAN_POINT('',(0.,0.));
#190 = VECTOR('',#191,1.);
#191 = DIRECTION('',(1.,0.));
#192 = ( GEOMETRIC_REPRESENTATION_CONTEXT(2)
PARAMETRIC_REPRESENTATION_CONTEXT() REPRESENTATION_CONTEXT('2D SPACE',''
  ) );
#193 = PCURVE('',#194,#199);
#194 = PLANE('',#195);
#195 = AXIS2_PLACEMENT_3D('',#196,#197,#198);
#196 = CARTESIAN_POINT('',(7.931875255633E-02,7.931875255633E-02,0.3));
#197 = DIRECTION('',(0.,0.,1.));
#198 = DIRECTION('',(1.,0.,-0.));
#199 = DEFINITIONAL_REPRESENTATION('',(#200),#204);
#200 = LINE('',#201,#202);
#201 = CARTESIAN_POINT('',(-4.279318752556,-5.279318752556));
#202 = VECTOR('',#203,1.);
#203 = DIRECTION('',(1.,0.));
#204 = ( GEOMETRIC_REPRESENTATION_CONTEXT(2)
PARAMETRIC_REPRESENTATION_CONTEXT() REPRESENTATION_CONTEXT('2D SPACE',''
  ) );
#205 = ADVANCED_FACE('',(#206),#168,.F.);
#206 = FACE_BOUND('',#207,.F.);
#207 = EDGE_LOOP('',(#208,#209,#232,#260));
#208 = ORIENTED_EDGE('',*,*,#152,.T.);
#209 = ORIENTED_EDGE('',*,*,#210,.T.);
#210 = EDGE_CURVE('',#125,#211,#213,.T.);
#211 = VERTEX_POINT('',#212);
#212 = CARTESIAN_POINT('',(5.2,5.2,1.17));
#213 = SURFACE_CURVE('',#214,(#218,#225),.PCURVE_S1.);
#214 = LINE('',#215,#216);
#215 = CARTESIAN_POINT('',(5.2,-5.2,1.17));
#216 = VECTOR('',#217,1.);
#217 = DIRECTION('',(0.,1.,0.));
#218 = PCURVE('',#168,#219);
#219 = DEFINITIONAL_REPRESENTATION('',(#220),#224);
#220 = LINE('',#221,#222);
#221 = CARTESIAN_POINT('',(0.,-0.87));
#222 = VECTOR('',#223,1.);
#223 = DIRECTION('',(1.,0.));
#224 = ( GEOMETRIC_REPRESENTATION_CONTEXT(2)
PARAMETRIC_REPRESENTATION_CONTEXT() REPRESENTATION_CONTEXT('2D SPACE',''
  ) );
#225 = PCURVE('',#140,#226);
#226 = DEFINITIONAL_REPRESENTATION('',(#227),#231);
#227 = LINE('',#228,#229);
#228 = CARTESIAN_POINT('',(5.120681247444,-5.279318752556));
#229 = VECTOR('',#230,1.);
#230 = DIRECTION('',(0.,1.));
#231 = ( GEOMETRIC_REPRESENTATION_CONTEXT(2)
PARAMETRIC_REPRESENTATION_CONTEXT() REPRESENTATION_CONTEXT('2D SPACE',''
  ) );
#232 = ORIENTED_EDGE('',*,*,#233,.F.);
#233 = EDGE_CURVE('',#234,#211,#236,.T.);
#234 = VERTEX_POINT('',#235);
#235 = CARTESIAN_POINT('',(5.2,5.2,0.3));
#236 = SURFACE_CURVE('',#237,(#241,#248),.PCURVE_S1.);
#237 = LINE('',#238,#239);
#238 = CARTESIAN_POINT('',(5.2,5.2,0.3));
#239 = VECTOR('',#240,1.);
#240 = DIRECTION('',(0.,0.,1.));
#241 = PCURVE('',#168,#242);
#242 = DEFINITIONAL_REPRESENTATION('',(#243),#247);
#243 = LINE('',#244,#245);
#244 = CARTESIAN_POINT('',(10.4,0.));
#245 = VECTOR('',#246,1.);
#246 = DIRECTION('',(0.,-1.));
#247 = ( GEOMETRIC_REPRESENTATION_CONTEXT(2)
PARAMETRIC_REPRESENTATION_CONTEXT() REPRESENTATION_CONTEXT('2D SPACE',''
  ) );
#248 = PCURVE('',#249,#254);
#249 = PLANE('',#250);
#250 = AXIS2_PLACEMENT_3D('',#251,#252,#253);
#251 = CARTESIAN_POINT('',(5.2,5.2,0.3));
#252 = DIRECTION('',(0.,-1.,0.));
#253 = DIRECTION('',(-1.,0.,0.));
#254 = DEFINITIONAL_REPRESENTATION('',(#255),#259);
#255 = LINE('',#256,#257);
#256 = CARTESIAN_POINT('',(0.,-0.));
#257 = VECTOR('',#258,1.);
#258 = DIRECTION('',(0.,-1.));
#259 = ( GEOMETRIC_REPRESENTATION_CONTEXT(2)
PARAMETRIC_REPRESENTATION_CONTEXT() REPRESENTATION_CONTEXT('2D SPACE',''
  ) );
#260 = ORIENTED_EDGE('',*,*,#261,.F.);
#261 = EDGE_CURVE('',#153,#234,#262,.T.);
#262 = SURFACE_CURVE('',#263,(#267,#274),.PCURVE_S1.);
#263 = LINE('',#264,#265);
#264 = CARTESIAN_POINT('',(5.2,-5.2,0.3));
#265 = VECTOR('',#266,1.);
#266 = DIRECTION('',(0.,1.,0.));
#267 = PCURVE('',#168,#268);
#268 = DEFINITIONAL_REPRESENTATION('',(#269),#273);
#269 = LINE('',#270,#271);
#270 = CARTESIAN_POINT('',(0.,0.));
#271 = VECTOR('',#272,1.);
#272 = DIRECTION('',(1.,0.));
#273 = ( GEOMETRIC_REPRESENTATION_CONTEXT(2)
PARAMETRIC_REPRESENTATION_CONTEXT() REPRESENTATION_CONTEXT('2D SPACE',''
  ) );
#274 = PCURVE('',#194,#275);
#275 = DEFINITIONAL_REPRESENTATION('',(#276),#280);
#276 = LINE('',#277,#278);
#277 = CARTESIAN_POINT('',(5.120681247444,-5.279318752556));
#278 = VECTOR('',#279,1.);
#279 = DIRECTION('',(0.,1.));
#280 = ( GEOMETRIC_REPRESENTATION_CONTEXT(2)
PARAMETRIC_REPRESENTATION_CONTEXT() REPRESENTATION_CONTEXT('2D SPACE',''
  ) );
#281 = ADVANCED_FACE('',(#282),#249,.F.);
#282 = FACE_BOUND('',#283,.F.);
#283 = EDGE_LOOP('',(#284,#285,#308,#336));
#284 = ORIENTED_EDGE('',*,*,#233,.T.);
#285 = ORIENTED_EDGE('',*,*,#286,.T.);
#286 = EDGE_CURVE('',#211,#287,#289,.T.);
#287 = VERTEX_POINT('',#288);
#288 = CARTESIAN_POINT('',(-5.2,5.2,1.17));
#289 = SURFACE_CURVE('',#290,(#294,#301),.PCURVE_S1.);
#290 = LINE('',#291,#292);
#291 = CARTESIAN_POINT('',(5.2,5.2,1.17));
#292 = VECTOR('',#293,1.);
#293 = DIRECTION('',(-1.,0.,0.));
#294 = PCURVE('',#249,#295);
#295 = DEFINITIONAL_REPRESENTATION('',(#296),#300);
#296 = LINE('',#297,#298);
#297 = CARTESIAN_POINT('',(0.,-0.87));
#298 = VECTOR('',#299,1.);
#299 = DIRECTION('',(1.,0.));
#300 = ( GEOMETRIC_REPRESENTATION_CONTEXT(2)
PARAMETRIC_REPRESENTATION_CONTEXT() REPRESENTATION_CONTEXT('2D SPACE',''
  ) );
#301 = PCURVE('',#140,#302);
#302 = DEFINITIONAL_REPRESENTATION('',(#303),#307);
#303 = LINE('',#304,#305);
#304 = CARTESIAN_POINT('',(5.120681247444,5.120681247444));
#305 = VECTOR('',#306,1.);
#306 = DIRECTION('',(-1.,0.));
#307 = ( GEOMETRIC_REPRESENTATION_CONTEXT(2)
PARAMETRIC_REPRESENTATION_CONTEXT() REPRESENTATION_CONTEXT('2D SPACE',''
  ) );
#308 = ORIENTED_EDGE('',*,*,#309,.F.);
#309 = EDGE_CURVE('',#310,#287,#312,.T.);
#310 = VERTEX_POINT('',#311);
#311 = CARTESIAN_POINT('',(-5.2,5.2,0.3));
#312 = SURFACE_CURVE('',#313,(#317,#324),.PCURVE_S1.);
#313 = LINE('',#314,#315);
#314 = CARTESIAN_POINT('',(-5.2,5.2,0.3));
#315 = VECTOR('',#316,1.);
#316 = DIRECTION('',(0.,0.,1.));
#317 = PCURVE('',#249,#318);
#318 = DEFINITIONAL_REPRESENTATION('',(#319),#323);
#319 = LINE('',#320,#321);
#320 = CARTESIAN_POINT('',(10.4,0.));
#321 = VECTOR('',#322,1.);
#322 = DIRECTION('',(0.,-1.));
#323 = ( GEOMETRIC_REPRESENTATION_CONTEXT(2)
PARAMETRIC_REPRESENTATION_CONTEXT() REPRESENTATION_CONTEXT('2D SPACE',''
  ) );
#324 = PCURVE('',#325,#330);
#325 = PLANE('',#326);
#326 = AXIS2_PLACEMENT_3D('',#327,#328,#329);
#327 = CARTESIAN_POINT('',(-5.2,5.2,0.3));
#328 = DIRECTION('',(1.,0.,-0.));
#329 = DIRECTION('',(0.,-1.,0.));
#330 = DEFINITIONAL_REPRESENTATION('',(#331),#335);
#331 = LINE('',#332,#333);
#332 = CARTESIAN_POINT('',(0.,0.));
#333 = VECTOR('',#334,1.);
#334 = DIRECTION('',(0.,-1.));
#335 = ( GEOMETRIC_REPRESENTATION_CONTEXT(2)
PARAMETRIC_REPRESENTATION_CONTEXT() REPRESENTATION_CONTEXT('2D SPACE',''
  ) );
#336 = ORIENTED_EDGE('',*,*,#337,.F.);
#337 = EDGE_CURVE('',#234,#310,#338,.T.);
#338 = SURFACE_CURVE('',#339,(#343,#350),.PCURVE_S1.);
#339 = LINE('',#340,#341);
#340 = CARTESIAN_POINT('',(5.2,5.2,0.3));
#341 = VECTOR('',#342,1.);
#342 = DIRECTION('',(-1.,0.,0.));
#343 = PCURVE('',#249,#344);
#344 = DEFINITIONAL_REPRESENTATION('',(#345),#349);
#345 = LINE('',#346,#347);
#346 = CARTESIAN_POINT('',(0.,-0.));
#347 = VECTOR('',#348,1.);
#348 = DIRECTION('',(1.,0.));
#349 = ( GEOMETRIC_REPRESENTATION_CONTEXT(2)
PARAMETRIC_REPRESENTATION_CONTEXT() REPRESENTATION_CONTEXT('2D SPACE',''
  ) );
#350 = PCURVE('',#194,#351);
#351 = DEFINITIONAL_REPRESENTATION('',(#352),#356);
#352 = LINE('',#353,#354);
#353 = CARTESIAN_POINT('',(5.120681247444,5.120681247444));
#354 = VECTOR('',#355,1.);
#355 = DIRECTION('',(-1.,0.));
#356 = ( GEOMETRIC_REPRESENTATION_CONTEXT(2)
PARAMETRIC_REPRESENTATION_CONTEXT() REPRESENTATION_CONTEXT('2D SPACE',''
  ) );
#357 = ADVANCED_FACE('',(#358),#325,.F.);
#358 = FACE_BOUND('',#359,.F.);
#359 = EDGE_LOOP('',(#360,#361,#384,#407));
#360 = ORIENTED_EDGE('',*,*,#309,.T.);
#361 = ORIENTED_EDGE('',*,*,#362,.T.);
#362 = EDGE_CURVE('',#287,#363,#365,.T.);
#363 = VERTEX_POINT('',#364);
#364 = CARTESIAN_POINT('',(-5.2,-4.2,1.17));
#365 = SURFACE_CURVE('',#366,(#370,#377),.PCURVE_S1.);
#366 = LINE('',#367,#368);
#367 = CARTESIAN_POINT('',(-5.2,5.2,1.17));
#368 = VECTOR('',#369,1.);
#369 = DIRECTION('',(0.,-1.,0.));
#370 = PCURVE('',#325,#371);
#371 = DEFINITIONAL_REPRESENTATION('',(#372),#376);
#372 = LINE('',#373,#374);
#373 = CARTESIAN_POINT('',(0.,-0.87));
#374 = VECTOR('',#375,1.);
#375 = DIRECTION('',(1.,0.));
#376 = ( GEOMETRIC_REPRESENTATION_CONTEXT(2)
PARAMETRIC_REPRESENTATION_CONTEXT() REPRESENTATION_CONTEXT('2D SPACE',''
  ) );
#377 = PCURVE('',#140,#378);
#378 = DEFINITIONAL_REPRESENTATION('',(#379),#383);
#379 = LINE('',#380,#381);
#380 = CARTESIAN_POINT('',(-5.279318752556,5.120681247444));
#381 = VECTOR('',#382,1.);
#382 = DIRECTION('',(0.,-1.));
#383 = ( GEOMETRIC_REPRESENTATION_CONTEXT(2)
PARAMETRIC_REPRESENTATION_CONTEXT() REPRESENTATION_CONTEXT('2D SPACE',''
  ) );
#384 = ORIENTED_EDGE('',*,*,#385,.F.);
#385 = EDGE_CURVE('',#386,#363,#388,.T.);
#386 = VERTEX_POINT('',#387);
#387 = CARTESIAN_POINT('',(-5.2,-4.2,0.3));
#388 = SURFACE_CURVE('',#389,(#393,#400),.PCURVE_S1.);
#389 = LINE('',#390,#391);
#390 = CARTESIAN_POINT('',(-5.2,-4.2,0.3));
#391 = VECTOR('',#392,1.);
#392 = DIRECTION('',(0.,0.,1.));
#393 = PCURVE('',#325,#394);
#394 = DEFINITIONAL_REPRESENTATION('',(#395),#399);
#395 = LINE('',#396,#397);
#396 = CARTESIAN_POINT('',(9.4,0.));
#397 = VECTOR('',#398,1.);
#398 = DIRECTION('',(0.,-1.));
#399 = ( GEOMETRIC_REPRESENTATION_CONTEXT(2)
PARAMETRIC_REPRESENTATION_CONTEXT() REPRESENTATION_CONTEXT('2D SPACE',''
  ) );
#400 = PCURVE('',#112,#401);
#401 = DEFINITIONAL_REPRESENTATION('',(#402),#406);
#402 = LINE('',#403,#404);
#403 = CARTESIAN_POINT('',(0.,0.));
#404 = VECTOR('',#405,1.);
#405 = DIRECTION('',(0.,-1.));
#406 = ( GEOMETRIC_REPRESENTATION_CONTEXT(2)
PARAMETRIC_REPRESENTATION_CONTEXT() REPRESENTATION_CONTEXT('2D SPACE',''
  ) );
#407 = ORIENTED_EDGE('',*,*,#408,.F.);
#408 = EDGE_CURVE('',#310,#386,#409,.T.);
#409 = SURFACE_CURVE('',#410,(#414,#421),.PCURVE_S1.);
#410 = LINE('',#411,#412);
#411 = CARTESIAN_POINT('',(-5.2,5.2,0.3));
#412 = VECTOR('',#413,1.);
#413 = DIRECTION('',(0.,-1.,0.));
#414 = PCURVE('',#325,#415);
#415 = DEFINITIONAL_REPRESENTATION('',(#416),#420);
#416 = LINE('',#417,#418);
#417 = CARTESIAN_POINT('',(0.,0.));
#418 = VECTOR('',#419,1.);
#419 = DIRECTION('',(1.,0.));
#420 = ( GEOMETRIC_REPRESENTATION_CONTEXT(2)
PARAMETRIC_REPRESENTATION_CONTEXT() REPRESENTATION_CONTEXT('2D SPACE',''
  ) );
#421 = PCURVE('',#194,#422);
#422 = DEFINITIONAL_REPRESENTATION('',(#423),#427);
#423 = LINE('',#424,#425);
#424 = CARTESIAN_POINT('',(-5.279318752556,5.120681247444));
#425 = VECTOR('',#426,1.);
#426 = DIRECTION('',(0.,-1.));
#427 = ( GEOMETRIC_REPRESENTATION_CONTEXT(2)
PARAMETRIC_REPRESENTATION_CONTEXT() REPRESENTATION_CONTEXT('2D SPACE',''
  ) );
#428 = ADVANCED_FACE('',(#429),#112,.F.);
#429 = FACE_BOUND('',#430,.F.);
#430 = EDGE_LOOP('',(#431,#432,#453,#454));
#431 = ORIENTED_EDGE('',*,*,#385,.T.);
#432 = ORIENTED_EDGE('',*,*,#433,.T.);
#433 = EDGE_CURVE('',#363,#92,#434,.T.);
#434 = SURFACE_CURVE('',#435,(#439,#446),.PCURVE_S1.);
#435 = LINE('',#436,#437);
#436 = CARTESIAN_POINT('',(-5.2,-4.2,1.17));
#437 = VECTOR('',#438,1.);
#438 = DIRECTION('',(0.707106781187,-0.707106781187,0.));
#439 = PCURVE('',#112,#440);
#440 = DEFINITIONAL_REPRESENTATION('',(#441),#445);
#441 = LINE('',#442,#443);
#442 = CARTESIAN_POINT('',(0.,-0.87));
#443 = VECTOR('',#444,1.);
#444 = DIRECTION('',(1.,0.));
#445 = ( GEOMETRIC_REPRESENTATION_CONTEXT(2)
PARAMETRIC_REPRESENTATION_CONTEXT() REPRESENTATION_CONTEXT('2D SPACE',''
  ) );
#446 = PCURVE('',#140,#447);
#447 = DEFINITIONAL_REPRESENTATION('',(#448),#452);
#448 = LINE('',#449,#450);
#449 = CARTESIAN_POINT('',(-5.279318752556,-4.279318752556));
#450 = VECTOR('',#451,1.);
#451 = DIRECTION('',(0.707106781187,-0.707106781187));
#452 = ( GEOMETRIC_REPRESENTATION_CONTEXT(2)
PARAMETRIC_REPRESENTATION_CONTEXT() REPRESENTATION_CONTEXT('2D SPACE',''
  ) );
#453 = ORIENTED_EDGE('',*,*,#89,.F.);
#454 = ORIENTED_EDGE('',*,*,#455,.F.);
#455 = EDGE_CURVE('',#386,#90,#456,.T.);
#456 = SURFACE_CURVE('',#457,(#461,#468),.PCURVE_S1.);
#457 = LINE('',#458,#459);
#458 = CARTESIAN_POINT('',(-5.2,-4.2,0.3));
#459 = VECTOR('',#460,1.);
#460 = DIRECTION('',(0.707106781187,-0.707106781187,0.));
#461 = PCURVE('',#112,#462);
#462 = DEFINITIONAL_REPRESENTATION('',(#463),#467);
#463 = LINE('',#464,#465);
#464 = CARTESIAN_POINT('',(0.,0.));
#465 = VECTOR('',#466,1.);
#466 = DIRECTION('',(1.,0.));
#467 = ( GEOMETRIC_REPRESENTATION_CONTEXT(2)
PARAMETRIC_REPRESENTATION_CONTEXT() REPRESENTATION_CONTEXT('2D SPACE',''
  ) );
#468 = PCURVE('',#194,#469);
#469 = DEFINITIONAL_REPRESENTATION('',(#470),#474);
#470 = LINE('',#471,#472);
#471 = CARTESIAN_POINT('',(-5.279318752556,-4.279318752556));
#472 = VECTOR('',#473,1.);
#473 = DIRECTION('',(0.707106781187,-0.707106781187));
#474 = ( GEOMETRIC_REPRESENTATION_CONTEXT(2)
PARAMETRIC_REPRESENTATION_CONTEXT() REPRESENTATION_CONTEXT('2D SPACE',''
  ) );
#475 = ADVANCED_FACE('',(#476),#194,.F.);
#476 = FACE_BOUND('',#477,.F.);
#477 = EDGE_LOOP('',(#478,#479,#480,#481,#482));
#478 = ORIENTED_EDGE('',*,*,#180,.T.);
#479 = ORIENTED_EDGE('',*,*,#261,.T.);
#480 = ORIENTED_EDGE('',*,*,#337,.T.);
#481 = ORIENTED_EDGE('',*,*,#408,.T.);
#482 = ORIENTED_EDGE('',*,*,#455,.T.);
#483 = ADVANCED_FACE('',(#484),#140,.T.);
#484 = FACE_BOUND('',#485,.T.);
#485 = EDGE_LOOP('',(#486,#487,#488,#489,#490));
#486 = ORIENTED_EDGE('',*,*,#124,.T.);
#487 = ORIENTED_EDGE('',*,*,#210,.T.);
#488 = ORIENTED_EDGE('',*,*,#286,.T.);
#489 = ORIENTED_EDGE('',*,*,#362,.T.);
#490 = ORIENTED_EDGE('',*,*,#433,.T.);
#491 = ( GEOMETRIC_REPRESENTATION_CONTEXT(3)
GLOBAL_UNCERTAINTY_ASSIGNED_CONTEXT((#495)) GLOBAL_UNIT_ASSIGNED_CONTEXT
((#492,#493,#494)) REPRESENTATION_CONTEXT('Context #1',
  '3D Context with UNIT and UNCERTAINTY') );
#492 = ( LENGTH_UNIT() NAMED_UNIT(*) SI_UNIT(.MILLI.,.METRE.) );
#493 = ( NAMED_UNIT(*) PLANE_ANGLE_UNIT() SI_UNIT($,.RADIAN.) );
#494 = ( NAMED_UNIT(*) SI_UNIT($,.STERADIAN.) SOLID_ANGLE_UNIT() );
#495 = UNCERTAINTY_MEASURE_WITH_UNIT(LENGTH_MEASURE(1.E-07),#492,
  'distance_accuracy_value','confusion accuracy');
#496 = CONTEXT_DEPENDENT_SHAPE_REPRESENTATION(#497,#499);
#497 = ( REPRESENTATION_RELATIONSHIP('','',#82,#59)
REPRESENTATION_RELATIONSHIP_WITH_TRANSFORMATION(#498)
SHAPE_REPRESENTATION_RELATIONSHIP() );
#498 = ITEM_DEFINED_TRANSFORMATION('','',#11,#60);
#499 = PRODUCT_DEFINITION_SHAPE('Placement','Placement of an item',#500
  );
#500 = NEXT_ASSEMBLY_USAGE_OCCURRENCE('1','','',#54,#77,$);
#501 = PRODUCT_RELATED_PRODUCT_CATEGORY('part',$,(#79));
#502 = SHAPE_DEFINITION_REPRESENTATION(#503,#509);
#503 = PRODUCT_DEFINITION_SHAPE('','',#504);
#504 = PRODUCT_DEFINITION('design','',#505,#508);
#505 = PRODUCT_DEFINITION_FORMATION('','',#506);
#506 = PRODUCT('leads','leads','',(#507));
#507 = PRODUCT_CONTEXT('',#2,'mechanical');
#508 = PRODUCT_DEFINITION_CONTEXT('part definition',#2,'design');
#509 = SHAPE_REPRESENTATION('',(#11,#510),#514);
#510 = AXIS2_PLACEMENT_3D('',#511,#512,#513);
#511 = CARTESIAN_POINT('',(0.,0.,0.));
#512 = DIRECTION('',(0.,0.,1.));
#513 = DIRECTION('',(1.,0.,-0.));
#514 = ( GEOMETRIC_REPRESENTATION_CONTEXT(3)
GLOBAL_UNCERTAINTY_ASSIGNED_CONTEXT((#518)) GLOBAL_UNIT_ASSIGNED_CONTEXT
((#515,#516,#517)) REPRESENTATION_CONTEXT('Context #1',
  '3D Context with UNIT and UNCERTAINTY') );
#515 = ( LENGTH_UNIT() NAMED_UNIT(*) SI_UNIT(.MILLI.,.METRE.) );
#516 = ( NAMED_UNIT(*) PLANE_ANGLE_UNIT() SI_UNIT($,.RADIAN.) );
#517 = ( NAMED_UNIT(*) SI_UNIT($,.STERADIAN.) SOLID_ANGLE_UNIT() );
#518 = UNCERTAINTY_MEASURE_WITH_UNIT(LENGTH_MEASURE(1.E-07),#515,
  'distance_accuracy_value','confusion accuracy');
#519 = CONTEXT_DEPENDENT_SHAPE_REPRESENTATION(#520,#522);
#520 = ( REPRESENTATION_RELATIONSHIP('','',#509,#32)
REPRESENTATION_RELATIONSHIP_WITH_TRANSFORMATION(#521)
SHAPE_REPRESENTATION_RELATIONSHIP() );
#521 = ITEM_DEFINED_TRANSFORMATION('','',#11,#37);
#522 = PRODUCT_DEFINITION_SHAPE('Placement','Placement of an item',#523
  );
#523 = NEXT_ASSEMBLY_USAGE_OCCURRENCE('4','','',#27,#504,$);
#524 = PRODUCT_RELATED_PRODUCT_CATEGORY('part',$,(#506));
#525 = SHAPE_DEFINITION_REPRESENTATION(#526,#532);
#526 = PRODUCT_DEFINITION_SHAPE('','',#527);
#527 = PRODUCT_DEFINITION('design','',#528,#531);
#528 = PRODUCT_DEFINITION_FORMATION('','',#529);
#529 = PRODUCT('leads_part','leads_part','',(#530));
#530 = PRODUCT_CONTEXT('',#2,'mechanical');
#531 = PRODUCT_DEFINITION_CONTEXT('part definition',#2,'design');
#532 = SHAPE_REPRESENTATION('',(#11,#533,#545,#557,#569,#581,#593,#605,
    #617,#629,#641,#653,#665,#677,#689,#701,#713,#725,#737,#749,#761,
    #773,#785,#797,#809,#821,#833,#845,#857,#869,#881,#893,#905,#917,
    #929,#941,#953,#965,#977,#989,#1001,#1013,#1025,#1037,#1049,#1061,
    #1073,#1085,#1097,#1109,#1121,#1133,#1145,#1157,#1169,#1181,#1193,
    #1205,#1217,#1229,#1241,#1253,#1265,#1277,#1289,#1301,#1313,#1325,
    #1337,#1349,#1361,#1373,#1385,#1397,#1409,#1421,#1433,#1445,#1457,
    #1469,#1481,#1493,#1505,#1517,#1529,#1541,#1553,#1565,#1577,#1589,
    #1601,#1613,#1625,#1637,#1649,#1661,#1673,#1685,#1697,#1709,#1721,
    #1733,#1745,#1757,#1769,#1781,#1793,#1805,#1817,#1829,#1841,#1853,
    #1865,#1877,#1889,#1901,#1913,#1925,#1937,#1949,#1961,#1973,#1985,
    #1997,#2009,#2021,#2033,#2045,#2057,#2069,#2081,#2093,#2105,#2117,
    #2129,#2141,#2153,#2165,#2177,#2189,#2201,#2213,#2225,#2237,#2249,
    #2261,#2273,#2285,#2297,#2309,#2321,#2333,#2345,#2357,#2369,#2381,
    #2393,#2405,#2417,#2429,#2441,#2453),#2465);
#533 = MANIFOLD_SOLID_BREP('',#534);
#534 = CLOSED_SHELL('',(#535));
#535 = ADVANCED_FACE('',(#536),#540,.T.);
#536 = FACE_BOUND('',#537,.T.);
#537 = VERTEX_LOOP('',#538);
#538 = VERTEX_POINT('',#539);
#539 = CARTESIAN_POINT('',(-4.55,-4.55,-2.6E-02));
#540 = SPHERICAL_SURFACE('',#541,0.176);
#541 = AXIS2_PLACEMENT_3D('',#542,#543,#544);
#542 = CARTESIAN_POINT('',(-4.55,-4.55,0.15));
#543 = DIRECTION('',(0.,0.,1.));
#544 = DIRECTION('',(1.,0.,0.));
#545 = MANIFOLD_SOLID_BREP('',#546);
#546 = CLOSED_SHELL('',(#547));
#547 = ADVANCED_FACE('',(#548),#552,.T.);
#548 = FACE_BOUND('',#549,.T.);
#549 = VERTEX_LOOP('',#550);
#550 = VERTEX_POINT('',#551);
#551 = CARTESIAN_POINT('',(-3.9,-4.55,-2.6E-02));
#552 = SPHERICAL_SURFACE('',#553,0.176);
#553 = AXIS2_PLACEMENT_3D('',#554,#555,#556);
#554 = CARTESIAN_POINT('',(-3.9,-4.55,0.15));
#555 = DIRECTION('',(0.,0.,1.));
#556 = DIRECTION('',(1.,0.,0.));
#557 = MANIFOLD_SOLID_BREP('',#558);
#558 = CLOSED_SHELL('',(#559));
#559 = ADVANCED_FACE('',(#560),#564,.T.);
#560 = FACE_BOUND('',#561,.T.);
#561 = VERTEX_LOOP('',#562);
#562 = VERTEX_POINT('',#563);
#563 = CARTESIAN_POINT('',(-3.25,-4.55,-2.6E-02));
#564 = SPHERICAL_SURFACE('',#565,0.176);
#565 = AXIS2_PLACEMENT_3D('',#566,#567,#568);
#566 = CARTESIAN_POINT('',(-3.25,-4.55,0.15));
#567 = DIRECTION('',(0.,0.,1.));
#568 = DIRECTION('',(1.,0.,0.));
#569 = MANIFOLD_SOLID_BREP('',#570);
#570 = CLOSED_SHELL('',(#571));
#571 = ADVANCED_FACE('',(#572),#576,.T.);
#572 = FACE_BOUND('',#573,.T.);
#573 = VERTEX_LOOP('',#574);
#574 = VERTEX_POINT('',#575);
#575 = CARTESIAN_POINT('',(-1.95,-4.55,-2.6E-02));
#576 = SPHERICAL_SURFACE('',#577,0.176);
#577 = AXIS2_PLACEMENT_3D('',#578,#579,#580);
#578 = CARTESIAN_POINT('',(-1.95,-4.55,0.15));
#579 = DIRECTION('',(0.,0.,1.));
#580 = DIRECTION('',(1.,0.,0.));
#581 = MANIFOLD_SOLID_BREP('',#582);
#582 = CLOSED_SHELL('',(#583));
#583 = ADVANCED_FACE('',(#584),#588,.T.);
#584 = FACE_BOUND('',#585,.T.);
#585 = VERTEX_LOOP('',#586);
#586 = VERTEX_POINT('',#587);
#587 = CARTESIAN_POINT('',(-0.65,-4.55,-2.6E-02));
#588 = SPHERICAL_SURFACE('',#589,0.176);
#589 = AXIS2_PLACEMENT_3D('',#590,#591,#592);
#590 = CARTESIAN_POINT('',(-0.65,-4.55,0.15));
#591 = DIRECTION('',(0.,0.,1.));
#592 = DIRECTION('',(1.,0.,0.));
#593 = MANIFOLD_SOLID_BREP('',#594);
#594 = CLOSED_SHELL('',(#595));
#595 = ADVANCED_FACE('',(#596),#600,.T.);
#596 = FACE_BOUND('',#597,.T.);
#597 = VERTEX_LOOP('',#598);
#598 = VERTEX_POINT('',#599);
#599 = CARTESIAN_POINT('',(0.65,-4.55,-2.6E-02));
#600 = SPHERICAL_SURFACE('',#601,0.176);
#601 = AXIS2_PLACEMENT_3D('',#602,#603,#604);
#602 = CARTESIAN_POINT('',(0.65,-4.55,0.15));
#603 = DIRECTION('',(0.,0.,1.));
#604 = DIRECTION('',(1.,0.,0.));
#605 = MANIFOLD_SOLID_BREP('',#606);
#606 = CLOSED_SHELL('',(#607));
#607 = ADVANCED_FACE('',(#608),#612,.T.);
#608 = FACE_BOUND('',#609,.T.);
#609 = VERTEX_LOOP('',#610);
#610 = VERTEX_POINT('',#611);
#611 = CARTESIAN_POINT('',(1.3,-4.55,-2.6E-02));
#612 = SPHERICAL_SURFACE('',#613,0.176);
#613 = AXIS2_PLACEMENT_3D('',#614,#615,#616);
#614 = CARTESIAN_POINT('',(1.3,-4.55,0.15));
#615 = DIRECTION('',(0.,0.,1.));
#616 = DIRECTION('',(1.,0.,0.));
#617 = MANIFOLD_SOLID_BREP('',#618);
#618 = CLOSED_SHELL('',(#619));
#619 = ADVANCED_FACE('',(#620),#624,.T.);
#620 = FACE_BOUND('',#621,.T.);
#621 = VERTEX_LOOP('',#622);
#622 = VERTEX_POINT('',#623);
#623 = CARTESIAN_POINT('',(3.25,-4.55,-2.6E-02));
#624 = SPHERICAL_SURFACE('',#625,0.176);
#625 = AXIS2_PLACEMENT_3D('',#626,#627,#628);
#626 = CARTESIAN_POINT('',(3.25,-4.55,0.15));
#627 = DIRECTION('',(0.,0.,1.));
#628 = DIRECTION('',(1.,0.,0.));
#629 = MANIFOLD_SOLID_BREP('',#630);
#630 = CLOSED_SHELL('',(#631));
#631 = ADVANCED_FACE('',(#632),#636,.T.);
#632 = FACE_BOUND('',#633,.T.);
#633 = VERTEX_LOOP('',#634);
#634 = VERTEX_POINT('',#635);
#635 = CARTESIAN_POINT('',(3.9,-4.55,-2.6E-02));
#636 = SPHERICAL_SURFACE('',#637,0.176);
#637 = AXIS2_PLACEMENT_3D('',#638,#639,#640);
#638 = CARTESIAN_POINT('',(3.9,-4.55,0.15));
#639 = DIRECTION('',(0.,0.,1.));
#640 = DIRECTION('',(1.,0.,0.));
#641 = MANIFOLD_SOLID_BREP('',#642);
#642 = CLOSED_SHELL('',(#643));
#643 = ADVANCED_FACE('',(#644),#648,.T.);
#644 = FACE_BOUND('',#645,.T.);
#645 = VERTEX_LOOP('',#646);
#646 = VERTEX_POINT('',#647);
#647 = CARTESIAN_POINT('',(4.55,-4.55,-2.6E-02));
#648 = SPHERICAL_SURFACE('',#649,0.176);
#649 = AXIS2_PLACEMENT_3D('',#650,#651,#652);
#650 = CARTESIAN_POINT('',(4.55,-4.55,0.15));
#651 = DIRECTION('',(0.,0.,1.));
#652 = DIRECTION('',(1.,0.,0.));
#653 = MANIFOLD_SOLID_BREP('',#654);
#654 = CLOSED_SHELL('',(#655));
#655 = ADVANCED_FACE('',(#656),#660,.T.);
#656 = FACE_BOUND('',#657,.T.);
#657 = VERTEX_LOOP('',#658);
#658 = VERTEX_POINT('',#659);
#659 = CARTESIAN_POINT('',(-4.55,-3.9,-2.6E-02));
#660 = SPHERICAL_SURFACE('',#661,0.176);
#661 = AXIS2_PLACEMENT_3D('',#662,#663,#664);
#662 = CARTESIAN_POINT('',(-4.55,-3.9,0.15));
#663 = DIRECTION('',(0.,0.,1.));
#664 = DIRECTION('',(1.,0.,0.));
#665 = MANIFOLD_SOLID_BREP('',#666);
#666 = CLOSED_SHELL('',(#667));
#667 = ADVANCED_FACE('',(#668),#672,.T.);
#668 = FACE_BOUND('',#669,.T.);
#669 = VERTEX_LOOP('',#670);
#670 = VERTEX_POINT('',#671);
#671 = CARTESIAN_POINT('',(-3.9,-3.9,-2.6E-02));
#672 = SPHERICAL_SURFACE('',#673,0.176);
#673 = AXIS2_PLACEMENT_3D('',#674,#675,#676);
#674 = CARTESIAN_POINT('',(-3.9,-3.9,0.15));
#675 = DIRECTION('',(0.,0.,1.));
#676 = DIRECTION('',(1.,0.,0.));
#677 = MANIFOLD_SOLID_BREP('',#678);
#678 = CLOSED_SHELL('',(#679));
#679 = ADVANCED_FACE('',(#680),#684,.T.);
#680 = FACE_BOUND('',#681,.T.);
#681 = VERTEX_LOOP('',#682);
#682 = VERTEX_POINT('',#683);
#683 = CARTESIAN_POINT('',(-3.25,-3.9,-2.6E-02));
#684 = SPHERICAL_SURFACE('',#685,0.176);
#685 = AXIS2_PLACEMENT_3D('',#686,#687,#688);
#686 = CARTESIAN_POINT('',(-3.25,-3.9,0.15));
#687 = DIRECTION('',(0.,0.,1.));
#688 = DIRECTION('',(1.,0.,0.));
#689 = MANIFOLD_SOLID_BREP('',#690);
#690 = CLOSED_SHELL('',(#691));
#691 = ADVANCED_FACE('',(#692),#696,.T.);
#692 = FACE_BOUND('',#693,.T.);
#693 = VERTEX_LOOP('',#694);
#694 = VERTEX_POINT('',#695);
#695 = CARTESIAN_POINT('',(-2.6,-3.9,-2.6E-02));
#696 = SPHERICAL_SURFACE('',#697,0.176);
#697 = AXIS2_PLACEMENT_3D('',#698,#699,#700);
#698 = CARTESIAN_POINT('',(-2.6,-3.9,0.15));
#699 = DIRECTION('',(0.,0.,1.));
#700 = DIRECTION('',(1.,0.,0.));
#701 = MANIFOLD_SOLID_BREP('',#702);
#702 = CLOSED_SHELL('',(#703));
#703 = ADVANCED_FACE('',(#704),#708,.T.);
#704 = FACE_BOUND('',#705,.T.);
#705 = VERTEX_LOOP('',#706);
#706 = VERTEX_POINT('',#707);
#707 = CARTESIAN_POINT('',(-1.95,-3.9,-2.6E-02));
#708 = SPHERICAL_SURFACE('',#709,0.176);
#709 = AXIS2_PLACEMENT_3D('',#710,#711,#712);
#710 = CARTESIAN_POINT('',(-1.95,-3.9,0.15));
#711 = DIRECTION('',(0.,0.,1.));
#712 = DIRECTION('',(1.,0.,0.));
#713 = MANIFOLD_SOLID_BREP('',#714);
#714 = CLOSED_SHELL('',(#715));
#715 = ADVANCED_FACE('',(#716),#720,.T.);
#716 = FACE_BOUND('',#717,.T.);
#717 = VERTEX_LOOP('',#718);
#718 = VERTEX_POINT('',#719);
#719 = CARTESIAN_POINT('',(-1.3,-3.9,-2.6E-02));
#720 = SPHERICAL_SURFACE('',#721,0.176);
#721 = AXIS2_PLACEMENT_3D('',#722,#723,#724);
#722 = CARTESIAN_POINT('',(-1.3,-3.9,0.15));
#723 = DIRECTION('',(0.,0.,1.));
#724 = DIRECTION('',(1.,0.,0.));
#725 = MANIFOLD_SOLID_BREP('',#726);
#726 = CLOSED_SHELL('',(#727));
#727 = ADVANCED_FACE('',(#728),#732,.T.);
#728 = FACE_BOUND('',#729,.T.);
#729 = VERTEX_LOOP('',#730);
#730 = VERTEX_POINT('',#731);
#731 = CARTESIAN_POINT('',(-0.65,-3.9,-2.6E-02));
#732 = SPHERICAL_SURFACE('',#733,0.176);
#733 = AXIS2_PLACEMENT_3D('',#734,#735,#736);
#734 = CARTESIAN_POINT('',(-0.65,-3.9,0.15));
#735 = DIRECTION('',(0.,0.,1.));
#736 = DIRECTION('',(1.,0.,0.));
#737 = MANIFOLD_SOLID_BREP('',#738);
#738 = CLOSED_SHELL('',(#739));
#739 = ADVANCED_FACE('',(#740),#744,.T.);
#740 = FACE_BOUND('',#741,.T.);
#741 = VERTEX_LOOP('',#742);
#742 = VERTEX_POINT('',#743);
#743 = CARTESIAN_POINT('',(1.07768918325E-17,-3.9,-2.6E-02));
#744 = SPHERICAL_SURFACE('',#745,0.176);
#745 = AXIS2_PLACEMENT_3D('',#746,#747,#748);
#746 = CARTESIAN_POINT('',(0.,-3.9,0.15));
#747 = DIRECTION('',(0.,0.,1.));
#748 = DIRECTION('',(1.,0.,0.));
#749 = MANIFOLD_SOLID_BREP('',#750);
#750 = CLOSED_SHELL('',(#751));
#751 = ADVANCED_FACE('',(#752),#756,.T.);
#752 = FACE_BOUND('',#753,.T.);
#753 = VERTEX_LOOP('',#754);
#754 = VERTEX_POINT('',#755);
#755 = CARTESIAN_POINT('',(0.65,-3.9,-2.6E-02));
#756 = SPHERICAL_SURFACE('',#757,0.176);
#757 = AXIS2_PLACEMENT_3D('',#758,#759,#760);
#758 = CARTESIAN_POINT('',(0.65,-3.9,0.15));
#759 = DIRECTION('',(0.,0.,1.));
#760 = DIRECTION('',(1.,0.,0.));
#761 = MANIFOLD_SOLID_BREP('',#762);
#762 = CLOSED_SHELL('',(#763));
#763 = ADVANCED_FACE('',(#764),#768,.T.);
#764 = FACE_BOUND('',#765,.T.);
#765 = VERTEX_LOOP('',#766);
#766 = VERTEX_POINT('',#767);
#767 = CARTESIAN_POINT('',(1.3,-3.9,-2.6E-02));
#768 = SPHERICAL_SURFACE('',#769,0.176);
#769 = AXIS2_PLACEMENT_3D('',#770,#771,#772);
#770 = CARTESIAN_POINT('',(1.3,-3.9,0.15));
#771 = DIRECTION('',(0.,0.,1.));
#772 = DIRECTION('',(1.,0.,0.));
#773 = MANIFOLD_SOLID_BREP('',#774);
#774 = CLOSED_SHELL('',(#775));
#775 = ADVANCED_FACE('',(#776),#780,.T.);
#776 = FACE_BOUND('',#777,.T.);
#777 = VERTEX_LOOP('',#778);
#778 = VERTEX_POINT('',#779);
#779 = CARTESIAN_POINT('',(1.95,-3.9,-2.6E-02));
#780 = SPHERICAL_SURFACE('',#781,0.176);
#781 = AXIS2_PLACEMENT_3D('',#782,#783,#784);
#782 = CARTESIAN_POINT('',(1.95,-3.9,0.15));
#783 = DIRECTION('',(0.,0.,1.));
#784 = DIRECTION('',(1.,0.,0.));
#785 = MANIFOLD_SOLID_BREP('',#786);
#786 = CLOSED_SHELL('',(#787));
#787 = ADVANCED_FACE('',(#788),#792,.T.);
#788 = FACE_BOUND('',#789,.T.);
#789 = VERTEX_LOOP('',#790);
#790 = VERTEX_POINT('',#791);
#791 = CARTESIAN_POINT('',(2.6,-3.9,-2.6E-02));
#792 = SPHERICAL_SURFACE('',#793,0.176);
#793 = AXIS2_PLACEMENT_3D('',#794,#795,#796);
#794 = CARTESIAN_POINT('',(2.6,-3.9,0.15));
#795 = DIRECTION('',(0.,0.,1.));
#796 = DIRECTION('',(1.,0.,0.));
#797 = MANIFOLD_SOLID_BREP('',#798);
#798 = CLOSED_SHELL('',(#799));
#799 = ADVANCED_FACE('',(#800),#804,.T.);
#800 = FACE_BOUND('',#801,.T.);
#801 = VERTEX_LOOP('',#802);
#802 = VERTEX_POINT('',#803);
#803 = CARTESIAN_POINT('',(3.25,-3.9,-2.6E-02));
#804 = SPHERICAL_SURFACE('',#805,0.176);
#805 = AXIS2_PLACEMENT_3D('',#806,#807,#808);
#806 = CARTESIAN_POINT('',(3.25,-3.9,0.15));
#807 = DIRECTION('',(0.,0.,1.));
#808 = DIRECTION('',(1.,0.,0.));
#809 = MANIFOLD_SOLID_BREP('',#810);
#810 = CLOSED_SHELL('',(#811));
#811 = ADVANCED_FACE('',(#812),#816,.T.);
#812 = FACE_BOUND('',#813,.T.);
#813 = VERTEX_LOOP('',#814);
#814 = VERTEX_POINT('',#815);
#815 = CARTESIAN_POINT('',(3.9,-3.9,-2.6E-02));
#816 = SPHERICAL_SURFACE('',#817,0.176);
#817 = AXIS2_PLACEMENT_3D('',#818,#819,#820);
#818 = CARTESIAN_POINT('',(3.9,-3.9,0.15));
#819 = DIRECTION('',(0.,0.,1.));
#820 = DIRECTION('',(1.,0.,0.));
#821 = MANIFOLD_SOLID_BREP('',#822);
#822 = CLOSED_SHELL('',(#823));
#823 = ADVANCED_FACE('',(#824),#828,.T.);
#824 = FACE_BOUND('',#825,.T.);
#825 = VERTEX_LOOP('',#826);
#826 = VERTEX_POINT('',#827);
#827 = CARTESIAN_POINT('',(4.55,-3.9,-2.6E-02));
#828 = SPHERICAL_SURFACE('',#829,0.176);
#829 = AXIS2_PLACEMENT_3D('',#830,#831,#832);
#830 = CARTESIAN_POINT('',(4.55,-3.9,0.15));
#831 = DIRECTION('',(0.,0.,1.));
#832 = DIRECTION('',(1.,0.,0.));
#833 = MANIFOLD_SOLID_BREP('',#834);
#834 = CLOSED_SHELL('',(#835));
#835 = ADVANCED_FACE('',(#836),#840,.T.);
#836 = FACE_BOUND('',#837,.T.);
#837 = VERTEX_LOOP('',#838);
#838 = VERTEX_POINT('',#839);
#839 = CARTESIAN_POINT('',(-4.55,-3.25,-2.6E-02));
#840 = SPHERICAL_SURFACE('',#841,0.176);
#841 = AXIS2_PLACEMENT_3D('',#842,#843,#844);
#842 = CARTESIAN_POINT('',(-4.55,-3.25,0.15));
#843 = DIRECTION('',(0.,0.,1.));
#844 = DIRECTION('',(1.,0.,0.));
#845 = MANIFOLD_SOLID_BREP('',#846);
#846 = CLOSED_SHELL('',(#847));
#847 = ADVANCED_FACE('',(#848),#852,.T.);
#848 = FACE_BOUND('',#849,.T.);
#849 = VERTEX_LOOP('',#850);
#850 = VERTEX_POINT('',#851);
#851 = CARTESIAN_POINT('',(-3.9,-3.25,-2.6E-02));
#852 = SPHERICAL_SURFACE('',#853,0.176);
#853 = AXIS2_PLACEMENT_3D('',#854,#855,#856);
#854 = CARTESIAN_POINT('',(-3.9,-3.25,0.15));
#855 = DIRECTION('',(0.,0.,1.));
#856 = DIRECTION('',(1.,0.,0.));
#857 = MANIFOLD_SOLID_BREP('',#858);
#858 = CLOSED_SHELL('',(#859));
#859 = ADVANCED_FACE('',(#860),#864,.T.);
#860 = FACE_BOUND('',#861,.T.);
#861 = VERTEX_LOOP('',#862);
#862 = VERTEX_POINT('',#863);
#863 = CARTESIAN_POINT('',(-3.25,-3.25,-2.6E-02));
#864 = SPHERICAL_SURFACE('',#865,0.176);
#865 = AXIS2_PLACEMENT_3D('',#866,#867,#868);
#866 = CARTESIAN_POINT('',(-3.25,-3.25,0.15));
#867 = DIRECTION('',(0.,0.,1.));
#868 = DIRECTION('',(1.,0.,0.));
#869 = MANIFOLD_SOLID_BREP('',#870);
#870 = CLOSED_SHELL('',(#871));
#871 = ADVANCED_FACE('',(#872),#876,.T.);
#872 = FACE_BOUND('',#873,.T.);
#873 = VERTEX_LOOP('',#874);
#874 = VERTEX_POINT('',#875);
#875 = CARTESIAN_POINT('',(-2.6,-3.25,-2.6E-02));
#876 = SPHERICAL_SURFACE('',#877,0.176);
#877 = AXIS2_PLACEMENT_3D('',#878,#879,#880);
#878 = CARTESIAN_POINT('',(-2.6,-3.25,0.15));
#879 = DIRECTION('',(0.,0.,1.));
#880 = DIRECTION('',(1.,0.,0.));
#881 = MANIFOLD_SOLID_BREP('',#882);
#882 = CLOSED_SHELL('',(#883));
#883 = ADVANCED_FACE('',(#884),#888,.T.);
#884 = FACE_BOUND('',#885,.T.);
#885 = VERTEX_LOOP('',#886);
#886 = VERTEX_POINT('',#887);
#887 = CARTESIAN_POINT('',(-1.95,-3.25,-2.6E-02));
#888 = SPHERICAL_SURFACE('',#889,0.176);
#889 = AXIS2_PLACEMENT_3D('',#890,#891,#892);
#890 = CARTESIAN_POINT('',(-1.95,-3.25,0.15));
#891 = DIRECTION('',(0.,0.,1.));
#892 = DIRECTION('',(1.,0.,0.));
#893 = MANIFOLD_SOLID_BREP('',#894);
#894 = CLOSED_SHELL('',(#895));
#895 = ADVANCED_FACE('',(#896),#900,.T.);
#896 = FACE_BOUND('',#897,.T.);
#897 = VERTEX_LOOP('',#898);
#898 = VERTEX_POINT('',#899);
#899 = CARTESIAN_POINT('',(-1.3,-3.25,-2.6E-02));
#900 = SPHERICAL_SURFACE('',#901,0.176);
#901 = AXIS2_PLACEMENT_3D('',#902,#903,#904);
#902 = CARTESIAN_POINT('',(-1.3,-3.25,0.15));
#903 = DIRECTION('',(0.,0.,1.));
#904 = DIRECTION('',(1.,0.,0.));
#905 = MANIFOLD_SOLID_BREP('',#906);
#906 = CLOSED_SHELL('',(#907));
#907 = ADVANCED_FACE('',(#908),#912,.T.);
#908 = FACE_BOUND('',#909,.T.);
#909 = VERTEX_LOOP('',#910);
#910 = VERTEX_POINT('',#911);
#911 = CARTESIAN_POINT('',(-0.65,-3.25,-2.6E-02));
#912 = SPHERICAL_SURFACE('',#913,0.176);
#913 = AXIS2_PLACEMENT_3D('',#914,#915,#916);
#914 = CARTESIAN_POINT('',(-0.65,-3.25,0.15));
#915 = DIRECTION('',(0.,0.,1.));
#916 = DIRECTION('',(1.,0.,0.));
#917 = MANIFOLD_SOLID_BREP('',#918);
#918 = CLOSED_SHELL('',(#919));
#919 = ADVANCED_FACE('',(#920),#924,.T.);
#920 = FACE_BOUND('',#921,.T.);
#921 = VERTEX_LOOP('',#922);
#922 = VERTEX_POINT('',#923);
#923 = CARTESIAN_POINT('',(1.07768918325E-17,-3.25,-2.6E-02));
#924 = SPHERICAL_SURFACE('',#925,0.176);
#925 = AXIS2_PLACEMENT_3D('',#926,#927,#928);
#926 = CARTESIAN_POINT('',(0.,-3.25,0.15));
#927 = DIRECTION('',(0.,0.,1.));
#928 = DIRECTION('',(1.,0.,0.));
#929 = MANIFOLD_SOLID_BREP('',#930);
#930 = CLOSED_SHELL('',(#931));
#931 = ADVANCED_FACE('',(#932),#936,.T.);
#932 = FACE_BOUND('',#933,.T.);
#933 = VERTEX_LOOP('',#934);
#934 = VERTEX_POINT('',#935);
#935 = CARTESIAN_POINT('',(0.65,-3.25,-2.6E-02));
#936 = SPHERICAL_SURFACE('',#937,0.176);
#937 = AXIS2_PLACEMENT_3D('',#938,#939,#940);
#938 = CARTESIAN_POINT('',(0.65,-3.25,0.15));
#939 = DIRECTION('',(0.,0.,1.));
#940 = DIRECTION('',(1.,0.,0.));
#941 = MANIFOLD_SOLID_BREP('',#942);
#942 = CLOSED_SHELL('',(#943));
#943 = ADVANCED_FACE('',(#944),#948,.T.);
#944 = FACE_BOUND('',#945,.T.);
#945 = VERTEX_LOOP('',#946);
#946 = VERTEX_POINT('',#947);
#947 = CARTESIAN_POINT('',(3.25,-3.25,-2.6E-02));
#948 = SPHERICAL_SURFACE('',#949,0.176);
#949 = AXIS2_PLACEMENT_3D('',#950,#951,#952);
#950 = CARTESIAN_POINT('',(3.25,-3.25,0.15));
#951 = DIRECTION('',(0.,0.,1.));
#952 = DIRECTION('',(1.,0.,0.));
#953 = MANIFOLD_SOLID_BREP('',#954);
#954 = CLOSED_SHELL('',(#955));
#955 = ADVANCED_FACE('',(#956),#960,.T.);
#956 = FACE_BOUND('',#957,.T.);
#957 = VERTEX_LOOP('',#958);
#958 = VERTEX_POINT('',#959);
#959 = CARTESIAN_POINT('',(3.9,-3.25,-2.6E-02));
#960 = SPHERICAL_SURFACE('',#961,0.176);
#961 = AXIS2_PLACEMENT_3D('',#962,#963,#964);
#962 = CARTESIAN_POINT('',(3.9,-3.25,0.15));
#963 = DIRECTION('',(0.,0.,1.));
#964 = DIRECTION('',(1.,0.,0.));
#965 = MANIFOLD_SOLID_BREP('',#966);
#966 = CLOSED_SHELL('',(#967));
#967 = ADVANCED_FACE('',(#968),#972,.T.);
#968 = FACE_BOUND('',#969,.T.);
#969 = VERTEX_LOOP('',#970);
#970 = VERTEX_POINT('',#971);
#971 = CARTESIAN_POINT('',(4.55,-3.25,-2.6E-02));
#972 = SPHERICAL_SURFACE('',#973,0.176);
#973 = AXIS2_PLACEMENT_3D('',#974,#975,#976);
#974 = CARTESIAN_POINT('',(4.55,-3.25,0.15));
#975 = DIRECTION('',(0.,0.,1.));
#976 = DIRECTION('',(1.,0.,0.));
#977 = MANIFOLD_SOLID_BREP('',#978);
#978 = CLOSED_SHELL('',(#979));
#979 = ADVANCED_FACE('',(#980),#984,.T.);
#980 = FACE_BOUND('',#981,.T.);
#981 = VERTEX_LOOP('',#982);
#982 = VERTEX_POINT('',#983);
#983 = CARTESIAN_POINT('',(-3.9,-2.6,-2.6E-02));
#984 = SPHERICAL_SURFACE('',#985,0.176);
#985 = AXIS2_PLACEMENT_3D('',#986,#987,#988);
#986 = CARTESIAN_POINT('',(-3.9,-2.6,0.15));
#987 = DIRECTION('',(0.,0.,1.));
#988 = DIRECTION('',(1.,0.,0.));
#989 = MANIFOLD_SOLID_BREP('',#990);
#990 = CLOSED_SHELL('',(#991));
#991 = ADVANCED_FACE('',(#992),#996,.T.);
#992 = FACE_BOUND('',#993,.T.);
#993 = VERTEX_LOOP('',#994);
#994 = VERTEX_POINT('',#995);
#995 = CARTESIAN_POINT('',(3.25,-2.6,-2.6E-02));
#996 = SPHERICAL_SURFACE('',#997,0.176);
#997 = AXIS2_PLACEMENT_3D('',#998,#999,#1000);
#998 = CARTESIAN_POINT('',(3.25,-2.6,0.15));
#999 = DIRECTION('',(0.,0.,1.));
#1000 = DIRECTION('',(1.,0.,0.));
#1001 = MANIFOLD_SOLID_BREP('',#1002);
#1002 = CLOSED_SHELL('',(#1003));
#1003 = ADVANCED_FACE('',(#1004),#1008,.T.);
#1004 = FACE_BOUND('',#1005,.T.);
#1005 = VERTEX_LOOP('',#1006);
#1006 = VERTEX_POINT('',#1007);
#1007 = CARTESIAN_POINT('',(3.9,-2.6,-2.6E-02));
#1008 = SPHERICAL_SURFACE('',#1009,0.176);
#1009 = AXIS2_PLACEMENT_3D('',#1010,#1011,#1012);
#1010 = CARTESIAN_POINT('',(3.9,-2.6,0.15));
#1011 = DIRECTION('',(0.,0.,1.));
#1012 = DIRECTION('',(1.,0.,0.));
#1013 = MANIFOLD_SOLID_BREP('',#1014);
#1014 = CLOSED_SHELL('',(#1015));
#1015 = ADVANCED_FACE('',(#1016),#1020,.T.);
#1016 = FACE_BOUND('',#1017,.T.);
#1017 = VERTEX_LOOP('',#1018);
#1018 = VERTEX_POINT('',#1019);
#1019 = CARTESIAN_POINT('',(4.55,-2.6,-2.6E-02));
#1020 = SPHERICAL_SURFACE('',#1021,0.176);
#1021 = AXIS2_PLACEMENT_3D('',#1022,#1023,#1024);
#1022 = CARTESIAN_POINT('',(4.55,-2.6,0.15));
#1023 = DIRECTION('',(0.,0.,1.));
#1024 = DIRECTION('',(1.,0.,0.));
#1025 = MANIFOLD_SOLID_BREP('',#1026);
#1026 = CLOSED_SHELL('',(#1027));
#1027 = ADVANCED_FACE('',(#1028),#1032,.T.);
#1028 = FACE_BOUND('',#1029,.T.);
#1029 = VERTEX_LOOP('',#1030);
#1030 = VERTEX_POINT('',#1031);
#1031 = CARTESIAN_POINT('',(-4.55,-1.95,-2.6E-02));
#1032 = SPHERICAL_SURFACE('',#1033,0.176);
#1033 = AXIS2_PLACEMENT_3D('',#1034,#1035,#1036);
#1034 = CARTESIAN_POINT('',(-4.55,-1.95,0.15));
#1035 = DIRECTION('',(0.,0.,1.));
#1036 = DIRECTION('',(1.,0.,0.));
#1037 = MANIFOLD_SOLID_BREP('',#1038);
#1038 = CLOSED_SHELL('',(#1039));
#1039 = ADVANCED_FACE('',(#1040),#1044,.T.);
#1040 = FACE_BOUND('',#1041,.T.);
#1041 = VERTEX_LOOP('',#1042);
#1042 = VERTEX_POINT('',#1043);
#1043 = CARTESIAN_POINT('',(-3.9,-1.95,-2.6E-02));
#1044 = SPHERICAL_SURFACE('',#1045,0.176);
#1045 = AXIS2_PLACEMENT_3D('',#1046,#1047,#1048);
#1046 = CARTESIAN_POINT('',(-3.9,-1.95,0.15));
#1047 = DIRECTION('',(0.,0.,1.));
#1048 = DIRECTION('',(1.,0.,0.));
#1049 = MANIFOLD_SOLID_BREP('',#1050);
#1050 = CLOSED_SHELL('',(#1051));
#1051 = ADVANCED_FACE('',(#1052),#1056,.T.);
#1052 = FACE_BOUND('',#1053,.T.);
#1053 = VERTEX_LOOP('',#1054);
#1054 = VERTEX_POINT('',#1055);
#1055 = CARTESIAN_POINT('',(-3.25,-1.95,-2.6E-02));
#1056 = SPHERICAL_SURFACE('',#1057,0.176);
#1057 = AXIS2_PLACEMENT_3D('',#1058,#1059,#1060);
#1058 = CARTESIAN_POINT('',(-3.25,-1.95,0.15));
#1059 = DIRECTION('',(0.,0.,1.));
#1060 = DIRECTION('',(1.,0.,0.));
#1061 = MANIFOLD_SOLID_BREP('',#1062);
#1062 = CLOSED_SHELL('',(#1063));
#1063 = ADVANCED_FACE('',(#1064),#1068,.T.);
#1064 = FACE_BOUND('',#1065,.T.);
#1065 = VERTEX_LOOP('',#1066);
#1066 = VERTEX_POINT('',#1067);
#1067 = CARTESIAN_POINT('',(-1.95,-1.95,-2.6E-02));
#1068 = SPHERICAL_SURFACE('',#1069,0.176);
#1069 = AXIS2_PLACEMENT_3D('',#1070,#1071,#1072);
#1070 = CARTESIAN_POINT('',(-1.95,-1.95,0.15));
#1071 = DIRECTION('',(0.,0.,1.));
#1072 = DIRECTION('',(1.,0.,0.));
#1073 = MANIFOLD_SOLID_BREP('',#1074);
#1074 = CLOSED_SHELL('',(#1075));
#1075 = ADVANCED_FACE('',(#1076),#1080,.T.);
#1076 = FACE_BOUND('',#1077,.T.);
#1077 = VERTEX_LOOP('',#1078);
#1078 = VERTEX_POINT('',#1079);
#1079 = CARTESIAN_POINT('',(-1.3,-1.95,-2.6E-02));
#1080 = SPHERICAL_SURFACE('',#1081,0.176);
#1081 = AXIS2_PLACEMENT_3D('',#1082,#1083,#1084);
#1082 = CARTESIAN_POINT('',(-1.3,-1.95,0.15));
#1083 = DIRECTION('',(0.,0.,1.));
#1084 = DIRECTION('',(1.,0.,0.));
#1085 = MANIFOLD_SOLID_BREP('',#1086);
#1086 = CLOSED_SHELL('',(#1087));
#1087 = ADVANCED_FACE('',(#1088),#1092,.T.);
#1088 = FACE_BOUND('',#1089,.T.);
#1089 = VERTEX_LOOP('',#1090);
#1090 = VERTEX_POINT('',#1091);
#1091 = CARTESIAN_POINT('',(1.07768918325E-17,-1.95,-2.6E-02));
#1092 = SPHERICAL_SURFACE('',#1093,0.176);
#1093 = AXIS2_PLACEMENT_3D('',#1094,#1095,#1096);
#1094 = CARTESIAN_POINT('',(0.,-1.95,0.15));
#1095 = DIRECTION('',(0.,0.,1.));
#1096 = DIRECTION('',(1.,0.,0.));
#1097 = MANIFOLD_SOLID_BREP('',#1098);
#1098 = CLOSED_SHELL('',(#1099));
#1099 = ADVANCED_FACE('',(#1100),#1104,.T.);
#1100 = FACE_BOUND('',#1101,.T.);
#1101 = VERTEX_LOOP('',#1102);
#1102 = VERTEX_POINT('',#1103);
#1103 = CARTESIAN_POINT('',(1.3,-1.95,-2.6E-02));
#1104 = SPHERICAL_SURFACE('',#1105,0.176);
#1105 = AXIS2_PLACEMENT_3D('',#1106,#1107,#1108);
#1106 = CARTESIAN_POINT('',(1.3,-1.95,0.15));
#1107 = DIRECTION('',(0.,0.,1.));
#1108 = DIRECTION('',(1.,0.,0.));
#1109 = MANIFOLD_SOLID_BREP('',#1110);
#1110 = CLOSED_SHELL('',(#1111));
#1111 = ADVANCED_FACE('',(#1112),#1116,.T.);
#1112 = FACE_BOUND('',#1113,.T.);
#1113 = VERTEX_LOOP('',#1114);
#1114 = VERTEX_POINT('',#1115);
#1115 = CARTESIAN_POINT('',(1.95,-1.95,-2.6E-02));
#1116 = SPHERICAL_SURFACE('',#1117,0.176);
#1117 = AXIS2_PLACEMENT_3D('',#1118,#1119,#1120);
#1118 = CARTESIAN_POINT('',(1.95,-1.95,0.15));
#1119 = DIRECTION('',(0.,0.,1.));
#1120 = DIRECTION('',(1.,0.,0.));
#1121 = MANIFOLD_SOLID_BREP('',#1122);
#1122 = CLOSED_SHELL('',(#1123));
#1123 = ADVANCED_FACE('',(#1124),#1128,.T.);
#1124 = FACE_BOUND('',#1125,.T.);
#1125 = VERTEX_LOOP('',#1126);
#1126 = VERTEX_POINT('',#1127);
#1127 = CARTESIAN_POINT('',(3.25,-1.95,-2.6E-02));
#1128 = SPHERICAL_SURFACE('',#1129,0.176);
#1129 = AXIS2_PLACEMENT_3D('',#1130,#1131,#1132);
#1130 = CARTESIAN_POINT('',(3.25,-1.95,0.15));
#1131 = DIRECTION('',(0.,0.,1.));
#1132 = DIRECTION('',(1.,0.,0.));
#1133 = MANIFOLD_SOLID_BREP('',#1134);
#1134 = CLOSED_SHELL('',(#1135));
#1135 = ADVANCED_FACE('',(#1136),#1140,.T.);
#1136 = FACE_BOUND('',#1137,.T.);
#1137 = VERTEX_LOOP('',#1138);
#1138 = VERTEX_POINT('',#1139);
#1139 = CARTESIAN_POINT('',(3.9,-1.95,-2.6E-02));
#1140 = SPHERICAL_SURFACE('',#1141,0.176);
#1141 = AXIS2_PLACEMENT_3D('',#1142,#1143,#1144);
#1142 = CARTESIAN_POINT('',(3.9,-1.95,0.15));
#1143 = DIRECTION('',(0.,0.,1.));
#1144 = DIRECTION('',(1.,0.,0.));
#1145 = MANIFOLD_SOLID_BREP('',#1146);
#1146 = CLOSED_SHELL('',(#1147));
#1147 = ADVANCED_FACE('',(#1148),#1152,.T.);
#1148 = FACE_BOUND('',#1149,.T.);
#1149 = VERTEX_LOOP('',#1150);
#1150 = VERTEX_POINT('',#1151);
#1151 = CARTESIAN_POINT('',(4.55,-1.95,-2.6E-02));
#1152 = SPHERICAL_SURFACE('',#1153,0.176);
#1153 = AXIS2_PLACEMENT_3D('',#1154,#1155,#1156);
#1154 = CARTESIAN_POINT('',(4.55,-1.95,0.15));
#1155 = DIRECTION('',(0.,0.,1.));
#1156 = DIRECTION('',(1.,0.,0.));
#1157 = MANIFOLD_SOLID_BREP('',#1158);
#1158 = CLOSED_SHELL('',(#1159));
#1159 = ADVANCED_FACE('',(#1160),#1164,.T.);
#1160 = FACE_BOUND('',#1161,.T.);
#1161 = VERTEX_LOOP('',#1162);
#1162 = VERTEX_POINT('',#1163);
#1163 = CARTESIAN_POINT('',(-3.9,-1.3,-2.6E-02));
#1164 = SPHERICAL_SURFACE('',#1165,0.176);
#1165 = AXIS2_PLACEMENT_3D('',#1166,#1167,#1168);
#1166 = CARTESIAN_POINT('',(-3.9,-1.3,0.15));
#1167 = DIRECTION('',(0.,0.,1.));
#1168 = DIRECTION('',(1.,0.,0.));
#1169 = MANIFOLD_SOLID_BREP('',#1170);
#1170 = CLOSED_SHELL('',(#1171));
#1171 = ADVANCED_FACE('',(#1172),#1176,.T.);
#1172 = FACE_BOUND('',#1173,.T.);
#1173 = VERTEX_LOOP('',#1174);
#1174 = VERTEX_POINT('',#1175);
#1175 = CARTESIAN_POINT('',(-3.25,-1.3,-2.6E-02));
#1176 = SPHERICAL_SURFACE('',#1177,0.176);
#1177 = AXIS2_PLACEMENT_3D('',#1178,#1179,#1180);
#1178 = CARTESIAN_POINT('',(-3.25,-1.3,0.15));
#1179 = DIRECTION('',(0.,0.,1.));
#1180 = DIRECTION('',(1.,0.,0.));
#1181 = MANIFOLD_SOLID_BREP('',#1182);
#1182 = CLOSED_SHELL('',(#1183));
#1183 = ADVANCED_FACE('',(#1184),#1188,.T.);
#1184 = FACE_BOUND('',#1185,.T.);
#1185 = VERTEX_LOOP('',#1186);
#1186 = VERTEX_POINT('',#1187);
#1187 = CARTESIAN_POINT('',(-1.95,-1.3,-2.6E-02));
#1188 = SPHERICAL_SURFACE('',#1189,0.176);
#1189 = AXIS2_PLACEMENT_3D('',#1190,#1191,#1192);
#1190 = CARTESIAN_POINT('',(-1.95,-1.3,0.15));
#1191 = DIRECTION('',(0.,0.,1.));
#1192 = DIRECTION('',(1.,0.,0.));
#1193 = MANIFOLD_SOLID_BREP('',#1194);
#1194 = CLOSED_SHELL('',(#1195));
#1195 = ADVANCED_FACE('',(#1196),#1200,.T.);
#1196 = FACE_BOUND('',#1197,.T.);
#1197 = VERTEX_LOOP('',#1198);
#1198 = VERTEX_POINT('',#1199);
#1199 = CARTESIAN_POINT('',(0.65,-1.3,-2.6E-02));
#1200 = SPHERICAL_SURFACE('',#1201,0.176);
#1201 = AXIS2_PLACEMENT_3D('',#1202,#1203,#1204);
#1202 = CARTESIAN_POINT('',(0.65,-1.3,0.15));
#1203 = DIRECTION('',(0.,0.,1.));
#1204 = DIRECTION('',(1.,0.,0.));
#1205 = MANIFOLD_SOLID_BREP('',#1206);
#1206 = CLOSED_SHELL('',(#1207));
#1207 = ADVANCED_FACE('',(#1208),#1212,.T.);
#1208 = FACE_BOUND('',#1209,.T.);
#1209 = VERTEX_LOOP('',#1210);
#1210 = VERTEX_POINT('',#1211);
#1211 = CARTESIAN_POINT('',(1.95,-1.3,-2.6E-02));
#1212 = SPHERICAL_SURFACE('',#1213,0.176);
#1213 = AXIS2_PLACEMENT_3D('',#1214,#1215,#1216);
#1214 = CARTESIAN_POINT('',(1.95,-1.3,0.15));
#1215 = DIRECTION('',(0.,0.,1.));
#1216 = DIRECTION('',(1.,0.,0.));
#1217 = MANIFOLD_SOLID_BREP('',#1218);
#1218 = CLOSED_SHELL('',(#1219));
#1219 = ADVANCED_FACE('',(#1220),#1224,.T.);
#1220 = FACE_BOUND('',#1221,.T.);
#1221 = VERTEX_LOOP('',#1222);
#1222 = VERTEX_POINT('',#1223);
#1223 = CARTESIAN_POINT('',(3.25,-1.3,-2.6E-02));
#1224 = SPHERICAL_SURFACE('',#1225,0.176);
#1225 = AXIS2_PLACEMENT_3D('',#1226,#1227,#1228);
#1226 = CARTESIAN_POINT('',(3.25,-1.3,0.15));
#1227 = DIRECTION('',(0.,0.,1.));
#1228 = DIRECTION('',(1.,0.,0.));
#1229 = MANIFOLD_SOLID_BREP('',#1230);
#1230 = CLOSED_SHELL('',(#1231));
#1231 = ADVANCED_FACE('',(#1232),#1236,.T.);
#1232 = FACE_BOUND('',#1233,.T.);
#1233 = VERTEX_LOOP('',#1234);
#1234 = VERTEX_POINT('',#1235);
#1235 = CARTESIAN_POINT('',(3.9,-1.3,-2.6E-02));
#1236 = SPHERICAL_SURFACE('',#1237,0.176);
#1237 = AXIS2_PLACEMENT_3D('',#1238,#1239,#1240);
#1238 = CARTESIAN_POINT('',(3.9,-1.3,0.15));
#1239 = DIRECTION('',(0.,0.,1.));
#1240 = DIRECTION('',(1.,0.,0.));
#1241 = MANIFOLD_SOLID_BREP('',#1242);
#1242 = CLOSED_SHELL('',(#1243));
#1243 = ADVANCED_FACE('',(#1244),#1248,.T.);
#1244 = FACE_BOUND('',#1245,.T.);
#1245 = VERTEX_LOOP('',#1246);
#1246 = VERTEX_POINT('',#1247);
#1247 = CARTESIAN_POINT('',(4.55,-1.3,-2.6E-02));
#1248 = SPHERICAL_SURFACE('',#1249,0.176);
#1249 = AXIS2_PLACEMENT_3D('',#1250,#1251,#1252);
#1250 = CARTESIAN_POINT('',(4.55,-1.3,0.15));
#1251 = DIRECTION('',(0.,0.,1.));
#1252 = DIRECTION('',(1.,0.,0.));
#1253 = MANIFOLD_SOLID_BREP('',#1254);
#1254 = CLOSED_SHELL('',(#1255));
#1255 = ADVANCED_FACE('',(#1256),#1260,.T.);
#1256 = FACE_BOUND('',#1257,.T.);
#1257 = VERTEX_LOOP('',#1258);
#1258 = VERTEX_POINT('',#1259);
#1259 = CARTESIAN_POINT('',(-4.55,-0.65,-2.6E-02));
#1260 = SPHERICAL_SURFACE('',#1261,0.176);
#1261 = AXIS2_PLACEMENT_3D('',#1262,#1263,#1264);
#1262 = CARTESIAN_POINT('',(-4.55,-0.65,0.15));
#1263 = DIRECTION('',(0.,0.,1.));
#1264 = DIRECTION('',(1.,0.,0.));
#1265 = MANIFOLD_SOLID_BREP('',#1266);
#1266 = CLOSED_SHELL('',(#1267));
#1267 = ADVANCED_FACE('',(#1268),#1272,.T.);
#1268 = FACE_BOUND('',#1269,.T.);
#1269 = VERTEX_LOOP('',#1270);
#1270 = VERTEX_POINT('',#1271);
#1271 = CARTESIAN_POINT('',(-3.9,-0.65,-2.6E-02));
#1272 = SPHERICAL_SURFACE('',#1273,0.176);
#1273 = AXIS2_PLACEMENT_3D('',#1274,#1275,#1276);
#1274 = CARTESIAN_POINT('',(-3.9,-0.65,0.15));
#1275 = DIRECTION('',(0.,0.,1.));
#1276 = DIRECTION('',(1.,0.,0.));
#1277 = MANIFOLD_SOLID_BREP('',#1278);
#1278 = CLOSED_SHELL('',(#1279));
#1279 = ADVANCED_FACE('',(#1280),#1284,.T.);
#1280 = FACE_BOUND('',#1281,.T.);
#1281 = VERTEX_LOOP('',#1282);
#1282 = VERTEX_POINT('',#1283);
#1283 = CARTESIAN_POINT('',(-3.25,-0.65,-2.6E-02));
#1284 = SPHERICAL_SURFACE('',#1285,0.176);
#1285 = AXIS2_PLACEMENT_3D('',#1286,#1287,#1288);
#1286 = CARTESIAN_POINT('',(-3.25,-0.65,0.15));
#1287 = DIRECTION('',(0.,0.,1.));
#1288 = DIRECTION('',(1.,0.,0.));
#1289 = MANIFOLD_SOLID_BREP('',#1290);
#1290 = CLOSED_SHELL('',(#1291));
#1291 = ADVANCED_FACE('',(#1292),#1296,.T.);
#1292 = FACE_BOUND('',#1293,.T.);
#1293 = VERTEX_LOOP('',#1294);
#1294 = VERTEX_POINT('',#1295);
#1295 = CARTESIAN_POINT('',(-1.95,-0.65,-2.6E-02));
#1296 = SPHERICAL_SURFACE('',#1297,0.176);
#1297 = AXIS2_PLACEMENT_3D('',#1298,#1299,#1300);
#1298 = CARTESIAN_POINT('',(-1.95,-0.65,0.15));
#1299 = DIRECTION('',(0.,0.,1.));
#1300 = DIRECTION('',(1.,0.,0.));
#1301 = MANIFOLD_SOLID_BREP('',#1302);
#1302 = CLOSED_SHELL('',(#1303));
#1303 = ADVANCED_FACE('',(#1304),#1308,.T.);
#1304 = FACE_BOUND('',#1305,.T.);
#1305 = VERTEX_LOOP('',#1306);
#1306 = VERTEX_POINT('',#1307);
#1307 = CARTESIAN_POINT('',(-1.3,-0.65,-2.6E-02));
#1308 = SPHERICAL_SURFACE('',#1309,0.176);
#1309 = AXIS2_PLACEMENT_3D('',#1310,#1311,#1312);
#1310 = CARTESIAN_POINT('',(-1.3,-0.65,0.15));
#1311 = DIRECTION('',(0.,0.,1.));
#1312 = DIRECTION('',(1.,0.,0.));
#1313 = MANIFOLD_SOLID_BREP('',#1314);
#1314 = CLOSED_SHELL('',(#1315));
#1315 = ADVANCED_FACE('',(#1316),#1320,.T.);
#1316 = FACE_BOUND('',#1317,.T.);
#1317 = VERTEX_LOOP('',#1318);
#1318 = VERTEX_POINT('',#1319);
#1319 = CARTESIAN_POINT('',(-0.65,-0.65,-2.6E-02));
#1320 = SPHERICAL_SURFACE('',#1321,0.176);
#1321 = AXIS2_PLACEMENT_3D('',#1322,#1323,#1324);
#1322 = CARTESIAN_POINT('',(-0.65,-0.65,0.15));
#1323 = DIRECTION('',(0.,0.,1.));
#1324 = DIRECTION('',(1.,0.,0.));
#1325 = MANIFOLD_SOLID_BREP('',#1326);
#1326 = CLOSED_SHELL('',(#1327));
#1327 = ADVANCED_FACE('',(#1328),#1332,.T.);
#1328 = FACE_BOUND('',#1329,.T.);
#1329 = VERTEX_LOOP('',#1330);
#1330 = VERTEX_POINT('',#1331);
#1331 = CARTESIAN_POINT('',(1.07768918325E-17,-0.65,-2.6E-02));
#1332 = SPHERICAL_SURFACE('',#1333,0.176);
#1333 = AXIS2_PLACEMENT_3D('',#1334,#1335,#1336);
#1334 = CARTESIAN_POINT('',(0.,-0.65,0.15));
#1335 = DIRECTION('',(0.,0.,1.));
#1336 = DIRECTION('',(1.,0.,0.));
#1337 = MANIFOLD_SOLID_BREP('',#1338);
#1338 = CLOSED_SHELL('',(#1339));
#1339 = ADVANCED_FACE('',(#1340),#1344,.T.);
#1340 = FACE_BOUND('',#1341,.T.);
#1341 = VERTEX_LOOP('',#1342);
#1342 = VERTEX_POINT('',#1343);
#1343 = CARTESIAN_POINT('',(1.3,-0.65,-2.6E-02));
#1344 = SPHERICAL_SURFACE('',#1345,0.176);
#1345 = AXIS2_PLACEMENT_3D('',#1346,#1347,#1348);
#1346 = CARTESIAN_POINT('',(1.3,-0.65,0.15));
#1347 = DIRECTION('',(0.,0.,1.));
#1348 = DIRECTION('',(1.,0.,0.));
#1349 = MANIFOLD_SOLID_BREP('',#1350);
#1350 = CLOSED_SHELL('',(#1351));
#1351 = ADVANCED_FACE('',(#1352),#1356,.T.);
#1352 = FACE_BOUND('',#1353,.T.);
#1353 = VERTEX_LOOP('',#1354);
#1354 = VERTEX_POINT('',#1355);
#1355 = CARTESIAN_POINT('',(3.25,-0.65,-2.6E-02));
#1356 = SPHERICAL_SURFACE('',#1357,0.176);
#1357 = AXIS2_PLACEMENT_3D('',#1358,#1359,#1360);
#1358 = CARTESIAN_POINT('',(3.25,-0.65,0.15));
#1359 = DIRECTION('',(0.,0.,1.));
#1360 = DIRECTION('',(1.,0.,0.));
#1361 = MANIFOLD_SOLID_BREP('',#1362);
#1362 = CLOSED_SHELL('',(#1363));
#1363 = ADVANCED_FACE('',(#1364),#1368,.T.);
#1364 = FACE_BOUND('',#1365,.T.);
#1365 = VERTEX_LOOP('',#1366);
#1366 = VERTEX_POINT('',#1367);
#1367 = CARTESIAN_POINT('',(3.9,-0.65,-2.6E-02));
#1368 = SPHERICAL_SURFACE('',#1369,0.176);
#1369 = AXIS2_PLACEMENT_3D('',#1370,#1371,#1372);
#1370 = CARTESIAN_POINT('',(3.9,-0.65,0.15));
#1371 = DIRECTION('',(0.,0.,1.));
#1372 = DIRECTION('',(1.,0.,0.));
#1373 = MANIFOLD_SOLID_BREP('',#1374);
#1374 = CLOSED_SHELL('',(#1375));
#1375 = ADVANCED_FACE('',(#1376),#1380,.T.);
#1376 = FACE_BOUND('',#1377,.T.);
#1377 = VERTEX_LOOP('',#1378);
#1378 = VERTEX_POINT('',#1379);
#1379 = CARTESIAN_POINT('',(4.55,-0.65,-2.6E-02));
#1380 = SPHERICAL_SURFACE('',#1381,0.176);
#1381 = AXIS2_PLACEMENT_3D('',#1382,#1383,#1384);
#1382 = CARTESIAN_POINT('',(4.55,-0.65,0.15));
#1383 = DIRECTION('',(0.,0.,1.));
#1384 = DIRECTION('',(1.,0.,0.));
#1385 = MANIFOLD_SOLID_BREP('',#1386);
#1386 = CLOSED_SHELL('',(#1387));
#1387 = ADVANCED_FACE('',(#1388),#1392,.T.);
#1388 = FACE_BOUND('',#1389,.T.);
#1389 = VERTEX_LOOP('',#1390);
#1390 = VERTEX_POINT('',#1391);
#1391 = CARTESIAN_POINT('',(-3.9,-2.639577217485E-33,-2.6E-02));
#1392 = SPHERICAL_SURFACE('',#1393,0.176);
#1393 = AXIS2_PLACEMENT_3D('',#1394,#1395,#1396);
#1394 = CARTESIAN_POINT('',(-3.9,0.,0.15));
#1395 = DIRECTION('',(0.,0.,1.));
#1396 = DIRECTION('',(1.,0.,0.));
#1397 = MANIFOLD_SOLID_BREP('',#1398);
#1398 = CLOSED_SHELL('',(#1399));
#1399 = ADVANCED_FACE('',(#1400),#1404,.T.);
#1400 = FACE_BOUND('',#1401,.T.);
#1401 = VERTEX_LOOP('',#1402);
#1402 = VERTEX_POINT('',#1403);
#1403 = CARTESIAN_POINT('',(-3.25,-2.639577217485E-33,-2.6E-02));
#1404 = SPHERICAL_SURFACE('',#1405,0.176);
#1405 = AXIS2_PLACEMENT_3D('',#1406,#1407,#1408);
#1406 = CARTESIAN_POINT('',(-3.25,0.,0.15));
#1407 = DIRECTION('',(0.,0.,1.));
#1408 = DIRECTION('',(1.,0.,0.));
#1409 = MANIFOLD_SOLID_BREP('',#1410);
#1410 = CLOSED_SHELL('',(#1411));
#1411 = ADVANCED_FACE('',(#1412),#1416,.T.);
#1412 = FACE_BOUND('',#1413,.T.);
#1413 = VERTEX_LOOP('',#1414);
#1414 = VERTEX_POINT('',#1415);
#1415 = CARTESIAN_POINT('',(-1.95,-2.639577217485E-33,-2.6E-02));
#1416 = SPHERICAL_SURFACE('',#1417,0.176);
#1417 = AXIS2_PLACEMENT_3D('',#1418,#1419,#1420);
#1418 = CARTESIAN_POINT('',(-1.95,0.,0.15));
#1419 = DIRECTION('',(0.,0.,1.));
#1420 = DIRECTION('',(1.,0.,0.));
#1421 = MANIFOLD_SOLID_BREP('',#1422);
#1422 = CLOSED_SHELL('',(#1423));
#1423 = ADVANCED_FACE('',(#1424),#1428,.T.);
#1424 = FACE_BOUND('',#1425,.T.);
#1425 = VERTEX_LOOP('',#1426);
#1426 = VERTEX_POINT('',#1427);
#1427 = CARTESIAN_POINT('',(-0.65,-2.639577217485E-33,-2.6E-02));
#1428 = SPHERICAL_SURFACE('',#1429,0.176);
#1429 = AXIS2_PLACEMENT_3D('',#1430,#1431,#1432);
#1430 = CARTESIAN_POINT('',(-0.65,0.,0.15));
#1431 = DIRECTION('',(0.,0.,1.));
#1432 = DIRECTION('',(1.,0.,0.));
#1433 = MANIFOLD_SOLID_BREP('',#1434);
#1434 = CLOSED_SHELL('',(#1435));
#1435 = ADVANCED_FACE('',(#1436),#1440,.T.);
#1436 = FACE_BOUND('',#1437,.T.);
#1437 = VERTEX_LOOP('',#1438);
#1438 = VERTEX_POINT('',#1439);
#1439 = CARTESIAN_POINT('',(0.65,-2.639577217485E-33,-2.6E-02));
#1440 = SPHERICAL_SURFACE('',#1441,0.176);
#1441 = AXIS2_PLACEMENT_3D('',#1442,#1443,#1444);
#1442 = CARTESIAN_POINT('',(0.65,0.,0.15));
#1443 = DIRECTION('',(0.,0.,1.));
#1444 = DIRECTION('',(1.,0.,0.));
#1445 = MANIFOLD_SOLID_BREP('',#1446);
#1446 = CLOSED_SHELL('',(#1447));
#1447 = ADVANCED_FACE('',(#1448),#1452,.T.);
#1448 = FACE_BOUND('',#1449,.T.);
#1449 = VERTEX_LOOP('',#1450);
#1450 = VERTEX_POINT('',#1451);
#1451 = CARTESIAN_POINT('',(1.95,-2.639577217485E-33,-2.6E-02));
#1452 = SPHERICAL_SURFACE('',#1453,0.176);
#1453 = AXIS2_PLACEMENT_3D('',#1454,#1455,#1456);
#1454 = CARTESIAN_POINT('',(1.95,0.,0.15));
#1455 = DIRECTION('',(0.,0.,1.));
#1456 = DIRECTION('',(1.,0.,0.));
#1457 = MANIFOLD_SOLID_BREP('',#1458);
#1458 = CLOSED_SHELL('',(#1459));
#1459 = ADVANCED_FACE('',(#1460),#1464,.T.);
#1460 = FACE_BOUND('',#1461,.T.);
#1461 = VERTEX_LOOP('',#1462);
#1462 = VERTEX_POINT('',#1463);
#1463 = CARTESIAN_POINT('',(3.25,-2.639577217485E-33,-2.6E-02));
#1464 = SPHERICAL_SURFACE('',#1465,0.176);
#1465 = AXIS2_PLACEMENT_3D('',#1466,#1467,#1468);
#1466 = CARTESIAN_POINT('',(3.25,0.,0.15));
#1467 = DIRECTION('',(0.,0.,1.));
#1468 = DIRECTION('',(1.,0.,0.));
#1469 = MANIFOLD_SOLID_BREP('',#1470);
#1470 = CLOSED_SHELL('',(#1471));
#1471 = ADVANCED_FACE('',(#1472),#1476,.T.);
#1472 = FACE_BOUND('',#1473,.T.);
#1473 = VERTEX_LOOP('',#1474);
#1474 = VERTEX_POINT('',#1475);
#1475 = CARTESIAN_POINT('',(3.9,-2.639577217485E-33,-2.6E-02));
#1476 = SPHERICAL_SURFACE('',#1477,0.176);
#1477 = AXIS2_PLACEMENT_3D('',#1478,#1479,#1480);
#1478 = CARTESIAN_POINT('',(3.9,0.,0.15));
#1479 = DIRECTION('',(0.,0.,1.));
#1480 = DIRECTION('',(1.,0.,0.));
#1481 = MANIFOLD_SOLID_BREP('',#1482);
#1482 = CLOSED_SHELL('',(#1483));
#1483 = ADVANCED_FACE('',(#1484),#1488,.T.);
#1484 = FACE_BOUND('',#1485,.T.);
#1485 = VERTEX_LOOP('',#1486);
#1486 = VERTEX_POINT('',#1487);
#1487 = CARTESIAN_POINT('',(4.55,-2.639577217485E-33,-2.6E-02));
#1488 = SPHERICAL_SURFACE('',#1489,0.176);
#1489 = AXIS2_PLACEMENT_3D('',#1490,#1491,#1492);
#1490 = CARTESIAN_POINT('',(4.55,0.,0.15));
#1491 = DIRECTION('',(0.,0.,1.));
#1492 = DIRECTION('',(1.,0.,0.));
#1493 = MANIFOLD_SOLID_BREP('',#1494);
#1494 = CLOSED_SHELL('',(#1495));
#1495 = ADVANCED_FACE('',(#1496),#1500,.T.);
#1496 = FACE_BOUND('',#1497,.T.);
#1497 = VERTEX_LOOP('',#1498);
#1498 = VERTEX_POINT('',#1499);
#1499 = CARTESIAN_POINT('',(-4.55,0.65,-2.6E-02));
#1500 = SPHERICAL_SURFACE('',#1501,0.176);
#1501 = AXIS2_PLACEMENT_3D('',#1502,#1503,#1504);
#1502 = CARTESIAN_POINT('',(-4.55,0.65,0.15));
#1503 = DIRECTION('',(0.,0.,1.));
#1504 = DIRECTION('',(1.,0.,0.));
#1505 = MANIFOLD_SOLID_BREP('',#1506);
#1506 = CLOSED_SHELL('',(#1507));
#1507 = ADVANCED_FACE('',(#1508),#1512,.T.);
#1508 = FACE_BOUND('',#1509,.T.);
#1509 = VERTEX_LOOP('',#1510);
#1510 = VERTEX_POINT('',#1511);
#1511 = CARTESIAN_POINT('',(-3.9,0.65,-2.6E-02));
#1512 = SPHERICAL_SURFACE('',#1513,0.176);
#1513 = AXIS2_PLACEMENT_3D('',#1514,#1515,#1516);
#1514 = CARTESIAN_POINT('',(-3.9,0.65,0.15));
#1515 = DIRECTION('',(0.,0.,1.));
#1516 = DIRECTION('',(1.,0.,0.));
#1517 = MANIFOLD_SOLID_BREP('',#1518);
#1518 = CLOSED_SHELL('',(#1519));
#1519 = ADVANCED_FACE('',(#1520),#1524,.T.);
#1520 = FACE_BOUND('',#1521,.T.);
#1521 = VERTEX_LOOP('',#1522);
#1522 = VERTEX_POINT('',#1523);
#1523 = CARTESIAN_POINT('',(-3.25,0.65,-2.6E-02));
#1524 = SPHERICAL_SURFACE('',#1525,0.176);
#1525 = AXIS2_PLACEMENT_3D('',#1526,#1527,#1528);
#1526 = CARTESIAN_POINT('',(-3.25,0.65,0.15));
#1527 = DIRECTION('',(0.,0.,1.));
#1528 = DIRECTION('',(1.,0.,0.));
#1529 = MANIFOLD_SOLID_BREP('',#1530);
#1530 = CLOSED_SHELL('',(#1531));
#1531 = ADVANCED_FACE('',(#1532),#1536,.T.);
#1532 = FACE_BOUND('',#1533,.T.);
#1533 = VERTEX_LOOP('',#1534);
#1534 = VERTEX_POINT('',#1535);
#1535 = CARTESIAN_POINT('',(-1.95,0.65,-2.6E-02));
#1536 = SPHERICAL_SURFACE('',#1537,0.176);
#1537 = AXIS2_PLACEMENT_3D('',#1538,#1539,#1540);
#1538 = CARTESIAN_POINT('',(-1.95,0.65,0.15));
#1539 = DIRECTION('',(0.,0.,1.));
#1540 = DIRECTION('',(1.,0.,0.));
#1541 = MANIFOLD_SOLID_BREP('',#1542);
#1542 = CLOSED_SHELL('',(#1543));
#1543 = ADVANCED_FACE('',(#1544),#1548,.T.);
#1544 = FACE_BOUND('',#1545,.T.);
#1545 = VERTEX_LOOP('',#1546);
#1546 = VERTEX_POINT('',#1547);
#1547 = CARTESIAN_POINT('',(-1.3,0.65,-2.6E-02));
#1548 = SPHERICAL_SURFACE('',#1549,0.176);
#1549 = AXIS2_PLACEMENT_3D('',#1550,#1551,#1552);
#1550 = CARTESIAN_POINT('',(-1.3,0.65,0.15));
#1551 = DIRECTION('',(0.,0.,1.));
#1552 = DIRECTION('',(1.,0.,0.));
#1553 = MANIFOLD_SOLID_BREP('',#1554);
#1554 = CLOSED_SHELL('',(#1555));
#1555 = ADVANCED_FACE('',(#1556),#1560,.T.);
#1556 = FACE_BOUND('',#1557,.T.);
#1557 = VERTEX_LOOP('',#1558);
#1558 = VERTEX_POINT('',#1559);
#1559 = CARTESIAN_POINT('',(-0.65,0.65,-2.6E-02));
#1560 = SPHERICAL_SURFACE('',#1561,0.176);
#1561 = AXIS2_PLACEMENT_3D('',#1562,#1563,#1564);
#1562 = CARTESIAN_POINT('',(-0.65,0.65,0.15));
#1563 = DIRECTION('',(0.,0.,1.));
#1564 = DIRECTION('',(1.,0.,0.));
#1565 = MANIFOLD_SOLID_BREP('',#1566);
#1566 = CLOSED_SHELL('',(#1567));
#1567 = ADVANCED_FACE('',(#1568),#1572,.T.);
#1568 = FACE_BOUND('',#1569,.T.);
#1569 = VERTEX_LOOP('',#1570);
#1570 = VERTEX_POINT('',#1571);
#1571 = CARTESIAN_POINT('',(1.07768918325E-17,0.65,-2.6E-02));
#1572 = SPHERICAL_SURFACE('',#1573,0.176);
#1573 = AXIS2_PLACEMENT_3D('',#1574,#1575,#1576);
#1574 = CARTESIAN_POINT('',(0.,0.65,0.15));
#1575 = DIRECTION('',(0.,0.,1.));
#1576 = DIRECTION('',(1.,0.,0.));
#1577 = MANIFOLD_SOLID_BREP('',#1578);
#1578 = CLOSED_SHELL('',(#1579));
#1579 = ADVANCED_FACE('',(#1580),#1584,.T.);
#1580 = FACE_BOUND('',#1581,.T.);
#1581 = VERTEX_LOOP('',#1582);
#1582 = VERTEX_POINT('',#1583);
#1583 = CARTESIAN_POINT('',(1.3,0.65,-2.6E-02));
#1584 = SPHERICAL_SURFACE('',#1585,0.176);
#1585 = AXIS2_PLACEMENT_3D('',#1586,#1587,#1588);
#1586 = CARTESIAN_POINT('',(1.3,0.65,0.15));
#1587 = DIRECTION('',(0.,0.,1.));
#1588 = DIRECTION('',(1.,0.,0.));
#1589 = MANIFOLD_SOLID_BREP('',#1590);
#1590 = CLOSED_SHELL('',(#1591));
#1591 = ADVANCED_FACE('',(#1592),#1596,.T.);
#1592 = FACE_BOUND('',#1593,.T.);
#1593 = VERTEX_LOOP('',#1594);
#1594 = VERTEX_POINT('',#1595);
#1595 = CARTESIAN_POINT('',(3.25,0.65,-2.6E-02));
#1596 = SPHERICAL_SURFACE('',#1597,0.176);
#1597 = AXIS2_PLACEMENT_3D('',#1598,#1599,#1600);
#1598 = CARTESIAN_POINT('',(3.25,0.65,0.15));
#1599 = DIRECTION('',(0.,0.,1.));
#1600 = DIRECTION('',(1.,0.,0.));
#1601 = MANIFOLD_SOLID_BREP('',#1602);
#1602 = CLOSED_SHELL('',(#1603));
#1603 = ADVANCED_FACE('',(#1604),#1608,.T.);
#1604 = FACE_BOUND('',#1605,.T.);
#1605 = VERTEX_LOOP('',#1606);
#1606 = VERTEX_POINT('',#1607);
#1607 = CARTESIAN_POINT('',(3.9,0.65,-2.6E-02));
#1608 = SPHERICAL_SURFACE('',#1609,0.176);
#1609 = AXIS2_PLACEMENT_3D('',#1610,#1611,#1612);
#1610 = CARTESIAN_POINT('',(3.9,0.65,0.15));
#1611 = DIRECTION('',(0.,0.,1.));
#1612 = DIRECTION('',(1.,0.,0.));
#1613 = MANIFOLD_SOLID_BREP('',#1614);
#1614 = CLOSED_SHELL('',(#1615));
#1615 = ADVANCED_FACE('',(#1616),#1620,.T.);
#1616 = FACE_BOUND('',#1617,.T.);
#1617 = VERTEX_LOOP('',#1618);
#1618 = VERTEX_POINT('',#1619);
#1619 = CARTESIAN_POINT('',(4.55,0.65,-2.6E-02));
#1620 = SPHERICAL_SURFACE('',#1621,0.176);
#1621 = AXIS2_PLACEMENT_3D('',#1622,#1623,#1624);
#1622 = CARTESIAN_POINT('',(4.55,0.65,0.15));
#1623 = DIRECTION('',(0.,0.,1.));
#1624 = DIRECTION('',(1.,0.,0.));
#1625 = MANIFOLD_SOLID_BREP('',#1626);
#1626 = CLOSED_SHELL('',(#1627));
#1627 = ADVANCED_FACE('',(#1628),#1632,.T.);
#1628 = FACE_BOUND('',#1629,.T.);
#1629 = VERTEX_LOOP('',#1630);
#1630 = VERTEX_POINT('',#1631);
#1631 = CARTESIAN_POINT('',(-3.9,1.3,-2.6E-02));
#1632 = SPHERICAL_SURFACE('',#1633,0.176);
#1633 = AXIS2_PLACEMENT_3D('',#1634,#1635,#1636);
#1634 = CARTESIAN_POINT('',(-3.9,1.3,0.15));
#1635 = DIRECTION('',(0.,0.,1.));
#1636 = DIRECTION('',(1.,0.,0.));
#1637 = MANIFOLD_SOLID_BREP('',#1638);
#1638 = CLOSED_SHELL('',(#1639));
#1639 = ADVANCED_FACE('',(#1640),#1644,.T.);
#1640 = FACE_BOUND('',#1641,.T.);
#1641 = VERTEX_LOOP('',#1642);
#1642 = VERTEX_POINT('',#1643);
#1643 = CARTESIAN_POINT('',(-3.25,1.3,-2.6E-02));
#1644 = SPHERICAL_SURFACE('',#1645,0.176);
#1645 = AXIS2_PLACEMENT_3D('',#1646,#1647,#1648);
#1646 = CARTESIAN_POINT('',(-3.25,1.3,0.15));
#1647 = DIRECTION('',(0.,0.,1.));
#1648 = DIRECTION('',(1.,0.,0.));
#1649 = MANIFOLD_SOLID_BREP('',#1650);
#1650 = CLOSED_SHELL('',(#1651));
#1651 = ADVANCED_FACE('',(#1652),#1656,.T.);
#1652 = FACE_BOUND('',#1653,.T.);
#1653 = VERTEX_LOOP('',#1654);
#1654 = VERTEX_POINT('',#1655);
#1655 = CARTESIAN_POINT('',(-1.95,1.3,-2.6E-02));
#1656 = SPHERICAL_SURFACE('',#1657,0.176);
#1657 = AXIS2_PLACEMENT_3D('',#1658,#1659,#1660);
#1658 = CARTESIAN_POINT('',(-1.95,1.3,0.15));
#1659 = DIRECTION('',(0.,0.,1.));
#1660 = DIRECTION('',(1.,0.,0.));
#1661 = MANIFOLD_SOLID_BREP('',#1662);
#1662 = CLOSED_SHELL('',(#1663));
#1663 = ADVANCED_FACE('',(#1664),#1668,.T.);
#1664 = FACE_BOUND('',#1665,.T.);
#1665 = VERTEX_LOOP('',#1666);
#1666 = VERTEX_POINT('',#1667);
#1667 = CARTESIAN_POINT('',(-0.65,1.3,-2.6E-02));
#1668 = SPHERICAL_SURFACE('',#1669,0.176);
#1669 = AXIS2_PLACEMENT_3D('',#1670,#1671,#1672);
#1670 = CARTESIAN_POINT('',(-0.65,1.3,0.15));
#1671 = DIRECTION('',(0.,0.,1.));
#1672 = DIRECTION('',(1.,0.,0.));
#1673 = MANIFOLD_SOLID_BREP('',#1674);
#1674 = CLOSED_SHELL('',(#1675));
#1675 = ADVANCED_FACE('',(#1676),#1680,.T.);
#1676 = FACE_BOUND('',#1677,.T.);
#1677 = VERTEX_LOOP('',#1678);
#1678 = VERTEX_POINT('',#1679);
#1679 = CARTESIAN_POINT('',(1.07768918325E-17,1.3,-2.6E-02));
#1680 = SPHERICAL_SURFACE('',#1681,0.176);
#1681 = AXIS2_PLACEMENT_3D('',#1682,#1683,#1684);
#1682 = CARTESIAN_POINT('',(0.,1.3,0.15));
#1683 = DIRECTION('',(0.,0.,1.));
#1684 = DIRECTION('',(1.,0.,0.));
#1685 = MANIFOLD_SOLID_BREP('',#1686);
#1686 = CLOSED_SHELL('',(#1687));
#1687 = ADVANCED_FACE('',(#1688),#1692,.T.);
#1688 = FACE_BOUND('',#1689,.T.);
#1689 = VERTEX_LOOP('',#1690);
#1690 = VERTEX_POINT('',#1691);
#1691 = CARTESIAN_POINT('',(0.65,1.3,-2.6E-02));
#1692 = SPHERICAL_SURFACE('',#1693,0.176);
#1693 = AXIS2_PLACEMENT_3D('',#1694,#1695,#1696);
#1694 = CARTESIAN_POINT('',(0.65,1.3,0.15));
#1695 = DIRECTION('',(0.,0.,1.));
#1696 = DIRECTION('',(1.,0.,0.));
#1697 = MANIFOLD_SOLID_BREP('',#1698);
#1698 = CLOSED_SHELL('',(#1699));
#1699 = ADVANCED_FACE('',(#1700),#1704,.T.);
#1700 = FACE_BOUND('',#1701,.T.);
#1701 = VERTEX_LOOP('',#1702);
#1702 = VERTEX_POINT('',#1703);
#1703 = CARTESIAN_POINT('',(1.3,1.3,-2.6E-02));
#1704 = SPHERICAL_SURFACE('',#1705,0.176);
#1705 = AXIS2_PLACEMENT_3D('',#1706,#1707,#1708);
#1706 = CARTESIAN_POINT('',(1.3,1.3,0.15));
#1707 = DIRECTION('',(0.,0.,1.));
#1708 = DIRECTION('',(1.,0.,0.));
#1709 = MANIFOLD_SOLID_BREP('',#1710);
#1710 = CLOSED_SHELL('',(#1711));
#1711 = ADVANCED_FACE('',(#1712),#1716,.T.);
#1712 = FACE_BOUND('',#1713,.T.);
#1713 = VERTEX_LOOP('',#1714);
#1714 = VERTEX_POINT('',#1715);
#1715 = CARTESIAN_POINT('',(1.95,1.3,-2.6E-02));
#1716 = SPHERICAL_SURFACE('',#1717,0.176);
#1717 = AXIS2_PLACEMENT_3D('',#1718,#1719,#1720);
#1718 = CARTESIAN_POINT('',(1.95,1.3,0.15));
#1719 = DIRECTION('',(0.,0.,1.));
#1720 = DIRECTION('',(1.,0.,0.));
#1721 = MANIFOLD_SOLID_BREP('',#1722);
#1722 = CLOSED_SHELL('',(#1723));
#1723 = ADVANCED_FACE('',(#1724),#1728,.T.);
#1724 = FACE_BOUND('',#1725,.T.);
#1725 = VERTEX_LOOP('',#1726);
#1726 = VERTEX_POINT('',#1727);
#1727 = CARTESIAN_POINT('',(3.25,1.3,-2.6E-02));
#1728 = SPHERICAL_SURFACE('',#1729,0.176);
#1729 = AXIS2_PLACEMENT_3D('',#1730,#1731,#1732);
#1730 = CARTESIAN_POINT('',(3.25,1.3,0.15));
#1731 = DIRECTION('',(0.,0.,1.));
#1732 = DIRECTION('',(1.,0.,0.));
#1733 = MANIFOLD_SOLID_BREP('',#1734);
#1734 = CLOSED_SHELL('',(#1735));
#1735 = ADVANCED_FACE('',(#1736),#1740,.T.);
#1736 = FACE_BOUND('',#1737,.T.);
#1737 = VERTEX_LOOP('',#1738);
#1738 = VERTEX_POINT('',#1739);
#1739 = CARTESIAN_POINT('',(3.9,1.3,-2.6E-02));
#1740 = SPHERICAL_SURFACE('',#1741,0.176);
#1741 = AXIS2_PLACEMENT_3D('',#1742,#1743,#1744);
#1742 = CARTESIAN_POINT('',(3.9,1.3,0.15));
#1743 = DIRECTION('',(0.,0.,1.));
#1744 = DIRECTION('',(1.,0.,0.));
#1745 = MANIFOLD_SOLID_BREP('',#1746);
#1746 = CLOSED_SHELL('',(#1747));
#1747 = ADVANCED_FACE('',(#1748),#1752,.T.);
#1748 = FACE_BOUND('',#1749,.T.);
#1749 = VERTEX_LOOP('',#1750);
#1750 = VERTEX_POINT('',#1751);
#1751 = CARTESIAN_POINT('',(4.55,1.3,-2.6E-02));
#1752 = SPHERICAL_SURFACE('',#1753,0.176);
#1753 = AXIS2_PLACEMENT_3D('',#1754,#1755,#1756);
#1754 = CARTESIAN_POINT('',(4.55,1.3,0.15));
#1755 = DIRECTION('',(0.,0.,1.));
#1756 = DIRECTION('',(1.,0.,0.));
#1757 = MANIFOLD_SOLID_BREP('',#1758);
#1758 = CLOSED_SHELL('',(#1759));
#1759 = ADVANCED_FACE('',(#1760),#1764,.T.);
#1760 = FACE_BOUND('',#1761,.T.);
#1761 = VERTEX_LOOP('',#1762);
#1762 = VERTEX_POINT('',#1763);
#1763 = CARTESIAN_POINT('',(-4.55,1.95,-2.6E-02));
#1764 = SPHERICAL_SURFACE('',#1765,0.176);
#1765 = AXIS2_PLACEMENT_3D('',#1766,#1767,#1768);
#1766 = CARTESIAN_POINT('',(-4.55,1.95,0.15));
#1767 = DIRECTION('',(0.,0.,1.));
#1768 = DIRECTION('',(1.,0.,0.));
#1769 = MANIFOLD_SOLID_BREP('',#1770);
#1770 = CLOSED_SHELL('',(#1771));
#1771 = ADVANCED_FACE('',(#1772),#1776,.T.);
#1772 = FACE_BOUND('',#1773,.T.);
#1773 = VERTEX_LOOP('',#1774);
#1774 = VERTEX_POINT('',#1775);
#1775 = CARTESIAN_POINT('',(-3.9,1.95,-2.6E-02));
#1776 = SPHERICAL_SURFACE('',#1777,0.176);
#1777 = AXIS2_PLACEMENT_3D('',#1778,#1779,#1780);
#1778 = CARTESIAN_POINT('',(-3.9,1.95,0.15));
#1779 = DIRECTION('',(0.,0.,1.));
#1780 = DIRECTION('',(1.,0.,0.));
#1781 = MANIFOLD_SOLID_BREP('',#1782);
#1782 = CLOSED_SHELL('',(#1783));
#1783 = ADVANCED_FACE('',(#1784),#1788,.T.);
#1784 = FACE_BOUND('',#1785,.T.);
#1785 = VERTEX_LOOP('',#1786);
#1786 = VERTEX_POINT('',#1787);
#1787 = CARTESIAN_POINT('',(-3.25,1.95,-2.6E-02));
#1788 = SPHERICAL_SURFACE('',#1789,0.176);
#1789 = AXIS2_PLACEMENT_3D('',#1790,#1791,#1792);
#1790 = CARTESIAN_POINT('',(-3.25,1.95,0.15));
#1791 = DIRECTION('',(0.,0.,1.));
#1792 = DIRECTION('',(1.,0.,0.));
#1793 = MANIFOLD_SOLID_BREP('',#1794);
#1794 = CLOSED_SHELL('',(#1795));
#1795 = ADVANCED_FACE('',(#1796),#1800,.T.);
#1796 = FACE_BOUND('',#1797,.T.);
#1797 = VERTEX_LOOP('',#1798);
#1798 = VERTEX_POINT('',#1799);
#1799 = CARTESIAN_POINT('',(-1.95,1.95,-2.6E-02));
#1800 = SPHERICAL_SURFACE('',#1801,0.176);
#1801 = AXIS2_PLACEMENT_3D('',#1802,#1803,#1804);
#1802 = CARTESIAN_POINT('',(-1.95,1.95,0.15));
#1803 = DIRECTION('',(0.,0.,1.));
#1804 = DIRECTION('',(1.,0.,0.));
#1805 = MANIFOLD_SOLID_BREP('',#1806);
#1806 = CLOSED_SHELL('',(#1807));
#1807 = ADVANCED_FACE('',(#1808),#1812,.T.);
#1808 = FACE_BOUND('',#1809,.T.);
#1809 = VERTEX_LOOP('',#1810);
#1810 = VERTEX_POINT('',#1811);
#1811 = CARTESIAN_POINT('',(-1.3,1.95,-2.6E-02));
#1812 = SPHERICAL_SURFACE('',#1813,0.176);
#1813 = AXIS2_PLACEMENT_3D('',#1814,#1815,#1816);
#1814 = CARTESIAN_POINT('',(-1.3,1.95,0.15));
#1815 = DIRECTION('',(0.,0.,1.));
#1816 = DIRECTION('',(1.,0.,0.));
#1817 = MANIFOLD_SOLID_BREP('',#1818);
#1818 = CLOSED_SHELL('',(#1819));
#1819 = ADVANCED_FACE('',(#1820),#1824,.T.);
#1820 = FACE_BOUND('',#1821,.T.);
#1821 = VERTEX_LOOP('',#1822);
#1822 = VERTEX_POINT('',#1823);
#1823 = CARTESIAN_POINT('',(1.07768918325E-17,1.95,-2.6E-02));
#1824 = SPHERICAL_SURFACE('',#1825,0.176);
#1825 = AXIS2_PLACEMENT_3D('',#1826,#1827,#1828);
#1826 = CARTESIAN_POINT('',(0.,1.95,0.15));
#1827 = DIRECTION('',(0.,0.,1.));
#1828 = DIRECTION('',(1.,0.,0.));
#1829 = MANIFOLD_SOLID_BREP('',#1830);
#1830 = CLOSED_SHELL('',(#1831));
#1831 = ADVANCED_FACE('',(#1832),#1836,.T.);
#1832 = FACE_BOUND('',#1833,.T.);
#1833 = VERTEX_LOOP('',#1834);
#1834 = VERTEX_POINT('',#1835);
#1835 = CARTESIAN_POINT('',(1.3,1.95,-2.6E-02));
#1836 = SPHERICAL_SURFACE('',#1837,0.176);
#1837 = AXIS2_PLACEMENT_3D('',#1838,#1839,#1840);
#1838 = CARTESIAN_POINT('',(1.3,1.95,0.15));
#1839 = DIRECTION('',(0.,0.,1.));
#1840 = DIRECTION('',(1.,0.,0.));
#1841 = MANIFOLD_SOLID_BREP('',#1842);
#1842 = CLOSED_SHELL('',(#1843));
#1843 = ADVANCED_FACE('',(#1844),#1848,.T.);
#1844 = FACE_BOUND('',#1845,.T.);
#1845 = VERTEX_LOOP('',#1846);
#1846 = VERTEX_POINT('',#1847);
#1847 = CARTESIAN_POINT('',(3.25,1.95,-2.6E-02));
#1848 = SPHERICAL_SURFACE('',#1849,0.176);
#1849 = AXIS2_PLACEMENT_3D('',#1850,#1851,#1852);
#1850 = CARTESIAN_POINT('',(3.25,1.95,0.15));
#1851 = DIRECTION('',(0.,0.,1.));
#1852 = DIRECTION('',(1.,0.,0.));
#1853 = MANIFOLD_SOLID_BREP('',#1854);
#1854 = CLOSED_SHELL('',(#1855));
#1855 = ADVANCED_FACE('',(#1856),#1860,.T.);
#1856 = FACE_BOUND('',#1857,.T.);
#1857 = VERTEX_LOOP('',#1858);
#1858 = VERTEX_POINT('',#1859);
#1859 = CARTESIAN_POINT('',(3.9,1.95,-2.6E-02));
#1860 = SPHERICAL_SURFACE('',#1861,0.176);
#1861 = AXIS2_PLACEMENT_3D('',#1862,#1863,#1864);
#1862 = CARTESIAN_POINT('',(3.9,1.95,0.15));
#1863 = DIRECTION('',(0.,0.,1.));
#1864 = DIRECTION('',(1.,0.,0.));
#1865 = MANIFOLD_SOLID_BREP('',#1866);
#1866 = CLOSED_SHELL('',(#1867));
#1867 = ADVANCED_FACE('',(#1868),#1872,.T.);
#1868 = FACE_BOUND('',#1869,.T.);
#1869 = VERTEX_LOOP('',#1870);
#1870 = VERTEX_POINT('',#1871);
#1871 = CARTESIAN_POINT('',(4.55,1.95,-2.6E-02));
#1872 = SPHERICAL_SURFACE('',#1873,0.176);
#1873 = AXIS2_PLACEMENT_3D('',#1874,#1875,#1876);
#1874 = CARTESIAN_POINT('',(4.55,1.95,0.15));
#1875 = DIRECTION('',(0.,0.,1.));
#1876 = DIRECTION('',(1.,0.,0.));
#1877 = MANIFOLD_SOLID_BREP('',#1878);
#1878 = CLOSED_SHELL('',(#1879));
#1879 = ADVANCED_FACE('',(#1880),#1884,.T.);
#1880 = FACE_BOUND('',#1881,.T.);
#1881 = VERTEX_LOOP('',#1882);
#1882 = VERTEX_POINT('',#1883);
#1883 = CARTESIAN_POINT('',(-3.9,2.6,-2.6E-02));
#1884 = SPHERICAL_SURFACE('',#1885,0.176);
#1885 = AXIS2_PLACEMENT_3D('',#1886,#1887,#1888);
#1886 = CARTESIAN_POINT('',(-3.9,2.6,0.15));
#1887 = DIRECTION('',(0.,0.,1.));
#1888 = DIRECTION('',(1.,0.,0.));
#1889 = MANIFOLD_SOLID_BREP('',#1890);
#1890 = CLOSED_SHELL('',(#1891));
#1891 = ADVANCED_FACE('',(#1892),#1896,.T.);
#1892 = FACE_BOUND('',#1893,.T.);
#1893 = VERTEX_LOOP('',#1894);
#1894 = VERTEX_POINT('',#1895);
#1895 = CARTESIAN_POINT('',(-3.25,2.6,-2.6E-02));
#1896 = SPHERICAL_SURFACE('',#1897,0.176);
#1897 = AXIS2_PLACEMENT_3D('',#1898,#1899,#1900);
#1898 = CARTESIAN_POINT('',(-3.25,2.6,0.15));
#1899 = DIRECTION('',(0.,0.,1.));
#1900 = DIRECTION('',(1.,0.,0.));
#1901 = MANIFOLD_SOLID_BREP('',#1902);
#1902 = CLOSED_SHELL('',(#1903));
#1903 = ADVANCED_FACE('',(#1904),#1908,.T.);
#1904 = FACE_BOUND('',#1905,.T.);
#1905 = VERTEX_LOOP('',#1906);
#1906 = VERTEX_POINT('',#1907);
#1907 = CARTESIAN_POINT('',(3.9,2.6,-2.6E-02));
#1908 = SPHERICAL_SURFACE('',#1909,0.176);
#1909 = AXIS2_PLACEMENT_3D('',#1910,#1911,#1912);
#1910 = CARTESIAN_POINT('',(3.9,2.6,0.15));
#1911 = DIRECTION('',(0.,0.,1.));
#1912 = DIRECTION('',(1.,0.,0.));
#1913 = MANIFOLD_SOLID_BREP('',#1914);
#1914 = CLOSED_SHELL('',(#1915));
#1915 = ADVANCED_FACE('',(#1916),#1920,.T.);
#1916 = FACE_BOUND('',#1917,.T.);
#1917 = VERTEX_LOOP('',#1918);
#1918 = VERTEX_POINT('',#1919);
#1919 = CARTESIAN_POINT('',(4.55,2.6,-2.6E-02));
#1920 = SPHERICAL_SURFACE('',#1921,0.176);
#1921 = AXIS2_PLACEMENT_3D('',#1922,#1923,#1924);
#1922 = CARTESIAN_POINT('',(4.55,2.6,0.15));
#1923 = DIRECTION('',(0.,0.,1.));
#1924 = DIRECTION('',(1.,0.,0.));
#1925 = MANIFOLD_SOLID_BREP('',#1926);
#1926 = CLOSED_SHELL('',(#1927));
#1927 = ADVANCED_FACE('',(#1928),#1932,.T.);
#1928 = FACE_BOUND('',#1929,.T.);
#1929 = VERTEX_LOOP('',#1930);
#1930 = VERTEX_POINT('',#1931);
#1931 = CARTESIAN_POINT('',(-4.55,3.25,-2.6E-02));
#1932 = SPHERICAL_SURFACE('',#1933,0.176);
#1933 = AXIS2_PLACEMENT_3D('',#1934,#1935,#1936);
#1934 = CARTESIAN_POINT('',(-4.55,3.25,0.15));
#1935 = DIRECTION('',(0.,0.,1.));
#1936 = DIRECTION('',(1.,0.,0.));
#1937 = MANIFOLD_SOLID_BREP('',#1938);
#1938 = CLOSED_SHELL('',(#1939));
#1939 = ADVANCED_FACE('',(#1940),#1944,.T.);
#1940 = FACE_BOUND('',#1941,.T.);
#1941 = VERTEX_LOOP('',#1942);
#1942 = VERTEX_POINT('',#1943);
#1943 = CARTESIAN_POINT('',(-3.9,3.25,-2.6E-02));
#1944 = SPHERICAL_SURFACE('',#1945,0.176);
#1945 = AXIS2_PLACEMENT_3D('',#1946,#1947,#1948);
#1946 = CARTESIAN_POINT('',(-3.9,3.25,0.15));
#1947 = DIRECTION('',(0.,0.,1.));
#1948 = DIRECTION('',(1.,0.,0.));
#1949 = MANIFOLD_SOLID_BREP('',#1950);
#1950 = CLOSED_SHELL('',(#1951));
#1951 = ADVANCED_FACE('',(#1952),#1956,.T.);
#1952 = FACE_BOUND('',#1953,.T.);
#1953 = VERTEX_LOOP('',#1954);
#1954 = VERTEX_POINT('',#1955);
#1955 = CARTESIAN_POINT('',(-3.25,3.25,-2.6E-02));
#1956 = SPHERICAL_SURFACE('',#1957,0.176);
#1957 = AXIS2_PLACEMENT_3D('',#1958,#1959,#1960);
#1958 = CARTESIAN_POINT('',(-3.25,3.25,0.15));
#1959 = DIRECTION('',(0.,0.,1.));
#1960 = DIRECTION('',(1.,0.,0.));
#1961 = MANIFOLD_SOLID_BREP('',#1962);
#1962 = CLOSED_SHELL('',(#1963));
#1963 = ADVANCED_FACE('',(#1964),#1968,.T.);
#1964 = FACE_BOUND('',#1965,.T.);
#1965 = VERTEX_LOOP('',#1966);
#1966 = VERTEX_POINT('',#1967);
#1967 = CARTESIAN_POINT('',(-2.6,3.25,-2.6E-02));
#1968 = SPHERICAL_SURFACE('',#1969,0.176);
#1969 = AXIS2_PLACEMENT_3D('',#1970,#1971,#1972);
#1970 = CARTESIAN_POINT('',(-2.6,3.25,0.15));
#1971 = DIRECTION('',(0.,0.,1.));
#1972 = DIRECTION('',(1.,0.,0.));
#1973 = MANIFOLD_SOLID_BREP('',#1974);
#1974 = CLOSED_SHELL('',(#1975));
#1975 = ADVANCED_FACE('',(#1976),#1980,.T.);
#1976 = FACE_BOUND('',#1977,.T.);
#1977 = VERTEX_LOOP('',#1978);
#1978 = VERTEX_POINT('',#1979);
#1979 = CARTESIAN_POINT('',(-1.95,3.25,-2.6E-02));
#1980 = SPHERICAL_SURFACE('',#1981,0.176);
#1981 = AXIS2_PLACEMENT_3D('',#1982,#1983,#1984);
#1982 = CARTESIAN_POINT('',(-1.95,3.25,0.15));
#1983 = DIRECTION('',(0.,0.,1.));
#1984 = DIRECTION('',(1.,0.,0.));
#1985 = MANIFOLD_SOLID_BREP('',#1986);
#1986 = CLOSED_SHELL('',(#1987));
#1987 = ADVANCED_FACE('',(#1988),#1992,.T.);
#1988 = FACE_BOUND('',#1989,.T.);
#1989 = VERTEX_LOOP('',#1990);
#1990 = VERTEX_POINT('',#1991);
#1991 = CARTESIAN_POINT('',(-1.3,3.25,-2.6E-02));
#1992 = SPHERICAL_SURFACE('',#1993,0.176);
#1993 = AXIS2_PLACEMENT_3D('',#1994,#1995,#1996);
#1994 = CARTESIAN_POINT('',(-1.3,3.25,0.15));
#1995 = DIRECTION('',(0.,0.,1.));
#1996 = DIRECTION('',(1.,0.,0.));
#1997 = MANIFOLD_SOLID_BREP('',#1998);
#1998 = CLOSED_SHELL('',(#1999));
#1999 = ADVANCED_FACE('',(#2000),#2004,.T.);
#2000 = FACE_BOUND('',#2001,.T.);
#2001 = VERTEX_LOOP('',#2002);
#2002 = VERTEX_POINT('',#2003);
#2003 = CARTESIAN_POINT('',(-0.65,3.25,-2.6E-02));
#2004 = SPHERICAL_SURFACE('',#2005,0.176);
#2005 = AXIS2_PLACEMENT_3D('',#2006,#2007,#2008);
#2006 = CARTESIAN_POINT('',(-0.65,3.25,0.15));
#2007 = DIRECTION('',(0.,0.,1.));
#2008 = DIRECTION('',(1.,0.,0.));
#2009 = MANIFOLD_SOLID_BREP('',#2010);
#2010 = CLOSED_SHELL('',(#2011));
#2011 = ADVANCED_FACE('',(#2012),#2016,.T.);
#2012 = FACE_BOUND('',#2013,.T.);
#2013 = VERTEX_LOOP('',#2014);
#2014 = VERTEX_POINT('',#2015);
#2015 = CARTESIAN_POINT('',(1.07768918325E-17,3.25,-2.6E-02));
#2016 = SPHERICAL_SURFACE('',#2017,0.176);
#2017 = AXIS2_PLACEMENT_3D('',#2018,#2019,#2020);
#2018 = CARTESIAN_POINT('',(0.,3.25,0.15));
#2019 = DIRECTION('',(0.,0.,1.));
#2020 = DIRECTION('',(1.,0.,0.));
#2021 = MANIFOLD_SOLID_BREP('',#2022);
#2022 = CLOSED_SHELL('',(#2023));
#2023 = ADVANCED_FACE('',(#2024),#2028,.T.);
#2024 = FACE_BOUND('',#2025,.T.);
#2025 = VERTEX_LOOP('',#2026);
#2026 = VERTEX_POINT('',#2027);
#2027 = CARTESIAN_POINT('',(0.65,3.25,-2.6E-02));
#2028 = SPHERICAL_SURFACE('',#2029,0.176);
#2029 = AXIS2_PLACEMENT_3D('',#2030,#2031,#2032);
#2030 = CARTESIAN_POINT('',(0.65,3.25,0.15));
#2031 = DIRECTION('',(0.,0.,1.));
#2032 = DIRECTION('',(1.,0.,0.));
#2033 = MANIFOLD_SOLID_BREP('',#2034);
#2034 = CLOSED_SHELL('',(#2035));
#2035 = ADVANCED_FACE('',(#2036),#2040,.T.);
#2036 = FACE_BOUND('',#2037,.T.);
#2037 = VERTEX_LOOP('',#2038);
#2038 = VERTEX_POINT('',#2039);
#2039 = CARTESIAN_POINT('',(1.3,3.25,-2.6E-02));
#2040 = SPHERICAL_SURFACE('',#2041,0.176);
#2041 = AXIS2_PLACEMENT_3D('',#2042,#2043,#2044);
#2042 = CARTESIAN_POINT('',(1.3,3.25,0.15));
#2043 = DIRECTION('',(0.,0.,1.));
#2044 = DIRECTION('',(1.,0.,0.));
#2045 = MANIFOLD_SOLID_BREP('',#2046);
#2046 = CLOSED_SHELL('',(#2047));
#2047 = ADVANCED_FACE('',(#2048),#2052,.T.);
#2048 = FACE_BOUND('',#2049,.T.);
#2049 = VERTEX_LOOP('',#2050);
#2050 = VERTEX_POINT('',#2051);
#2051 = CARTESIAN_POINT('',(1.95,3.25,-2.6E-02));
#2052 = SPHERICAL_SURFACE('',#2053,0.176);
#2053 = AXIS2_PLACEMENT_3D('',#2054,#2055,#2056);
#2054 = CARTESIAN_POINT('',(1.95,3.25,0.15));
#2055 = DIRECTION('',(0.,0.,1.));
#2056 = DIRECTION('',(1.,0.,0.));
#2057 = MANIFOLD_SOLID_BREP('',#2058);
#2058 = CLOSED_SHELL('',(#2059));
#2059 = ADVANCED_FACE('',(#2060),#2064,.T.);
#2060 = FACE_BOUND('',#2061,.T.);
#2061 = VERTEX_LOOP('',#2062);
#2062 = VERTEX_POINT('',#2063);
#2063 = CARTESIAN_POINT('',(2.6,3.25,-2.6E-02));
#2064 = SPHERICAL_SURFACE('',#2065,0.176);
#2065 = AXIS2_PLACEMENT_3D('',#2066,#2067,#2068);
#2066 = CARTESIAN_POINT('',(2.6,3.25,0.15));
#2067 = DIRECTION('',(0.,0.,1.));
#2068 = DIRECTION('',(1.,0.,0.));
#2069 = MANIFOLD_SOLID_BREP('',#2070);
#2070 = CLOSED_SHELL('',(#2071));
#2071 = ADVANCED_FACE('',(#2072),#2076,.T.);
#2072 = FACE_BOUND('',#2073,.T.);
#2073 = VERTEX_LOOP('',#2074);
#2074 = VERTEX_POINT('',#2075);
#2075 = CARTESIAN_POINT('',(3.25,3.25,-2.6E-02));
#2076 = SPHERICAL_SURFACE('',#2077,0.176);
#2077 = AXIS2_PLACEMENT_3D('',#2078,#2079,#2080);
#2078 = CARTESIAN_POINT('',(3.25,3.25,0.15));
#2079 = DIRECTION('',(0.,0.,1.));
#2080 = DIRECTION('',(1.,0.,0.));
#2081 = MANIFOLD_SOLID_BREP('',#2082);
#2082 = CLOSED_SHELL('',(#2083));
#2083 = ADVANCED_FACE('',(#2084),#2088,.T.);
#2084 = FACE_BOUND('',#2085,.T.);
#2085 = VERTEX_LOOP('',#2086);
#2086 = VERTEX_POINT('',#2087);
#2087 = CARTESIAN_POINT('',(3.9,3.25,-2.6E-02));
#2088 = SPHERICAL_SURFACE('',#2089,0.176);
#2089 = AXIS2_PLACEMENT_3D('',#2090,#2091,#2092);
#2090 = CARTESIAN_POINT('',(3.9,3.25,0.15));
#2091 = DIRECTION('',(0.,0.,1.));
#2092 = DIRECTION('',(1.,0.,0.));
#2093 = MANIFOLD_SOLID_BREP('',#2094);
#2094 = CLOSED_SHELL('',(#2095));
#2095 = ADVANCED_FACE('',(#2096),#2100,.T.);
#2096 = FACE_BOUND('',#2097,.T.);
#2097 = VERTEX_LOOP('',#2098);
#2098 = VERTEX_POINT('',#2099);
#2099 = CARTESIAN_POINT('',(4.55,3.25,-2.6E-02));
#2100 = SPHERICAL_SURFACE('',#2101,0.176);
#2101 = AXIS2_PLACEMENT_3D('',#2102,#2103,#2104);
#2102 = CARTESIAN_POINT('',(4.55,3.25,0.15));
#2103 = DIRECTION('',(0.,0.,1.));
#2104 = DIRECTION('',(1.,0.,0.));
#2105 = MANIFOLD_SOLID_BREP('',#2106);
#2106 = CLOSED_SHELL('',(#2107));
#2107 = ADVANCED_FACE('',(#2108),#2112,.T.);
#2108 = FACE_BOUND('',#2109,.T.);
#2109 = VERTEX_LOOP('',#2110);
#2110 = VERTEX_POINT('',#2111);
#2111 = CARTESIAN_POINT('',(-4.55,3.9,-2.6E-02));
#2112 = SPHERICAL_SURFACE('',#2113,0.176);
#2113 = AXIS2_PLACEMENT_3D('',#2114,#2115,#2116);
#2114 = CARTESIAN_POINT('',(-4.55,3.9,0.15));
#2115 = DIRECTION('',(0.,0.,1.));
#2116 = DIRECTION('',(1.,0.,0.));
#2117 = MANIFOLD_SOLID_BREP('',#2118);
#2118 = CLOSED_SHELL('',(#2119));
#2119 = ADVANCED_FACE('',(#2120),#2124,.T.);
#2120 = FACE_BOUND('',#2121,.T.);
#2121 = VERTEX_LOOP('',#2122);
#2122 = VERTEX_POINT('',#2123);
#2123 = CARTESIAN_POINT('',(-3.9,3.9,-2.6E-02));
#2124 = SPHERICAL_SURFACE('',#2125,0.176);
#2125 = AXIS2_PLACEMENT_3D('',#2126,#2127,#2128);
#2126 = CARTESIAN_POINT('',(-3.9,3.9,0.15));
#2127 = DIRECTION('',(0.,0.,1.));
#2128 = DIRECTION('',(1.,0.,0.));
#2129 = MANIFOLD_SOLID_BREP('',#2130);
#2130 = CLOSED_SHELL('',(#2131));
#2131 = ADVANCED_FACE('',(#2132),#2136,.T.);
#2132 = FACE_BOUND('',#2133,.T.);
#2133 = VERTEX_LOOP('',#2134);
#2134 = VERTEX_POINT('',#2135);
#2135 = CARTESIAN_POINT('',(-3.25,3.9,-2.6E-02));
#2136 = SPHERICAL_SURFACE('',#2137,0.176);
#2137 = AXIS2_PLACEMENT_3D('',#2138,#2139,#2140);
#2138 = CARTESIAN_POINT('',(-3.25,3.9,0.15));
#2139 = DIRECTION('',(0.,0.,1.));
#2140 = DIRECTION('',(1.,0.,0.));
#2141 = MANIFOLD_SOLID_BREP('',#2142);
#2142 = CLOSED_SHELL('',(#2143));
#2143 = ADVANCED_FACE('',(#2144),#2148,.T.);
#2144 = FACE_BOUND('',#2145,.T.);
#2145 = VERTEX_LOOP('',#2146);
#2146 = VERTEX_POINT('',#2147);
#2147 = CARTESIAN_POINT('',(-2.6,3.9,-2.6E-02));
#2148 = SPHERICAL_SURFACE('',#2149,0.176);
#2149 = AXIS2_PLACEMENT_3D('',#2150,#2151,#2152);
#2150 = CARTESIAN_POINT('',(-2.6,3.9,0.15));
#2151 = DIRECTION('',(0.,0.,1.));
#2152 = DIRECTION('',(1.,0.,0.));
#2153 = MANIFOLD_SOLID_BREP('',#2154);
#2154 = CLOSED_SHELL('',(#2155));
#2155 = ADVANCED_FACE('',(#2156),#2160,.T.);
#2156 = FACE_BOUND('',#2157,.T.);
#2157 = VERTEX_LOOP('',#2158);
#2158 = VERTEX_POINT('',#2159);
#2159 = CARTESIAN_POINT('',(-1.95,3.9,-2.6E-02));
#2160 = SPHERICAL_SURFACE('',#2161,0.176);
#2161 = AXIS2_PLACEMENT_3D('',#2162,#2163,#2164);
#2162 = CARTESIAN_POINT('',(-1.95,3.9,0.15));
#2163 = DIRECTION('',(0.,0.,1.));
#2164 = DIRECTION('',(1.,0.,0.));
#2165 = MANIFOLD_SOLID_BREP('',#2166);
#2166 = CLOSED_SHELL('',(#2167));
#2167 = ADVANCED_FACE('',(#2168),#2172,.T.);
#2168 = FACE_BOUND('',#2169,.T.);
#2169 = VERTEX_LOOP('',#2170);
#2170 = VERTEX_POINT('',#2171);
#2171 = CARTESIAN_POINT('',(-1.3,3.9,-2.6E-02));
#2172 = SPHERICAL_SURFACE('',#2173,0.176);
#2173 = AXIS2_PLACEMENT_3D('',#2174,#2175,#2176);
#2174 = CARTESIAN_POINT('',(-1.3,3.9,0.15));
#2175 = DIRECTION('',(0.,0.,1.));
#2176 = DIRECTION('',(1.,0.,0.));
#2177 = MANIFOLD_SOLID_BREP('',#2178);
#2178 = CLOSED_SHELL('',(#2179));
#2179 = ADVANCED_FACE('',(#2180),#2184,.T.);
#2180 = FACE_BOUND('',#2181,.T.);
#2181 = VERTEX_LOOP('',#2182);
#2182 = VERTEX_POINT('',#2183);
#2183 = CARTESIAN_POINT('',(-0.65,3.9,-2.6E-02));
#2184 = SPHERICAL_SURFACE('',#2185,0.176);
#2185 = AXIS2_PLACEMENT_3D('',#2186,#2187,#2188);
#2186 = CARTESIAN_POINT('',(-0.65,3.9,0.15));
#2187 = DIRECTION('',(0.,0.,1.));
#2188 = DIRECTION('',(1.,0.,0.));
#2189 = MANIFOLD_SOLID_BREP('',#2190);
#2190 = CLOSED_SHELL('',(#2191));
#2191 = ADVANCED_FACE('',(#2192),#2196,.T.);
#2192 = FACE_BOUND('',#2193,.T.);
#2193 = VERTEX_LOOP('',#2194);
#2194 = VERTEX_POINT('',#2195);
#2195 = CARTESIAN_POINT('',(1.07768918325E-17,3.9,-2.6E-02));
#2196 = SPHERICAL_SURFACE('',#2197,0.176);
#2197 = AXIS2_PLACEMENT_3D('',#2198,#2199,#2200);
#2198 = CARTESIAN_POINT('',(0.,3.9,0.15));
#2199 = DIRECTION('',(0.,0.,1.));
#2200 = DIRECTION('',(1.,0.,0.));
#2201 = MANIFOLD_SOLID_BREP('',#2202);
#2202 = CLOSED_SHELL('',(#2203));
#2203 = ADVANCED_FACE('',(#2204),#2208,.T.);
#2204 = FACE_BOUND('',#2205,.T.);
#2205 = VERTEX_LOOP('',#2206);
#2206 = VERTEX_POINT('',#2207);
#2207 = CARTESIAN_POINT('',(0.65,3.9,-2.6E-02));
#2208 = SPHERICAL_SURFACE('',#2209,0.176);
#2209 = AXIS2_PLACEMENT_3D('',#2210,#2211,#2212);
#2210 = CARTESIAN_POINT('',(0.65,3.9,0.15));
#2211 = DIRECTION('',(0.,0.,1.));
#2212 = DIRECTION('',(1.,0.,0.));
#2213 = MANIFOLD_SOLID_BREP('',#2214);
#2214 = CLOSED_SHELL('',(#2215));
#2215 = ADVANCED_FACE('',(#2216),#2220,.T.);
#2216 = FACE_BOUND('',#2217,.T.);
#2217 = VERTEX_LOOP('',#2218);
#2218 = VERTEX_POINT('',#2219);
#2219 = CARTESIAN_POINT('',(1.3,3.9,-2.6E-02));
#2220 = SPHERICAL_SURFACE('',#2221,0.176);
#2221 = AXIS2_PLACEMENT_3D('',#2222,#2223,#2224);
#2222 = CARTESIAN_POINT('',(1.3,3.9,0.15));
#2223 = DIRECTION('',(0.,0.,1.));
#2224 = DIRECTION('',(1.,0.,0.));
#2225 = MANIFOLD_SOLID_BREP('',#2226);
#2226 = CLOSED_SHELL('',(#2227));
#2227 = ADVANCED_FACE('',(#2228),#2232,.T.);
#2228 = FACE_BOUND('',#2229,.T.);
#2229 = VERTEX_LOOP('',#2230);
#2230 = VERTEX_POINT('',#2231);
#2231 = CARTESIAN_POINT('',(1.95,3.9,-2.6E-02));
#2232 = SPHERICAL_SURFACE('',#2233,0.176);
#2233 = AXIS2_PLACEMENT_3D('',#2234,#2235,#2236);
#2234 = CARTESIAN_POINT('',(1.95,3.9,0.15));
#2235 = DIRECTION('',(0.,0.,1.));
#2236 = DIRECTION('',(1.,0.,0.));
#2237 = MANIFOLD_SOLID_BREP('',#2238);
#2238 = CLOSED_SHELL('',(#2239));
#2239 = ADVANCED_FACE('',(#2240),#2244,.T.);
#2240 = FACE_BOUND('',#2241,.T.);
#2241 = VERTEX_LOOP('',#2242);
#2242 = VERTEX_POINT('',#2243);
#2243 = CARTESIAN_POINT('',(2.6,3.9,-2.6E-02));
#2244 = SPHERICAL_SURFACE('',#2245,0.176);
#2245 = AXIS2_PLACEMENT_3D('',#2246,#2247,#2248);
#2246 = CARTESIAN_POINT('',(2.6,3.9,0.15));
#2247 = DIRECTION('',(0.,0.,1.));
#2248 = DIRECTION('',(1.,0.,0.));
#2249 = MANIFOLD_SOLID_BREP('',#2250);
#2250 = CLOSED_SHELL('',(#2251));
#2251 = ADVANCED_FACE('',(#2252),#2256,.T.);
#2252 = FACE_BOUND('',#2253,.T.);
#2253 = VERTEX_LOOP('',#2254);
#2254 = VERTEX_POINT('',#2255);
#2255 = CARTESIAN_POINT('',(3.25,3.9,-2.6E-02));
#2256 = SPHERICAL_SURFACE('',#2257,0.176);
#2257 = AXIS2_PLACEMENT_3D('',#2258,#2259,#2260);
#2258 = CARTESIAN_POINT('',(3.25,3.9,0.15));
#2259 = DIRECTION('',(0.,0.,1.));
#2260 = DIRECTION('',(1.,0.,0.));
#2261 = MANIFOLD_SOLID_BREP('',#2262);
#2262 = CLOSED_SHELL('',(#2263));
#2263 = ADVANCED_FACE('',(#2264),#2268,.T.);
#2264 = FACE_BOUND('',#2265,.T.);
#2265 = VERTEX_LOOP('',#2266);
#2266 = VERTEX_POINT('',#2267);
#2267 = CARTESIAN_POINT('',(3.9,3.9,-2.6E-02));
#2268 = SPHERICAL_SURFACE('',#2269,0.176);
#2269 = AXIS2_PLACEMENT_3D('',#2270,#2271,#2272);
#2270 = CARTESIAN_POINT('',(3.9,3.9,0.15));
#2271 = DIRECTION('',(0.,0.,1.));
#2272 = DIRECTION('',(1.,0.,0.));
#2273 = MANIFOLD_SOLID_BREP('',#2274);
#2274 = CLOSED_SHELL('',(#2275));
#2275 = ADVANCED_FACE('',(#2276),#2280,.T.);
#2276 = FACE_BOUND('',#2277,.T.);
#2277 = VERTEX_LOOP('',#2278);
#2278 = VERTEX_POINT('',#2279);
#2279 = CARTESIAN_POINT('',(4.55,3.9,-2.6E-02));
#2280 = SPHERICAL_SURFACE('',#2281,0.176);
#2281 = AXIS2_PLACEMENT_3D('',#2282,#2283,#2284);
#2282 = CARTESIAN_POINT('',(4.55,3.9,0.15));
#2283 = DIRECTION('',(0.,0.,1.));
#2284 = DIRECTION('',(1.,0.,0.));
#2285 = MANIFOLD_SOLID_BREP('',#2286);
#2286 = CLOSED_SHELL('',(#2287));
#2287 = ADVANCED_FACE('',(#2288),#2292,.T.);
#2288 = FACE_BOUND('',#2289,.T.);
#2289 = VERTEX_LOOP('',#2290);
#2290 = VERTEX_POINT('',#2291);
#2291 = CARTESIAN_POINT('',(-4.55,4.55,-2.6E-02));
#2292 = SPHERICAL_SURFACE('',#2293,0.176);
#2293 = AXIS2_PLACEMENT_3D('',#2294,#2295,#2296);
#2294 = CARTESIAN_POINT('',(-4.55,4.55,0.15));
#2295 = DIRECTION('',(0.,0.,1.));
#2296 = DIRECTION('',(1.,0.,0.));
#2297 = MANIFOLD_SOLID_BREP('',#2298);
#2298 = CLOSED_SHELL('',(#2299));
#2299 = ADVANCED_FACE('',(#2300),#2304,.T.);
#2300 = FACE_BOUND('',#2301,.T.);
#2301 = VERTEX_LOOP('',#2302);
#2302 = VERTEX_POINT('',#2303);
#2303 = CARTESIAN_POINT('',(-3.9,4.55,-2.6E-02));
#2304 = SPHERICAL_SURFACE('',#2305,0.176);
#2305 = AXIS2_PLACEMENT_3D('',#2306,#2307,#2308);
#2306 = CARTESIAN_POINT('',(-3.9,4.55,0.15));
#2307 = DIRECTION('',(0.,0.,1.));
#2308 = DIRECTION('',(1.,0.,0.));
#2309 = MANIFOLD_SOLID_BREP('',#2310);
#2310 = CLOSED_SHELL('',(#2311));
#2311 = ADVANCED_FACE('',(#2312),#2316,.T.);
#2312 = FACE_BOUND('',#2313,.T.);
#2313 = VERTEX_LOOP('',#2314);
#2314 = VERTEX_POINT('',#2315);
#2315 = CARTESIAN_POINT('',(-3.25,4.55,-2.6E-02));
#2316 = SPHERICAL_SURFACE('',#2317,0.176);
#2317 = AXIS2_PLACEMENT_3D('',#2318,#2319,#2320);
#2318 = CARTESIAN_POINT('',(-3.25,4.55,0.15));
#2319 = DIRECTION('',(0.,0.,1.));
#2320 = DIRECTION('',(1.,0.,0.));
#2321 = MANIFOLD_SOLID_BREP('',#2322);
#2322 = CLOSED_SHELL('',(#2323));
#2323 = ADVANCED_FACE('',(#2324),#2328,.T.);
#2324 = FACE_BOUND('',#2325,.T.);
#2325 = VERTEX_LOOP('',#2326);
#2326 = VERTEX_POINT('',#2327);
#2327 = CARTESIAN_POINT('',(-2.6,4.55,-2.6E-02));
#2328 = SPHERICAL_SURFACE('',#2329,0.176);
#2329 = AXIS2_PLACEMENT_3D('',#2330,#2331,#2332);
#2330 = CARTESIAN_POINT('',(-2.6,4.55,0.15));
#2331 = DIRECTION('',(0.,0.,1.));
#2332 = DIRECTION('',(1.,0.,0.));
#2333 = MANIFOLD_SOLID_BREP('',#2334);
#2334 = CLOSED_SHELL('',(#2335));
#2335 = ADVANCED_FACE('',(#2336),#2340,.T.);
#2336 = FACE_BOUND('',#2337,.T.);
#2337 = VERTEX_LOOP('',#2338);
#2338 = VERTEX_POINT('',#2339);
#2339 = CARTESIAN_POINT('',(-1.95,4.55,-2.6E-02));
#2340 = SPHERICAL_SURFACE('',#2341,0.176);
#2341 = AXIS2_PLACEMENT_3D('',#2342,#2343,#2344);
#2342 = CARTESIAN_POINT('',(-1.95,4.55,0.15));
#2343 = DIRECTION('',(0.,0.,1.));
#2344 = DIRECTION('',(1.,0.,0.));
#2345 = MANIFOLD_SOLID_BREP('',#2346);
#2346 = CLOSED_SHELL('',(#2347));
#2347 = ADVANCED_FACE('',(#2348),#2352,.T.);
#2348 = FACE_BOUND('',#2349,.T.);
#2349 = VERTEX_LOOP('',#2350);
#2350 = VERTEX_POINT('',#2351);
#2351 = CARTESIAN_POINT('',(-1.3,4.55,-2.6E-02));
#2352 = SPHERICAL_SURFACE('',#2353,0.176);
#2353 = AXIS2_PLACEMENT_3D('',#2354,#2355,#2356);
#2354 = CARTESIAN_POINT('',(-1.3,4.55,0.15));
#2355 = DIRECTION('',(0.,0.,1.));
#2356 = DIRECTION('',(1.,0.,0.));
#2357 = MANIFOLD_SOLID_BREP('',#2358);
#2358 = CLOSED_SHELL('',(#2359));
#2359 = ADVANCED_FACE('',(#2360),#2364,.T.);
#2360 = FACE_BOUND('',#2361,.T.);
#2361 = VERTEX_LOOP('',#2362);
#2362 = VERTEX_POINT('',#2363);
#2363 = CARTESIAN_POINT('',(-0.65,4.55,-2.6E-02));
#2364 = SPHERICAL_SURFACE('',#2365,0.176);
#2365 = AXIS2_PLACEMENT_3D('',#2366,#2367,#2368);
#2366 = CARTESIAN_POINT('',(-0.65,4.55,0.15));
#2367 = DIRECTION('',(0.,0.,1.));
#2368 = DIRECTION('',(1.,0.,0.));
#2369 = MANIFOLD_SOLID_BREP('',#2370);
#2370 = CLOSED_SHELL('',(#2371));
#2371 = ADVANCED_FACE('',(#2372),#2376,.T.);
#2372 = FACE_BOUND('',#2373,.T.);
#2373 = VERTEX_LOOP('',#2374);
#2374 = VERTEX_POINT('',#2375);
#2375 = CARTESIAN_POINT('',(1.07768918325E-17,4.55,-2.6E-02));
#2376 = SPHERICAL_SURFACE('',#2377,0.176);
#2377 = AXIS2_PLACEMENT_3D('',#2378,#2379,#2380);
#2378 = CARTESIAN_POINT('',(0.,4.55,0.15));
#2379 = DIRECTION('',(0.,0.,1.));
#2380 = DIRECTION('',(1.,0.,0.));
#2381 = MANIFOLD_SOLID_BREP('',#2382);
#2382 = CLOSED_SHELL('',(#2383));
#2383 = ADVANCED_FACE('',(#2384),#2388,.T.);
#2384 = FACE_BOUND('',#2385,.T.);
#2385 = VERTEX_LOOP('',#2386);
#2386 = VERTEX_POINT('',#2387);
#2387 = CARTESIAN_POINT('',(0.65,4.55,-2.6E-02));
#2388 = SPHERICAL_SURFACE('',#2389,0.176);
#2389 = AXIS2_PLACEMENT_3D('',#2390,#2391,#2392);
#2390 = CARTESIAN_POINT('',(0.65,4.55,0.15));
#2391 = DIRECTION('',(0.,0.,1.));
#2392 = DIRECTION('',(1.,0.,0.));
#2393 = MANIFOLD_SOLID_BREP('',#2394);
#2394 = CLOSED_SHELL('',(#2395));
#2395 = ADVANCED_FACE('',(#2396),#2400,.T.);
#2396 = FACE_BOUND('',#2397,.T.);
#2397 = VERTEX_LOOP('',#2398);
#2398 = VERTEX_POINT('',#2399);
#2399 = CARTESIAN_POINT('',(1.3,4.55,-2.6E-02));
#2400 = SPHERICAL_SURFACE('',#2401,0.176);
#2401 = AXIS2_PLACEMENT_3D('',#2402,#2403,#2404);
#2402 = CARTESIAN_POINT('',(1.3,4.55,0.15));
#2403 = DIRECTION('',(0.,0.,1.));
#2404 = DIRECTION('',(1.,0.,0.));
#2405 = MANIFOLD_SOLID_BREP('',#2406);
#2406 = CLOSED_SHELL('',(#2407));
#2407 = ADVANCED_FACE('',(#2408),#2412,.T.);
#2408 = FACE_BOUND('',#2409,.T.);
#2409 = VERTEX_LOOP('',#2410);
#2410 = VERTEX_POINT('',#2411);
#2411 = CARTESIAN_POINT('',(1.95,4.55,-2.6E-02));
#2412 = SPHERICAL_SURFACE('',#2413,0.176);
#2413 = AXIS2_PLACEMENT_3D('',#2414,#2415,#2416);
#2414 = CARTESIAN_POINT('',(1.95,4.55,0.15));
#2415 = DIRECTION('',(0.,0.,1.));
#2416 = DIRECTION('',(1.,0.,0.));
#2417 = MANIFOLD_SOLID_BREP('',#2418);
#2418 = CLOSED_SHELL('',(#2419));
#2419 = ADVANCED_FACE('',(#2420),#2424,.T.);
#2420 = FACE_BOUND('',#2421,.T.);
#2421 = VERTEX_LOOP('',#2422);
#2422 = VERTEX_POINT('',#2423);
#2423 = CARTESIAN_POINT('',(2.6,4.55,-2.6E-02));
#2424 = SPHERICAL_SURFACE('',#2425,0.176);
#2425 = AXIS2_PLACEMENT_3D('',#2426,#2427,#2428);
#2426 = CARTESIAN_POINT('',(2.6,4.55,0.15));
#2427 = DIRECTION('',(0.,0.,1.));
#2428 = DIRECTION('',(1.,0.,0.));
#2429 = MANIFOLD_SOLID_BREP('',#2430);
#2430 = CLOSED_SHELL('',(#2431));
#2431 = ADVANCED_FACE('',(#2432),#2436,.T.);
#2432 = FACE_BOUND('',#2433,.T.);
#2433 = VERTEX_LOOP('',#2434);
#2434 = VERTEX_POINT('',#2435);
#2435 = CARTESIAN_POINT('',(3.25,4.55,-2.6E-02));
#2436 = SPHERICAL_SURFACE('',#2437,0.176);
#2437 = AXIS2_PLACEMENT_3D('',#2438,#2439,#2440);
#2438 = CARTESIAN_POINT('',(3.25,4.55,0.15));
#2439 = DIRECTION('',(0.,0.,1.));
#2440 = DIRECTION('',(1.,0.,0.));
#2441 = MANIFOLD_SOLID_BREP('',#2442);
#2442 = CLOSED_SHELL('',(#2443));
#2443 = ADVANCED_FACE('',(#2444),#2448,.T.);
#2444 = FACE_BOUND('',#2445,.T.);
#2445 = VERTEX_LOOP('',#2446);
#2446 = VERTEX_POINT('',#2447);
#2447 = CARTESIAN_POINT('',(3.9,4.55,-2.6E-02));
#2448 = SPHERICAL_SURFACE('',#2449,0.176);
#2449 = AXIS2_PLACEMENT_3D('',#2450,#2451,#2452);
#2450 = CARTESIAN_POINT('',(3.9,4.55,0.15));
#2451 = DIRECTION('',(0.,0.,1.));
#2452 = DIRECTION('',(1.,0.,0.));
#2453 = MANIFOLD_SOLID_BREP('',#2454);
#2454 = CLOSED_SHELL('',(#2455));
#2455 = ADVANCED_FACE('',(#2456),#2460,.T.);
#2456 = FACE_BOUND('',#2457,.T.);
#2457 = VERTEX_LOOP('',#2458);
#2458 = VERTEX_POINT('',#2459);
#2459 = CARTESIAN_POINT('',(4.55,4.55,-2.6E-02));
#2460 = SPHERICAL_SURFACE('',#2461,0.176);
#2461 = AXIS2_PLACEMENT_3D('',#2462,#2463,#2464);
#2462 = CARTESIAN_POINT('',(4.55,4.55,0.15));
#2463 = DIRECTION('',(0.,0.,1.));
#2464 = DIRECTION('',(1.,0.,0.));
#2465 = ( GEOMETRIC_REPRESENTATION_CONTEXT(3)
GLOBAL_UNCERTAINTY_ASSIGNED_CONTEXT((#2469))
GLOBAL_UNIT_ASSIGNED_CONTEXT((#2466,#2467,#2468)) REPRESENTATION_CONTEXT
('Context #1','3D Context with UNIT and UNCERTAINTY') );
#2466 = ( LENGTH_UNIT() NAMED_UNIT(*) SI_UNIT(.MILLI.,.METRE.) );
#2467 = ( NAMED_UNIT(*) PLANE_ANGLE_UNIT() SI_UNIT($,.RADIAN.) );
#2468 = ( NAMED_UNIT(*) SI_UNIT($,.STERADIAN.) SOLID_ANGLE_UNIT() );
#2469 = UNCERTAINTY_MEASURE_WITH_UNIT(LENGTH_MEASURE(1.E-07),#2466,
  'distance_accuracy_value','confusion accuracy');
#2470 = CONTEXT_DEPENDENT_SHAPE_REPRESENTATION(#2471,#2473);
#2471 = ( REPRESENTATION_RELATIONSHIP('','',#532,#509)
REPRESENTATION_RELATIONSHIP_WITH_TRANSFORMATION(#2472)
SHAPE_REPRESENTATION_RELATIONSHIP() );
#2472 = ITEM_DEFINED_TRANSFORMATION('','',#11,#510);
#2473 = PRODUCT_DEFINITION_SHAPE('Placement','Placement of an item',
  #2474);
#2474 = NEXT_ASSEMBLY_USAGE_OCCURRENCE('3','','',#504,#527,$);
#2475 = PRODUCT_RELATED_PRODUCT_CATEGORY('part',$,(#529));
#2476 = MECHANICAL_DESIGN_GEOMETRIC_PRESENTATION_REPRESENTATION('',(
    #2477),#491);
#2477 = STYLED_ITEM('color',(#2478),#83);
#2478 = PRESENTATION_STYLE_ASSIGNMENT((#2479));
#2479 = SURFACE_STYLE_USAGE(.BOTH.,#2480);
#2480 = SURFACE_SIDE_STYLE('',(#2481));
#2481 = SURFACE_STYLE_FILL_AREA(#2482);
#2482 = FILL_AREA_STYLE('',(#2483));
#2483 = FILL_AREA_STYLE_COLOUR('',#2484);
#2484 = COLOUR_RGB('',0.423582879168,0.423582879168,0.449203874658);
#2485 = MECHANICAL_DESIGN_GEOMETRIC_PRESENTATION_REPRESENTATION('',(
    #2486,#2494,#2501,#2508,#2515,#2522,#2529,#2536,#2543,#2550,#2557,
    #2564,#2571,#2578,#2585,#2592,#2599,#2606,#2613,#2620,#2627,#2634,
    #2641,#2648,#2655,#2662,#2669,#2676,#2683,#2690,#2697,#2704,#2711,
    #2718,#2725,#2732,#2739,#2746,#2753,#2760,#2767,#2774,#2781,#2788,
    #2795,#2802,#2809,#2816,#2823,#2830,#2837,#2844,#2851,#2858,#2865,
    #2872,#2879,#2886,#2893,#2900,#2907,#2914,#2921,#2928,#2935,#2942,
    #2949,#2956,#2963,#2970,#2977,#2984,#2991,#2998,#3005,#3012,#3019,
    #3026,#3033,#3040,#3047,#3054,#3061,#3068,#3075,#3082,#3089,#3096,
    #3103,#3110,#3117,#3124,#3131,#3138,#3145,#3152,#3159,#3166,#3173,
    #3180,#3187,#3194,#3201,#3208,#3215,#3222,#3229,#3236,#3243,#3250,
    #3257,#3264,#3271,#3278,#3285,#3292,#3299,#3306,#3313,#3320,#3327,
    #3334,#3341,#3348,#3355,#3362,#3369,#3376,#3383,#3390,#3397,#3404,
    #3411,#3418,#3425,#3432,#3439,#3446,#3453,#3460,#3467,#3474,#3481,
    #3488,#3495,#3502,#3509,#3516,#3523,#3530,#3537,#3544,#3551,#3558,
    #3565,#3572,#3579,#3586,#3593,#3600,#3607),#2465);
#2486 = STYLED_ITEM('color',(#2487),#533);
#2487 = PRESENTATION_STYLE_ASSIGNMENT((#2488));
#2488 = SURFACE_STYLE_USAGE(.BOTH.,#2489);
#2489 = SURFACE_SIDE_STYLE('',(#2490));
#2490 = SURFACE_STYLE_FILL_AREA(#2491);
#2491 = FILL_AREA_STYLE('',(#2492));
#2492 = FILL_AREA_STYLE_COLOUR('',#2493);
#2493 = COLOUR_RGB('',0.88082502109,0.88082502109,0.88082502109);
#2494 = STYLED_ITEM('color',(#2495),#545);
#2495 = PRESENTATION_STYLE_ASSIGNMENT((#2496));
#2496 = SURFACE_STYLE_USAGE(.BOTH.,#2497);
#2497 = SURFACE_SIDE_STYLE('',(#2498));
#2498 = SURFACE_STYLE_FILL_AREA(#2499);
#2499 = FILL_AREA_STYLE('',(#2500));
#2500 = FILL_AREA_STYLE_COLOUR('',#2493);
#2501 = STYLED_ITEM('color',(#2502),#557);
#2502 = PRESENTATION_STYLE_ASSIGNMENT((#2503));
#2503 = SURFACE_STYLE_USAGE(.BOTH.,#2504);
#2504 = SURFACE_SIDE_STYLE('',(#2505));
#2505 = SURFACE_STYLE_FILL_AREA(#2506);
#2506 = FILL_AREA_STYLE('',(#2507));
#2507 = FILL_AREA_STYLE_COLOUR('',#2493);
#2508 = STYLED_ITEM('color',(#2509),#569);
#2509 = PRESENTATION_STYLE_ASSIGNMENT((#2510));
#2510 = SURFACE_STYLE_USAGE(.BOTH.,#2511);
#2511 = SURFACE_SIDE_STYLE('',(#2512));
#2512 = SURFACE_STYLE_FILL_AREA(#2513);
#2513 = FILL_AREA_STYLE('',(#2514));
#2514 = FILL_AREA_STYLE_COLOUR('',#2493);
#2515 = STYLED_ITEM('color',(#2516),#581);
#2516 = PRESENTATION_STYLE_ASSIGNMENT((#2517));
#2517 = SURFACE_STYLE_USAGE(.BOTH.,#2518);
#2518 = SURFACE_SIDE_STYLE('',(#2519));
#2519 = SURFACE_STYLE_FILL_AREA(#2520);
#2520 = FILL_AREA_STYLE('',(#2521));
#2521 = FILL_AREA_STYLE_COLOUR('',#2493);
#2522 = STYLED_ITEM('color',(#2523),#593);
#2523 = PRESENTATION_STYLE_ASSIGNMENT((#2524));
#2524 = SURFACE_STYLE_USAGE(.BOTH.,#2525);
#2525 = SURFACE_SIDE_STYLE('',(#2526));
#2526 = SURFACE_STYLE_FILL_AREA(#2527);
#2527 = FILL_AREA_STYLE('',(#2528));
#2528 = FILL_AREA_STYLE_COLOUR('',#2493);
#2529 = STYLED_ITEM('color',(#2530),#605);
#2530 = PRESENTATION_STYLE_ASSIGNMENT((#2531));
#2531 = SURFACE_STYLE_USAGE(.BOTH.,#2532);
#2532 = SURFACE_SIDE_STYLE('',(#2533));
#2533 = SURFACE_STYLE_FILL_AREA(#2534);
#2534 = FILL_AREA_STYLE('',(#2535));
#2535 = FILL_AREA_STYLE_COLOUR('',#2493);
#2536 = STYLED_ITEM('color',(#2537),#617);
#2537 = PRESENTATION_STYLE_ASSIGNMENT((#2538));
#2538 = SURFACE_STYLE_USAGE(.BOTH.,#2539);
#2539 = SURFACE_SIDE_STYLE('',(#2540));
#2540 = SURFACE_STYLE_FILL_AREA(#2541);
#2541 = FILL_AREA_STYLE('',(#2542));
#2542 = FILL_AREA_STYLE_COLOUR('',#2493);
#2543 = STYLED_ITEM('color',(#2544),#629);
#2544 = PRESENTATION_STYLE_ASSIGNMENT((#2545));
#2545 = SURFACE_STYLE_USAGE(.BOTH.,#2546);
#2546 = SURFACE_SIDE_STYLE('',(#2547));
#2547 = SURFACE_STYLE_FILL_AREA(#2548);
#2548 = FILL_AREA_STYLE('',(#2549));
#2549 = FILL_AREA_STYLE_COLOUR('',#2493);
#2550 = STYLED_ITEM('color',(#2551),#641);
#2551 = PRESENTATION_STYLE_ASSIGNMENT((#2552));
#2552 = SURFACE_STYLE_USAGE(.BOTH.,#2553);
#2553 = SURFACE_SIDE_STYLE('',(#2554));
#2554 = SURFACE_STYLE_FILL_AREA(#2555);
#2555 = FILL_AREA_STYLE('',(#2556));
#2556 = FILL_AREA_STYLE_COLOUR('',#2493);
#2557 = STYLED_ITEM('color',(#2558),#653);
#2558 = PRESENTATION_STYLE_ASSIGNMENT((#2559));
#2559 = SURFACE_STYLE_USAGE(.BOTH.,#2560);
#2560 = SURFACE_SIDE_STYLE('',(#2561));
#2561 = SURFACE_STYLE_FILL_AREA(#2562);
#2562 = FILL_AREA_STYLE('',(#2563));
#2563 = FILL_AREA_STYLE_COLOUR('',#2493);
#2564 = STYLED_ITEM('color',(#2565),#665);
#2565 = PRESENTATION_STYLE_ASSIGNMENT((#2566));
#2566 = SURFACE_STYLE_USAGE(.BOTH.,#2567);
#2567 = SURFACE_SIDE_STYLE('',(#2568));
#2568 = SURFACE_STYLE_FILL_AREA(#2569);
#2569 = FILL_AREA_STYLE('',(#2570));
#2570 = FILL_AREA_STYLE_COLOUR('',#2493);
#2571 = STYLED_ITEM('color',(#2572),#677);
#2572 = PRESENTATION_STYLE_ASSIGNMENT((#2573));
#2573 = SURFACE_STYLE_USAGE(.BOTH.,#2574);
#2574 = SURFACE_SIDE_STYLE('',(#2575));
#2575 = SURFACE_STYLE_FILL_AREA(#2576);
#2576 = FILL_AREA_STYLE('',(#2577));
#2577 = FILL_AREA_STYLE_COLOUR('',#2493);
#2578 = STYLED_ITEM('color',(#2579),#689);
#2579 = PRESENTATION_STYLE_ASSIGNMENT((#2580));
#2580 = SURFACE_STYLE_USAGE(.BOTH.,#2581);
#2581 = SURFACE_SIDE_STYLE('',(#2582));
#2582 = SURFACE_STYLE_FILL_AREA(#2583);
#2583 = FILL_AREA_STYLE('',(#2584));
#2584 = FILL_AREA_STYLE_COLOUR('',#2493);
#2585 = STYLED_ITEM('color',(#2586),#701);
#2586 = PRESENTATION_STYLE_ASSIGNMENT((#2587));
#2587 = SURFACE_STYLE_USAGE(.BOTH.,#2588);
#2588 = SURFACE_SIDE_STYLE('',(#2589));
#2589 = SURFACE_STYLE_FILL_AREA(#2590);
#2590 = FILL_AREA_STYLE('',(#2591));
#2591 = FILL_AREA_STYLE_COLOUR('',#2493);
#2592 = STYLED_ITEM('color',(#2593),#713);
#2593 = PRESENTATION_STYLE_ASSIGNMENT((#2594));
#2594 = SURFACE_STYLE_USAGE(.BOTH.,#2595);
#2595 = SURFACE_SIDE_STYLE('',(#2596));
#2596 = SURFACE_STYLE_FILL_AREA(#2597);
#2597 = FILL_AREA_STYLE('',(#2598));
#2598 = FILL_AREA_STYLE_COLOUR('',#2493);
#2599 = STYLED_ITEM('color',(#2600),#725);
#2600 = PRESENTATION_STYLE_ASSIGNMENT((#2601));
#2601 = SURFACE_STYLE_USAGE(.BOTH.,#2602);
#2602 = SURFACE_SIDE_STYLE('',(#2603));
#2603 = SURFACE_STYLE_FILL_AREA(#2604);
#2604 = FILL_AREA_STYLE('',(#2605));
#2605 = FILL_AREA_STYLE_COLOUR('',#2493);
#2606 = STYLED_ITEM('color',(#2607),#737);
#2607 = PRESENTATION_STYLE_ASSIGNMENT((#2608));
#2608 = SURFACE_STYLE_USAGE(.BOTH.,#2609);
#2609 = SURFACE_SIDE_STYLE('',(#2610));
#2610 = SURFACE_STYLE_FILL_AREA(#2611);
#2611 = FILL_AREA_STYLE('',(#2612));
#2612 = FILL_AREA_STYLE_COLOUR('',#2493);
#2613 = STYLED_ITEM('color',(#2614),#749);
#2614 = PRESENTATION_STYLE_ASSIGNMENT((#2615));
#2615 = SURFACE_STYLE_USAGE(.BOTH.,#2616);
#2616 = SURFACE_SIDE_STYLE('',(#2617));
#2617 = SURFACE_STYLE_FILL_AREA(#2618);
#2618 = FILL_AREA_STYLE('',(#2619));
#2619 = FILL_AREA_STYLE_COLOUR('',#2493);
#2620 = STYLED_ITEM('color',(#2621),#761);
#2621 = PRESENTATION_STYLE_ASSIGNMENT((#2622));
#2622 = SURFACE_STYLE_USAGE(.BOTH.,#2623);
#2623 = SURFACE_SIDE_STYLE('',(#2624));
#2624 = SURFACE_STYLE_FILL_AREA(#2625);
#2625 = FILL_AREA_STYLE('',(#2626));
#2626 = FILL_AREA_STYLE_COLOUR('',#2493);
#2627 = STYLED_ITEM('color',(#2628),#773);
#2628 = PRESENTATION_STYLE_ASSIGNMENT((#2629));
#2629 = SURFACE_STYLE_USAGE(.BOTH.,#2630);
#2630 = SURFACE_SIDE_STYLE('',(#2631));
#2631 = SURFACE_STYLE_FILL_AREA(#2632);
#2632 = FILL_AREA_STYLE('',(#2633));
#2633 = FILL_AREA_STYLE_COLOUR('',#2493);
#2634 = STYLED_ITEM('color',(#2635),#785);
#2635 = PRESENTATION_STYLE_ASSIGNMENT((#2636));
#2636 = SURFACE_STYLE_USAGE(.BOTH.,#2637);
#2637 = SURFACE_SIDE_STYLE('',(#2638));
#2638 = SURFACE_STYLE_FILL_AREA(#2639);
#2639 = FILL_AREA_STYLE('',(#2640));
#2640 = FILL_AREA_STYLE_COLOUR('',#2493);
#2641 = STYLED_ITEM('color',(#2642),#797);
#2642 = PRESENTATION_STYLE_ASSIGNMENT((#2643));
#2643 = SURFACE_STYLE_USAGE(.BOTH.,#2644);
#2644 = SURFACE_SIDE_STYLE('',(#2645));
#2645 = SURFACE_STYLE_FILL_AREA(#2646);
#2646 = FILL_AREA_STYLE('',(#2647));
#2647 = FILL_AREA_STYLE_COLOUR('',#2493);
#2648 = STYLED_ITEM('color',(#2649),#809);
#2649 = PRESENTATION_STYLE_ASSIGNMENT((#2650));
#2650 = SURFACE_STYLE_USAGE(.BOTH.,#2651);
#2651 = SURFACE_SIDE_STYLE('',(#2652));
#2652 = SURFACE_STYLE_FILL_AREA(#2653);
#2653 = FILL_AREA_STYLE('',(#2654));
#2654 = FILL_AREA_STYLE_COLOUR('',#2493);
#2655 = STYLED_ITEM('color',(#2656),#821);
#2656 = PRESENTATION_STYLE_ASSIGNMENT((#2657));
#2657 = SURFACE_STYLE_USAGE(.BOTH.,#2658);
#2658 = SURFACE_SIDE_STYLE('',(#2659));
#2659 = SURFACE_STYLE_FILL_AREA(#2660);
#2660 = FILL_AREA_STYLE('',(#2661));
#2661 = FILL_AREA_STYLE_COLOUR('',#2493);
#2662 = STYLED_ITEM('color',(#2663),#833);
#2663 = PRESENTATION_STYLE_ASSIGNMENT((#2664));
#2664 = SURFACE_STYLE_USAGE(.BOTH.,#2665);
#2665 = SURFACE_SIDE_STYLE('',(#2666));
#2666 = SURFACE_STYLE_FILL_AREA(#2667);
#2667 = FILL_AREA_STYLE('',(#2668));
#2668 = FILL_AREA_STYLE_COLOUR('',#2493);
#2669 = STYLED_ITEM('color',(#2670),#845);
#2670 = PRESENTATION_STYLE_ASSIGNMENT((#2671));
#2671 = SURFACE_STYLE_USAGE(.BOTH.,#2672);
#2672 = SURFACE_SIDE_STYLE('',(#2673));
#2673 = SURFACE_STYLE_FILL_AREA(#2674);
#2674 = FILL_AREA_STYLE('',(#2675));
#2675 = FILL_AREA_STYLE_COLOUR('',#2493);
#2676 = STYLED_ITEM('color',(#2677),#857);
#2677 = PRESENTATION_STYLE_ASSIGNMENT((#2678));
#2678 = SURFACE_STYLE_USAGE(.BOTH.,#2679);
#2679 = SURFACE_SIDE_STYLE('',(#2680));
#2680 = SURFACE_STYLE_FILL_AREA(#2681);
#2681 = FILL_AREA_STYLE('',(#2682));
#2682 = FILL_AREA_STYLE_COLOUR('',#2493);
#2683 = STYLED_ITEM('color',(#2684),#869);
#2684 = PRESENTATION_STYLE_ASSIGNMENT((#2685));
#2685 = SURFACE_STYLE_USAGE(.BOTH.,#2686);
#2686 = SURFACE_SIDE_STYLE('',(#2687));
#2687 = SURFACE_STYLE_FILL_AREA(#2688);
#2688 = FILL_AREA_STYLE('',(#2689));
#2689 = FILL_AREA_STYLE_COLOUR('',#2493);
#2690 = STYLED_ITEM('color',(#2691),#881);
#2691 = PRESENTATION_STYLE_ASSIGNMENT((#2692));
#2692 = SURFACE_STYLE_USAGE(.BOTH.,#2693);
#2693 = SURFACE_SIDE_STYLE('',(#2694));
#2694 = SURFACE_STYLE_FILL_AREA(#2695);
#2695 = FILL_AREA_STYLE('',(#2696));
#2696 = FILL_AREA_STYLE_COLOUR('',#2493);
#2697 = STYLED_ITEM('color',(#2698),#893);
#2698 = PRESENTATION_STYLE_ASSIGNMENT((#2699));
#2699 = SURFACE_STYLE_USAGE(.BOTH.,#2700);
#2700 = SURFACE_SIDE_STYLE('',(#2701));
#2701 = SURFACE_STYLE_FILL_AREA(#2702);
#2702 = FILL_AREA_STYLE('',(#2703));
#2703 = FILL_AREA_STYLE_COLOUR('',#2493);
#2704 = STYLED_ITEM('color',(#2705),#905);
#2705 = PRESENTATION_STYLE_ASSIGNMENT((#2706));
#2706 = SURFACE_STYLE_USAGE(.BOTH.,#2707);
#2707 = SURFACE_SIDE_STYLE('',(#2708));
#2708 = SURFACE_STYLE_FILL_AREA(#2709);
#2709 = FILL_AREA_STYLE('',(#2710));
#2710 = FILL_AREA_STYLE_COLOUR('',#2493);
#2711 = STYLED_ITEM('color',(#2712),#917);
#2712 = PRESENTATION_STYLE_ASSIGNMENT((#2713));
#2713 = SURFACE_STYLE_USAGE(.BOTH.,#2714);
#2714 = SURFACE_SIDE_STYLE('',(#2715));
#2715 = SURFACE_STYLE_FILL_AREA(#2716);
#2716 = FILL_AREA_STYLE('',(#2717));
#2717 = FILL_AREA_STYLE_COLOUR('',#2493);
#2718 = STYLED_ITEM('color',(#2719),#929);
#2719 = PRESENTATION_STYLE_ASSIGNMENT((#2720));
#2720 = SURFACE_STYLE_USAGE(.BOTH.,#2721);
#2721 = SURFACE_SIDE_STYLE('',(#2722));
#2722 = SURFACE_STYLE_FILL_AREA(#2723);
#2723 = FILL_AREA_STYLE('',(#2724));
#2724 = FILL_AREA_STYLE_COLOUR('',#2493);
#2725 = STYLED_ITEM('color',(#2726),#941);
#2726 = PRESENTATION_STYLE_ASSIGNMENT((#2727));
#2727 = SURFACE_STYLE_USAGE(.BOTH.,#2728);
#2728 = SURFACE_SIDE_STYLE('',(#2729));
#2729 = SURFACE_STYLE_FILL_AREA(#2730);
#2730 = FILL_AREA_STYLE('',(#2731));
#2731 = FILL_AREA_STYLE_COLOUR('',#2493);
#2732 = STYLED_ITEM('color',(#2733),#953);
#2733 = PRESENTATION_STYLE_ASSIGNMENT((#2734));
#2734 = SURFACE_STYLE_USAGE(.BOTH.,#2735);
#2735 = SURFACE_SIDE_STYLE('',(#2736));
#2736 = SURFACE_STYLE_FILL_AREA(#2737);
#2737 = FILL_AREA_STYLE('',(#2738));
#2738 = FILL_AREA_STYLE_COLOUR('',#2493);
#2739 = STYLED_ITEM('color',(#2740),#965);
#2740 = PRESENTATION_STYLE_ASSIGNMENT((#2741));
#2741 = SURFACE_STYLE_USAGE(.BOTH.,#2742);
#2742 = SURFACE_SIDE_STYLE('',(#2743));
#2743 = SURFACE_STYLE_FILL_AREA(#2744);
#2744 = FILL_AREA_STYLE('',(#2745));
#2745 = FILL_AREA_STYLE_COLOUR('',#2493);
#2746 = STYLED_ITEM('color',(#2747),#977);
#2747 = PRESENTATION_STYLE_ASSIGNMENT((#2748));
#2748 = SURFACE_STYLE_USAGE(.BOTH.,#2749);
#2749 = SURFACE_SIDE_STYLE('',(#2750));
#2750 = SURFACE_STYLE_FILL_AREA(#2751);
#2751 = FILL_AREA_STYLE('',(#2752));
#2752 = FILL_AREA_STYLE_COLOUR('',#2493);
#2753 = STYLED_ITEM('color',(#2754),#989);
#2754 = PRESENTATION_STYLE_ASSIGNMENT((#2755));
#2755 = SURFACE_STYLE_USAGE(.BOTH.,#2756);
#2756 = SURFACE_SIDE_STYLE('',(#2757));
#2757 = SURFACE_STYLE_FILL_AREA(#2758);
#2758 = FILL_AREA_STYLE('',(#2759));
#2759 = FILL_AREA_STYLE_COLOUR('',#2493);
#2760 = STYLED_ITEM('color',(#2761),#1001);
#2761 = PRESENTATION_STYLE_ASSIGNMENT((#2762));
#2762 = SURFACE_STYLE_USAGE(.BOTH.,#2763);
#2763 = SURFACE_SIDE_STYLE('',(#2764));
#2764 = SURFACE_STYLE_FILL_AREA(#2765);
#2765 = FILL_AREA_STYLE('',(#2766));
#2766 = FILL_AREA_STYLE_COLOUR('',#2493);
#2767 = STYLED_ITEM('color',(#2768),#1013);
#2768 = PRESENTATION_STYLE_ASSIGNMENT((#2769));
#2769 = SURFACE_STYLE_USAGE(.BOTH.,#2770);
#2770 = SURFACE_SIDE_STYLE('',(#2771));
#2771 = SURFACE_STYLE_FILL_AREA(#2772);
#2772 = FILL_AREA_STYLE('',(#2773));
#2773 = FILL_AREA_STYLE_COLOUR('',#2493);
#2774 = STYLED_ITEM('color',(#2775),#1025);
#2775 = PRESENTATION_STYLE_ASSIGNMENT((#2776));
#2776 = SURFACE_STYLE_USAGE(.BOTH.,#2777);
#2777 = SURFACE_SIDE_STYLE('',(#2778));
#2778 = SURFACE_STYLE_FILL_AREA(#2779);
#2779 = FILL_AREA_STYLE('',(#2780));
#2780 = FILL_AREA_STYLE_COLOUR('',#2493);
#2781 = STYLED_ITEM('color',(#2782),#1037);
#2782 = PRESENTATION_STYLE_ASSIGNMENT((#2783));
#2783 = SURFACE_STYLE_USAGE(.BOTH.,#2784);
#2784 = SURFACE_SIDE_STYLE('',(#2785));
#2785 = SURFACE_STYLE_FILL_AREA(#2786);
#2786 = FILL_AREA_STYLE('',(#2787));
#2787 = FILL_AREA_STYLE_COLOUR('',#2493);
#2788 = STYLED_ITEM('color',(#2789),#1049);
#2789 = PRESENTATION_STYLE_ASSIGNMENT((#2790));
#2790 = SURFACE_STYLE_USAGE(.BOTH.,#2791);
#2791 = SURFACE_SIDE_STYLE('',(#2792));
#2792 = SURFACE_STYLE_FILL_AREA(#2793);
#2793 = FILL_AREA_STYLE('',(#2794));
#2794 = FILL_AREA_STYLE_COLOUR('',#2493);
#2795 = STYLED_ITEM('color',(#2796),#1061);
#2796 = PRESENTATION_STYLE_ASSIGNMENT((#2797));
#2797 = SURFACE_STYLE_USAGE(.BOTH.,#2798);
#2798 = SURFACE_SIDE_STYLE('',(#2799));
#2799 = SURFACE_STYLE_FILL_AREA(#2800);
#2800 = FILL_AREA_STYLE('',(#2801));
#2801 = FILL_AREA_STYLE_COLOUR('',#2493);
#2802 = STYLED_ITEM('color',(#2803),#1073);
#2803 = PRESENTATION_STYLE_ASSIGNMENT((#2804));
#2804 = SURFACE_STYLE_USAGE(.BOTH.,#2805);
#2805 = SURFACE_SIDE_STYLE('',(#2806));
#2806 = SURFACE_STYLE_FILL_AREA(#2807);
#2807 = FILL_AREA_STYLE('',(#2808));
#2808 = FILL_AREA_STYLE_COLOUR('',#2493);
#2809 = STYLED_ITEM('color',(#2810),#1085);
#2810 = PRESENTATION_STYLE_ASSIGNMENT((#2811));
#2811 = SURFACE_STYLE_USAGE(.BOTH.,#2812);
#2812 = SURFACE_SIDE_STYLE('',(#2813));
#2813 = SURFACE_STYLE_FILL_AREA(#2814);
#2814 = FILL_AREA_STYLE('',(#2815));
#2815 = FILL_AREA_STYLE_COLOUR('',#2493);
#2816 = STYLED_ITEM('color',(#2817),#1097);
#2817 = PRESENTATION_STYLE_ASSIGNMENT((#2818));
#2818 = SURFACE_STYLE_USAGE(.BOTH.,#2819);
#2819 = SURFACE_SIDE_STYLE('',(#2820));
#2820 = SURFACE_STYLE_FILL_AREA(#2821);
#2821 = FILL_AREA_STYLE('',(#2822));
#2822 = FILL_AREA_STYLE_COLOUR('',#2493);
#2823 = STYLED_ITEM('color',(#2824),#1109);
#2824 = PRESENTATION_STYLE_ASSIGNMENT((#2825));
#2825 = SURFACE_STYLE_USAGE(.BOTH.,#2826);
#2826 = SURFACE_SIDE_STYLE('',(#2827));
#2827 = SURFACE_STYLE_FILL_AREA(#2828);
#2828 = FILL_AREA_STYLE('',(#2829));
#2829 = FILL_AREA_STYLE_COLOUR('',#2493);
#2830 = STYLED_ITEM('color',(#2831),#1121);
#2831 = PRESENTATION_STYLE_ASSIGNMENT((#2832));
#2832 = SURFACE_STYLE_USAGE(.BOTH.,#2833);
#2833 = SURFACE_SIDE_STYLE('',(#2834));
#2834 = SURFACE_STYLE_FILL_AREA(#2835);
#2835 = FILL_AREA_STYLE('',(#2836));
#2836 = FILL_AREA_STYLE_COLOUR('',#2493);
#2837 = STYLED_ITEM('color',(#2838),#1133);
#2838 = PRESENTATION_STYLE_ASSIGNMENT((#2839));
#2839 = SURFACE_STYLE_USAGE(.BOTH.,#2840);
#2840 = SURFACE_SIDE_STYLE('',(#2841));
#2841 = SURFACE_STYLE_FILL_AREA(#2842);
#2842 = FILL_AREA_STYLE('',(#2843));
#2843 = FILL_AREA_STYLE_COLOUR('',#2493);
#2844 = STYLED_ITEM('color',(#2845),#1145);
#2845 = PRESENTATION_STYLE_ASSIGNMENT((#2846));
#2846 = SURFACE_STYLE_USAGE(.BOTH.,#2847);
#2847 = SURFACE_SIDE_STYLE('',(#2848));
#2848 = SURFACE_STYLE_FILL_AREA(#2849);
#2849 = FILL_AREA_STYLE('',(#2850));
#2850 = FILL_AREA_STYLE_COLOUR('',#2493);
#2851 = STYLED_ITEM('color',(#2852),#1157);
#2852 = PRESENTATION_STYLE_ASSIGNMENT((#2853));
#2853 = SURFACE_STYLE_USAGE(.BOTH.,#2854);
#2854 = SURFACE_SIDE_STYLE('',(#2855));
#2855 = SURFACE_STYLE_FILL_AREA(#2856);
#2856 = FILL_AREA_STYLE('',(#2857));
#2857 = FILL_AREA_STYLE_COLOUR('',#2493);
#2858 = STYLED_ITEM('color',(#2859),#1169);
#2859 = PRESENTATION_STYLE_ASSIGNMENT((#2860));
#2860 = SURFACE_STYLE_USAGE(.BOTH.,#2861);
#2861 = SURFACE_SIDE_STYLE('',(#2862));
#2862 = SURFACE_STYLE_FILL_AREA(#2863);
#2863 = FILL_AREA_STYLE('',(#2864));
#2864 = FILL_AREA_STYLE_COLOUR('',#2493);
#2865 = STYLED_ITEM('color',(#2866),#1181);
#2866 = PRESENTATION_STYLE_ASSIGNMENT((#2867));
#2867 = SURFACE_STYLE_USAGE(.BOTH.,#2868);
#2868 = SURFACE_SIDE_STYLE('',(#2869));
#2869 = SURFACE_STYLE_FILL_AREA(#2870);
#2870 = FILL_AREA_STYLE('',(#2871));
#2871 = FILL_AREA_STYLE_COLOUR('',#2493);
#2872 = STYLED_ITEM('color',(#2873),#1193);
#2873 = PRESENTATION_STYLE_ASSIGNMENT((#2874));
#2874 = SURFACE_STYLE_USAGE(.BOTH.,#2875);
#2875 = SURFACE_SIDE_STYLE('',(#2876));
#2876 = SURFACE_STYLE_FILL_AREA(#2877);
#2877 = FILL_AREA_STYLE('',(#2878));
#2878 = FILL_AREA_STYLE_COLOUR('',#2493);
#2879 = STYLED_ITEM('color',(#2880),#1205);
#2880 = PRESENTATION_STYLE_ASSIGNMENT((#2881));
#2881 = SURFACE_STYLE_USAGE(.BOTH.,#2882);
#2882 = SURFACE_SIDE_STYLE('',(#2883));
#2883 = SURFACE_STYLE_FILL_AREA(#2884);
#2884 = FILL_AREA_STYLE('',(#2885));
#2885 = FILL_AREA_STYLE_COLOUR('',#2493);
#2886 = STYLED_ITEM('color',(#2887),#1217);
#2887 = PRESENTATION_STYLE_ASSIGNMENT((#2888));
#2888 = SURFACE_STYLE_USAGE(.BOTH.,#2889);
#2889 = SURFACE_SIDE_STYLE('',(#2890));
#2890 = SURFACE_STYLE_FILL_AREA(#2891);
#2891 = FILL_AREA_STYLE('',(#2892));
#2892 = FILL_AREA_STYLE_COLOUR('',#2493);
#2893 = STYLED_ITEM('color',(#2894),#1229);
#2894 = PRESENTATION_STYLE_ASSIGNMENT((#2895));
#2895 = SURFACE_STYLE_USAGE(.BOTH.,#2896);
#2896 = SURFACE_SIDE_STYLE('',(#2897));
#2897 = SURFACE_STYLE_FILL_AREA(#2898);
#2898 = FILL_AREA_STYLE('',(#2899));
#2899 = FILL_AREA_STYLE_COLOUR('',#2493);
#2900 = STYLED_ITEM('color',(#2901),#1241);
#2901 = PRESENTATION_STYLE_ASSIGNMENT((#2902));
#2902 = SURFACE_STYLE_USAGE(.BOTH.,#2903);
#2903 = SURFACE_SIDE_STYLE('',(#2904));
#2904 = SURFACE_STYLE_FILL_AREA(#2905);
#2905 = FILL_AREA_STYLE('',(#2906));
#2906 = FILL_AREA_STYLE_COLOUR('',#2493);
#2907 = STYLED_ITEM('color',(#2908),#1253);
#2908 = PRESENTATION_STYLE_ASSIGNMENT((#2909));
#2909 = SURFACE_STYLE_USAGE(.BOTH.,#2910);
#2910 = SURFACE_SIDE_STYLE('',(#2911));
#2911 = SURFACE_STYLE_FILL_AREA(#2912);
#2912 = FILL_AREA_STYLE('',(#2913));
#2913 = FILL_AREA_STYLE_COLOUR('',#2493);
#2914 = STYLED_ITEM('color',(#2915),#1265);
#2915 = PRESENTATION_STYLE_ASSIGNMENT((#2916));
#2916 = SURFACE_STYLE_USAGE(.BOTH.,#2917);
#2917 = SURFACE_SIDE_STYLE('',(#2918));
#2918 = SURFACE_STYLE_FILL_AREA(#2919);
#2919 = FILL_AREA_STYLE('',(#2920));
#2920 = FILL_AREA_STYLE_COLOUR('',#2493);
#2921 = STYLED_ITEM('color',(#2922),#1277);
#2922 = PRESENTATION_STYLE_ASSIGNMENT((#2923));
#2923 = SURFACE_STYLE_USAGE(.BOTH.,#2924);
#2924 = SURFACE_SIDE_STYLE('',(#2925));
#2925 = SURFACE_STYLE_FILL_AREA(#2926);
#2926 = FILL_AREA_STYLE('',(#2927));
#2927 = FILL_AREA_STYLE_COLOUR('',#2493);
#2928 = STYLED_ITEM('color',(#2929),#1289);
#2929 = PRESENTATION_STYLE_ASSIGNMENT((#2930));
#2930 = SURFACE_STYLE_USAGE(.BOTH.,#2931);
#2931 = SURFACE_SIDE_STYLE('',(#2932));
#2932 = SURFACE_STYLE_FILL_AREA(#2933);
#2933 = FILL_AREA_STYLE('',(#2934));
#2934 = FILL_AREA_STYLE_COLOUR('',#2493);
#2935 = STYLED_ITEM('color',(#2936),#1301);
#2936 = PRESENTATION_STYLE_ASSIGNMENT((#2937));
#2937 = SURFACE_STYLE_USAGE(.BOTH.,#2938);
#2938 = SURFACE_SIDE_STYLE('',(#2939));
#2939 = SURFACE_STYLE_FILL_AREA(#2940);
#2940 = FILL_AREA_STYLE('',(#2941));
#2941 = FILL_AREA_STYLE_COLOUR('',#2493);
#2942 = STYLED_ITEM('color',(#2943),#1313);
#2943 = PRESENTATION_STYLE_ASSIGNMENT((#2944));
#2944 = SURFACE_STYLE_USAGE(.BOTH.,#2945);
#2945 = SURFACE_SIDE_STYLE('',(#2946));
#2946 = SURFACE_STYLE_FILL_AREA(#2947);
#2947 = FILL_AREA_STYLE('',(#2948));
#2948 = FILL_AREA_STYLE_COLOUR('',#2493);
#2949 = STYLED_ITEM('color',(#2950),#1325);
#2950 = PRESENTATION_STYLE_ASSIGNMENT((#2951));
#2951 = SURFACE_STYLE_USAGE(.BOTH.,#2952);
#2952 = SURFACE_SIDE_STYLE('',(#2953));
#2953 = SURFACE_STYLE_FILL_AREA(#2954);
#2954 = FILL_AREA_STYLE('',(#2955));
#2955 = FILL_AREA_STYLE_COLOUR('',#2493);
#2956 = STYLED_ITEM('color',(#2957),#1337);
#2957 = PRESENTATION_STYLE_ASSIGNMENT((#2958));
#2958 = SURFACE_STYLE_USAGE(.BOTH.,#2959);
#2959 = SURFACE_SIDE_STYLE('',(#2960));
#2960 = SURFACE_STYLE_FILL_AREA(#2961);
#2961 = FILL_AREA_STYLE('',(#2962));
#2962 = FILL_AREA_STYLE_COLOUR('',#2493);
#2963 = STYLED_ITEM('color',(#2964),#1349);
#2964 = PRESENTATION_STYLE_ASSIGNMENT((#2965));
#2965 = SURFACE_STYLE_USAGE(.BOTH.,#2966);
#2966 = SURFACE_SIDE_STYLE('',(#2967));
#2967 = SURFACE_STYLE_FILL_AREA(#2968);
#2968 = FILL_AREA_STYLE('',(#2969));
#2969 = FILL_AREA_STYLE_COLOUR('',#2493);
#2970 = STYLED_ITEM('color',(#2971),#1361);
#2971 = PRESENTATION_STYLE_ASSIGNMENT((#2972));
#2972 = SURFACE_STYLE_USAGE(.BOTH.,#2973);
#2973 = SURFACE_SIDE_STYLE('',(#2974));
#2974 = SURFACE_STYLE_FILL_AREA(#2975);
#2975 = FILL_AREA_STYLE('',(#2976));
#2976 = FILL_AREA_STYLE_COLOUR('',#2493);
#2977 = STYLED_ITEM('color',(#2978),#1373);
#2978 = PRESENTATION_STYLE_ASSIGNMENT((#2979));
#2979 = SURFACE_STYLE_USAGE(.BOTH.,#2980);
#2980 = SURFACE_SIDE_STYLE('',(#2981));
#2981 = SURFACE_STYLE_FILL_AREA(#2982);
#2982 = FILL_AREA_STYLE('',(#2983));
#2983 = FILL_AREA_STYLE_COLOUR('',#2493);
#2984 = STYLED_ITEM('color',(#2985),#1385);
#2985 = PRESENTATION_STYLE_ASSIGNMENT((#2986));
#2986 = SURFACE_STYLE_USAGE(.BOTH.,#2987);
#2987 = SURFACE_SIDE_STYLE('',(#2988));
#2988 = SURFACE_STYLE_FILL_AREA(#2989);
#2989 = FILL_AREA_STYLE('',(#2990));
#2990 = FILL_AREA_STYLE_COLOUR('',#2493);
#2991 = STYLED_ITEM('color',(#2992),#1397);
#2992 = PRESENTATION_STYLE_ASSIGNMENT((#2993));
#2993 = SURFACE_STYLE_USAGE(.BOTH.,#2994);
#2994 = SURFACE_SIDE_STYLE('',(#2995));
#2995 = SURFACE_STYLE_FILL_AREA(#2996);
#2996 = FILL_AREA_STYLE('',(#2997));
#2997 = FILL_AREA_STYLE_COLOUR('',#2493);
#2998 = STYLED_ITEM('color',(#2999),#1409);
#2999 = PRESENTATION_STYLE_ASSIGNMENT((#3000));
#3000 = SURFACE_STYLE_USAGE(.BOTH.,#3001);
#3001 = SURFACE_SIDE_STYLE('',(#3002));
#3002 = SURFACE_STYLE_FILL_AREA(#3003);
#3003 = FILL_AREA_STYLE('',(#3004));
#3004 = FILL_AREA_STYLE_COLOUR('',#2493);
#3005 = STYLED_ITEM('color',(#3006),#1421);
#3006 = PRESENTATION_STYLE_ASSIGNMENT((#3007));
#3007 = SURFACE_STYLE_USAGE(.BOTH.,#3008);
#3008 = SURFACE_SIDE_STYLE('',(#3009));
#3009 = SURFACE_STYLE_FILL_AREA(#3010);
#3010 = FILL_AREA_STYLE('',(#3011));
#3011 = FILL_AREA_STYLE_COLOUR('',#2493);
#3012 = STYLED_ITEM('color',(#3013),#1433);
#3013 = PRESENTATION_STYLE_ASSIGNMENT((#3014));
#3014 = SURFACE_STYLE_USAGE(.BOTH.,#3015);
#3015 = SURFACE_SIDE_STYLE('',(#3016));
#3016 = SURFACE_STYLE_FILL_AREA(#3017);
#3017 = FILL_AREA_STYLE('',(#3018));
#3018 = FILL_AREA_STYLE_COLOUR('',#2493);
#3019 = STYLED_ITEM('color',(#3020),#1445);
#3020 = PRESENTATION_STYLE_ASSIGNMENT((#3021));
#3021 = SURFACE_STYLE_USAGE(.BOTH.,#3022);
#3022 = SURFACE_SIDE_STYLE('',(#3023));
#3023 = SURFACE_STYLE_FILL_AREA(#3024);
#3024 = FILL_AREA_STYLE('',(#3025));
#3025 = FILL_AREA_STYLE_COLOUR('',#2493);
#3026 = STYLED_ITEM('color',(#3027),#1457);
#3027 = PRESENTATION_STYLE_ASSIGNMENT((#3028));
#3028 = SURFACE_STYLE_USAGE(.BOTH.,#3029);
#3029 = SURFACE_SIDE_STYLE('',(#3030));
#3030 = SURFACE_STYLE_FILL_AREA(#3031);
#3031 = FILL_AREA_STYLE('',(#3032));
#3032 = FILL_AREA_STYLE_COLOUR('',#2493);
#3033 = STYLED_ITEM('color',(#3034),#1469);
#3034 = PRESENTATION_STYLE_ASSIGNMENT((#3035));
#3035 = SURFACE_STYLE_USAGE(.BOTH.,#3036);
#3036 = SURFACE_SIDE_STYLE('',(#3037));
#3037 = SURFACE_STYLE_FILL_AREA(#3038);
#3038 = FILL_AREA_STYLE('',(#3039));
#3039 = FILL_AREA_STYLE_COLOUR('',#2493);
#3040 = STYLED_ITEM('color',(#3041),#1481);
#3041 = PRESENTATION_STYLE_ASSIGNMENT((#3042));
#3042 = SURFACE_STYLE_USAGE(.BOTH.,#3043);
#3043 = SURFACE_SIDE_STYLE('',(#3044));
#3044 = SURFACE_STYLE_FILL_AREA(#3045);
#3045 = FILL_AREA_STYLE('',(#3046));
#3046 = FILL_AREA_STYLE_COLOUR('',#2493);
#3047 = STYLED_ITEM('color',(#3048),#1493);
#3048 = PRESENTATION_STYLE_ASSIGNMENT((#3049));
#3049 = SURFACE_STYLE_USAGE(.BOTH.,#3050);
#3050 = SURFACE_SIDE_STYLE('',(#3051));
#3051 = SURFACE_STYLE_FILL_AREA(#3052);
#3052 = FILL_AREA_STYLE('',(#3053));
#3053 = FILL_AREA_STYLE_COLOUR('',#2493);
#3054 = STYLED_ITEM('color',(#3055),#1505);
#3055 = PRESENTATION_STYLE_ASSIGNMENT((#3056));
#3056 = SURFACE_STYLE_USAGE(.BOTH.,#3057);
#3057 = SURFACE_SIDE_STYLE('',(#3058));
#3058 = SURFACE_STYLE_FILL_AREA(#3059);
#3059 = FILL_AREA_STYLE('',(#3060));
#3060 = FILL_AREA_STYLE_COLOUR('',#2493);
#3061 = STYLED_ITEM('color',(#3062),#1517);
#3062 = PRESENTATION_STYLE_ASSIGNMENT((#3063));
#3063 = SURFACE_STYLE_USAGE(.BOTH.,#3064);
#3064 = SURFACE_SIDE_STYLE('',(#3065));
#3065 = SURFACE_STYLE_FILL_AREA(#3066);
#3066 = FILL_AREA_STYLE('',(#3067));
#3067 = FILL_AREA_STYLE_COLOUR('',#2493);
#3068 = STYLED_ITEM('color',(#3069),#1529);
#3069 = PRESENTATION_STYLE_ASSIGNMENT((#3070));
#3070 = SURFACE_STYLE_USAGE(.BOTH.,#3071);
#3071 = SURFACE_SIDE_STYLE('',(#3072));
#3072 = SURFACE_STYLE_FILL_AREA(#3073);
#3073 = FILL_AREA_STYLE('',(#3074));
#3074 = FILL_AREA_STYLE_COLOUR('',#2493);
#3075 = STYLED_ITEM('color',(#3076),#1541);
#3076 = PRESENTATION_STYLE_ASSIGNMENT((#3077));
#3077 = SURFACE_STYLE_USAGE(.BOTH.,#3078);
#3078 = SURFACE_SIDE_STYLE('',(#3079));
#3079 = SURFACE_STYLE_FILL_AREA(#3080);
#3080 = FILL_AREA_STYLE('',(#3081));
#3081 = FILL_AREA_STYLE_COLOUR('',#2493);
#3082 = STYLED_ITEM('color',(#3083),#1553);
#3083 = PRESENTATION_STYLE_ASSIGNMENT((#3084));
#3084 = SURFACE_STYLE_USAGE(.BOTH.,#3085);
#3085 = SURFACE_SIDE_STYLE('',(#3086));
#3086 = SURFACE_STYLE_FILL_AREA(#3087);
#3087 = FILL_AREA_STYLE('',(#3088));
#3088 = FILL_AREA_STYLE_COLOUR('',#2493);
#3089 = STYLED_ITEM('color',(#3090),#1565);
#3090 = PRESENTATION_STYLE_ASSIGNMENT((#3091));
#3091 = SURFACE_STYLE_USAGE(.BOTH.,#3092);
#3092 = SURFACE_SIDE_STYLE('',(#3093));
#3093 = SURFACE_STYLE_FILL_AREA(#3094);
#3094 = FILL_AREA_STYLE('',(#3095));
#3095 = FILL_AREA_STYLE_COLOUR('',#2493);
#3096 = STYLED_ITEM('color',(#3097),#1577);
#3097 = PRESENTATION_STYLE_ASSIGNMENT((#3098));
#3098 = SURFACE_STYLE_USAGE(.BOTH.,#3099);
#3099 = SURFACE_SIDE_STYLE('',(#3100));
#3100 = SURFACE_STYLE_FILL_AREA(#3101);
#3101 = FILL_AREA_STYLE('',(#3102));
#3102 = FILL_AREA_STYLE_COLOUR('',#2493);
#3103 = STYLED_ITEM('color',(#3104),#1589);
#3104 = PRESENTATION_STYLE_ASSIGNMENT((#3105));
#3105 = SURFACE_STYLE_USAGE(.BOTH.,#3106);
#3106 = SURFACE_SIDE_STYLE('',(#3107));
#3107 = SURFACE_STYLE_FILL_AREA(#3108);
#3108 = FILL_AREA_STYLE('',(#3109));
#3109 = FILL_AREA_STYLE_COLOUR('',#2493);
#3110 = STYLED_ITEM('color',(#3111),#1601);
#3111 = PRESENTATION_STYLE_ASSIGNMENT((#3112));
#3112 = SURFACE_STYLE_USAGE(.BOTH.,#3113);
#3113 = SURFACE_SIDE_STYLE('',(#3114));
#3114 = SURFACE_STYLE_FILL_AREA(#3115);
#3115 = FILL_AREA_STYLE('',(#3116));
#3116 = FILL_AREA_STYLE_COLOUR('',#2493);
#3117 = STYLED_ITEM('color',(#3118),#1613);
#3118 = PRESENTATION_STYLE_ASSIGNMENT((#3119));
#3119 = SURFACE_STYLE_USAGE(.BOTH.,#3120);
#3120 = SURFACE_SIDE_STYLE('',(#3121));
#3121 = SURFACE_STYLE_FILL_AREA(#3122);
#3122 = FILL_AREA_STYLE('',(#3123));
#3123 = FILL_AREA_STYLE_COLOUR('',#2493);
#3124 = STYLED_ITEM('color',(#3125),#1625);
#3125 = PRESENTATION_STYLE_ASSIGNMENT((#3126));
#3126 = SURFACE_STYLE_USAGE(.BOTH.,#3127);
#3127 = SURFACE_SIDE_STYLE('',(#3128));
#3128 = SURFACE_STYLE_FILL_AREA(#3129);
#3129 = FILL_AREA_STYLE('',(#3130));
#3130 = FILL_AREA_STYLE_COLOUR('',#2493);
#3131 = STYLED_ITEM('color',(#3132),#1637);
#3132 = PRESENTATION_STYLE_ASSIGNMENT((#3133));
#3133 = SURFACE_STYLE_USAGE(.BOTH.,#3134);
#3134 = SURFACE_SIDE_STYLE('',(#3135));
#3135 = SURFACE_STYLE_FILL_AREA(#3136);
#3136 = FILL_AREA_STYLE('',(#3137));
#3137 = FILL_AREA_STYLE_COLOUR('',#2493);
#3138 = STYLED_ITEM('color',(#3139),#1649);
#3139 = PRESENTATION_STYLE_ASSIGNMENT((#3140));
#3140 = SURFACE_STYLE_USAGE(.BOTH.,#3141);
#3141 = SURFACE_SIDE_STYLE('',(#3142));
#3142 = SURFACE_STYLE_FILL_AREA(#3143);
#3143 = FILL_AREA_STYLE('',(#3144));
#3144 = FILL_AREA_STYLE_COLOUR('',#2493);
#3145 = STYLED_ITEM('color',(#3146),#1661);
#3146 = PRESENTATION_STYLE_ASSIGNMENT((#3147));
#3147 = SURFACE_STYLE_USAGE(.BOTH.,#3148);
#3148 = SURFACE_SIDE_STYLE('',(#3149));
#3149 = SURFACE_STYLE_FILL_AREA(#3150);
#3150 = FILL_AREA_STYLE('',(#3151));
#3151 = FILL_AREA_STYLE_COLOUR('',#2493);
#3152 = STYLED_ITEM('color',(#3153),#1673);
#3153 = PRESENTATION_STYLE_ASSIGNMENT((#3154));
#3154 = SURFACE_STYLE_USAGE(.BOTH.,#3155);
#3155 = SURFACE_SIDE_STYLE('',(#3156));
#3156 = SURFACE_STYLE_FILL_AREA(#3157);
#3157 = FILL_AREA_STYLE('',(#3158));
#3158 = FILL_AREA_STYLE_COLOUR('',#2493);
#3159 = STYLED_ITEM('color',(#3160),#1685);
#3160 = PRESENTATION_STYLE_ASSIGNMENT((#3161));
#3161 = SURFACE_STYLE_USAGE(.BOTH.,#3162);
#3162 = SURFACE_SIDE_STYLE('',(#3163));
#3163 = SURFACE_STYLE_FILL_AREA(#3164);
#3164 = FILL_AREA_STYLE('',(#3165));
#3165 = FILL_AREA_STYLE_COLOUR('',#2493);
#3166 = STYLED_ITEM('color',(#3167),#1697);
#3167 = PRESENTATION_STYLE_ASSIGNMENT((#3168));
#3168 = SURFACE_STYLE_USAGE(.BOTH.,#3169);
#3169 = SURFACE_SIDE_STYLE('',(#3170));
#3170 = SURFACE_STYLE_FILL_AREA(#3171);
#3171 = FILL_AREA_STYLE('',(#3172));
#3172 = FILL_AREA_STYLE_COLOUR('',#2493);
#3173 = STYLED_ITEM('color',(#3174),#1709);
#3174 = PRESENTATION_STYLE_ASSIGNMENT((#3175));
#3175 = SURFACE_STYLE_USAGE(.BOTH.,#3176);
#3176 = SURFACE_SIDE_STYLE('',(#3177));
#3177 = SURFACE_STYLE_FILL_AREA(#3178);
#3178 = FILL_AREA_STYLE('',(#3179));
#3179 = FILL_AREA_STYLE_COLOUR('',#2493);
#3180 = STYLED_ITEM('color',(#3181),#1721);
#3181 = PRESENTATION_STYLE_ASSIGNMENT((#3182));
#3182 = SURFACE_STYLE_USAGE(.BOTH.,#3183);
#3183 = SURFACE_SIDE_STYLE('',(#3184));
#3184 = SURFACE_STYLE_FILL_AREA(#3185);
#3185 = FILL_AREA_STYLE('',(#3186));
#3186 = FILL_AREA_STYLE_COLOUR('',#2493);
#3187 = STYLED_ITEM('color',(#3188),#1733);
#3188 = PRESENTATION_STYLE_ASSIGNMENT((#3189));
#3189 = SURFACE_STYLE_USAGE(.BOTH.,#3190);
#3190 = SURFACE_SIDE_STYLE('',(#3191));
#3191 = SURFACE_STYLE_FILL_AREA(#3192);
#3192 = FILL_AREA_STYLE('',(#3193));
#3193 = FILL_AREA_STYLE_COLOUR('',#2493);
#3194 = STYLED_ITEM('color',(#3195),#1745);
#3195 = PRESENTATION_STYLE_ASSIGNMENT((#3196));
#3196 = SURFACE_STYLE_USAGE(.BOTH.,#3197);
#3197 = SURFACE_SIDE_STYLE('',(#3198));
#3198 = SURFACE_STYLE_FILL_AREA(#3199);
#3199 = FILL_AREA_STYLE('',(#3200));
#3200 = FILL_AREA_STYLE_COLOUR('',#2493);
#3201 = STYLED_ITEM('color',(#3202),#1757);
#3202 = PRESENTATION_STYLE_ASSIGNMENT((#3203));
#3203 = SURFACE_STYLE_USAGE(.BOTH.,#3204);
#3204 = SURFACE_SIDE_STYLE('',(#3205));
#3205 = SURFACE_STYLE_FILL_AREA(#3206);
#3206 = FILL_AREA_STYLE('',(#3207));
#3207 = FILL_AREA_STYLE_COLOUR('',#2493);
#3208 = STYLED_ITEM('color',(#3209),#1769);
#3209 = PRESENTATION_STYLE_ASSIGNMENT((#3210));
#3210 = SURFACE_STYLE_USAGE(.BOTH.,#3211);
#3211 = SURFACE_SIDE_STYLE('',(#3212));
#3212 = SURFACE_STYLE_FILL_AREA(#3213);
#3213 = FILL_AREA_STYLE('',(#3214));
#3214 = FILL_AREA_STYLE_COLOUR('',#2493);
#3215 = STYLED_ITEM('color',(#3216),#1781);
#3216 = PRESENTATION_STYLE_ASSIGNMENT((#3217));
#3217 = SURFACE_STYLE_USAGE(.BOTH.,#3218);
#3218 = SURFACE_SIDE_STYLE('',(#3219));
#3219 = SURFACE_STYLE_FILL_AREA(#3220);
#3220 = FILL_AREA_STYLE('',(#3221));
#3221 = FILL_AREA_STYLE_COLOUR('',#2493);
#3222 = STYLED_ITEM('color',(#3223),#1793);
#3223 = PRESENTATION_STYLE_ASSIGNMENT((#3224));
#3224 = SURFACE_STYLE_USAGE(.BOTH.,#3225);
#3225 = SURFACE_SIDE_STYLE('',(#3226));
#3226 = SURFACE_STYLE_FILL_AREA(#3227);
#3227 = FILL_AREA_STYLE('',(#3228));
#3228 = FILL_AREA_STYLE_COLOUR('',#2493);
#3229 = STYLED_ITEM('color',(#3230),#1805);
#3230 = PRESENTATION_STYLE_ASSIGNMENT((#3231));
#3231 = SURFACE_STYLE_USAGE(.BOTH.,#3232);
#3232 = SURFACE_SIDE_STYLE('',(#3233));
#3233 = SURFACE_STYLE_FILL_AREA(#3234);
#3234 = FILL_AREA_STYLE('',(#3235));
#3235 = FILL_AREA_STYLE_COLOUR('',#2493);
#3236 = STYLED_ITEM('color',(#3237),#1817);
#3237 = PRESENTATION_STYLE_ASSIGNMENT((#3238));
#3238 = SURFACE_STYLE_USAGE(.BOTH.,#3239);
#3239 = SURFACE_SIDE_STYLE('',(#3240));
#3240 = SURFACE_STYLE_FILL_AREA(#3241);
#3241 = FILL_AREA_STYLE('',(#3242));
#3242 = FILL_AREA_STYLE_COLOUR('',#2493);
#3243 = STYLED_ITEM('color',(#3244),#1829);
#3244 = PRESENTATION_STYLE_ASSIGNMENT((#3245));
#3245 = SURFACE_STYLE_USAGE(.BOTH.,#3246);
#3246 = SURFACE_SIDE_STYLE('',(#3247));
#3247 = SURFACE_STYLE_FILL_AREA(#3248);
#3248 = FILL_AREA_STYLE('',(#3249));
#3249 = FILL_AREA_STYLE_COLOUR('',#2493);
#3250 = STYLED_ITEM('color',(#3251),#1841);
#3251 = PRESENTATION_STYLE_ASSIGNMENT((#3252));
#3252 = SURFACE_STYLE_USAGE(.BOTH.,#3253);
#3253 = SURFACE_SIDE_STYLE('',(#3254));
#3254 = SURFACE_STYLE_FILL_AREA(#3255);
#3255 = FILL_AREA_STYLE('',(#3256));
#3256 = FILL_AREA_STYLE_COLOUR('',#2493);
#3257 = STYLED_ITEM('color',(#3258),#1853);
#3258 = PRESENTATION_STYLE_ASSIGNMENT((#3259));
#3259 = SURFACE_STYLE_USAGE(.BOTH.,#3260);
#3260 = SURFACE_SIDE_STYLE('',(#3261));
#3261 = SURFACE_STYLE_FILL_AREA(#3262);
#3262 = FILL_AREA_STYLE('',(#3263));
#3263 = FILL_AREA_STYLE_COLOUR('',#2493);
#3264 = STYLED_ITEM('color',(#3265),#1865);
#3265 = PRESENTATION_STYLE_ASSIGNMENT((#3266));
#3266 = SURFACE_STYLE_USAGE(.BOTH.,#3267);
#3267 = SURFACE_SIDE_STYLE('',(#3268));
#3268 = SURFACE_STYLE_FILL_AREA(#3269);
#3269 = FILL_AREA_STYLE('',(#3270));
#3270 = FILL_AREA_STYLE_COLOUR('',#2493);
#3271 = STYLED_ITEM('color',(#3272),#1877);
#3272 = PRESENTATION_STYLE_ASSIGNMENT((#3273));
#3273 = SURFACE_STYLE_USAGE(.BOTH.,#3274);
#3274 = SURFACE_SIDE_STYLE('',(#3275));
#3275 = SURFACE_STYLE_FILL_AREA(#3276);
#3276 = FILL_AREA_STYLE('',(#3277));
#3277 = FILL_AREA_STYLE_COLOUR('',#2493);
#3278 = STYLED_ITEM('color',(#3279),#1889);
#3279 = PRESENTATION_STYLE_ASSIGNMENT((#3280));
#3280 = SURFACE_STYLE_USAGE(.BOTH.,#3281);
#3281 = SURFACE_SIDE_STYLE('',(#3282));
#3282 = SURFACE_STYLE_FILL_AREA(#3283);
#3283 = FILL_AREA_STYLE('',(#3284));
#3284 = FILL_AREA_STYLE_COLOUR('',#2493);
#3285 = STYLED_ITEM('color',(#3286),#1901);
#3286 = PRESENTATION_STYLE_ASSIGNMENT((#3287));
#3287 = SURFACE_STYLE_USAGE(.BOTH.,#3288);
#3288 = SURFACE_SIDE_STYLE('',(#3289));
#3289 = SURFACE_STYLE_FILL_AREA(#3290);
#3290 = FILL_AREA_STYLE('',(#3291));
#3291 = FILL_AREA_STYLE_COLOUR('',#2493);
#3292 = STYLED_ITEM('color',(#3293),#1913);
#3293 = PRESENTATION_STYLE_ASSIGNMENT((#3294));
#3294 = SURFACE_STYLE_USAGE(.BOTH.,#3295);
#3295 = SURFACE_SIDE_STYLE('',(#3296));
#3296 = SURFACE_STYLE_FILL_AREA(#3297);
#3297 = FILL_AREA_STYLE('',(#3298));
#3298 = FILL_AREA_STYLE_COLOUR('',#2493);
#3299 = STYLED_ITEM('color',(#3300),#1925);
#3300 = PRESENTATION_STYLE_ASSIGNMENT((#3301));
#3301 = SURFACE_STYLE_USAGE(.BOTH.,#3302);
#3302 = SURFACE_SIDE_STYLE('',(#3303));
#3303 = SURFACE_STYLE_FILL_AREA(#3304);
#3304 = FILL_AREA_STYLE('',(#3305));
#3305 = FILL_AREA_STYLE_COLOUR('',#2493);
#3306 = STYLED_ITEM('color',(#3307),#1937);
#3307 = PRESENTATION_STYLE_ASSIGNMENT((#3308));
#3308 = SURFACE_STYLE_USAGE(.BOTH.,#3309);
#3309 = SURFACE_SIDE_STYLE('',(#3310));
#3310 = SURFACE_STYLE_FILL_AREA(#3311);
#3311 = FILL_AREA_STYLE('',(#3312));
#3312 = FILL_AREA_STYLE_COLOUR('',#2493);
#3313 = STYLED_ITEM('color',(#3314),#1949);
#3314 = PRESENTATION_STYLE_ASSIGNMENT((#3315));
#3315 = SURFACE_STYLE_USAGE(.BOTH.,#3316);
#3316 = SURFACE_SIDE_STYLE('',(#3317));
#3317 = SURFACE_STYLE_FILL_AREA(#3318);
#3318 = FILL_AREA_STYLE('',(#3319));
#3319 = FILL_AREA_STYLE_COLOUR('',#2493);
#3320 = STYLED_ITEM('color',(#3321),#1961);
#3321 = PRESENTATION_STYLE_ASSIGNMENT((#3322));
#3322 = SURFACE_STYLE_USAGE(.BOTH.,#3323);
#3323 = SURFACE_SIDE_STYLE('',(#3324));
#3324 = SURFACE_STYLE_FILL_AREA(#3325);
#3325 = FILL_AREA_STYLE('',(#3326));
#3326 = FILL_AREA_STYLE_COLOUR('',#2493);
#3327 = STYLED_ITEM('color',(#3328),#1973);
#3328 = PRESENTATION_STYLE_ASSIGNMENT((#3329));
#3329 = SURFACE_STYLE_USAGE(.BOTH.,#3330);
#3330 = SURFACE_SIDE_STYLE('',(#3331));
#3331 = SURFACE_STYLE_FILL_AREA(#3332);
#3332 = FILL_AREA_STYLE('',(#3333));
#3333 = FILL_AREA_STYLE_COLOUR('',#2493);
#3334 = STYLED_ITEM('color',(#3335),#1985);
#3335 = PRESENTATION_STYLE_ASSIGNMENT((#3336));
#3336 = SURFACE_STYLE_USAGE(.BOTH.,#3337);
#3337 = SURFACE_SIDE_STYLE('',(#3338));
#3338 = SURFACE_STYLE_FILL_AREA(#3339);
#3339 = FILL_AREA_STYLE('',(#3340));
#3340 = FILL_AREA_STYLE_COLOUR('',#2493);
#3341 = STYLED_ITEM('color',(#3342),#1997);
#3342 = PRESENTATION_STYLE_ASSIGNMENT((#3343));
#3343 = SURFACE_STYLE_USAGE(.BOTH.,#3344);
#3344 = SURFACE_SIDE_STYLE('',(#3345));
#3345 = SURFACE_STYLE_FILL_AREA(#3346);
#3346 = FILL_AREA_STYLE('',(#3347));
#3347 = FILL_AREA_STYLE_COLOUR('',#2493);
#3348 = STYLED_ITEM('color',(#3349),#2009);
#3349 = PRESENTATION_STYLE_ASSIGNMENT((#3350));
#3350 = SURFACE_STYLE_USAGE(.BOTH.,#3351);
#3351 = SURFACE_SIDE_STYLE('',(#3352));
#3352 = SURFACE_STYLE_FILL_AREA(#3353);
#3353 = FILL_AREA_STYLE('',(#3354));
#3354 = FILL_AREA_STYLE_COLOUR('',#2493);
#3355 = STYLED_ITEM('color',(#3356),#2021);
#3356 = PRESENTATION_STYLE_ASSIGNMENT((#3357));
#3357 = SURFACE_STYLE_USAGE(.BOTH.,#3358);
#3358 = SURFACE_SIDE_STYLE('',(#3359));
#3359 = SURFACE_STYLE_FILL_AREA(#3360);
#3360 = FILL_AREA_STYLE('',(#3361));
#3361 = FILL_AREA_STYLE_COLOUR('',#2493);
#3362 = STYLED_ITEM('color',(#3363),#2033);
#3363 = PRESENTATION_STYLE_ASSIGNMENT((#3364));
#3364 = SURFACE_STYLE_USAGE(.BOTH.,#3365);
#3365 = SURFACE_SIDE_STYLE('',(#3366));
#3366 = SURFACE_STYLE_FILL_AREA(#3367);
#3367 = FILL_AREA_STYLE('',(#3368));
#3368 = FILL_AREA_STYLE_COLOUR('',#2493);
#3369 = STYLED_ITEM('color',(#3370),#2045);
#3370 = PRESENTATION_STYLE_ASSIGNMENT((#3371));
#3371 = SURFACE_STYLE_USAGE(.BOTH.,#3372);
#3372 = SURFACE_SIDE_STYLE('',(#3373));
#3373 = SURFACE_STYLE_FILL_AREA(#3374);
#3374 = FILL_AREA_STYLE('',(#3375));
#3375 = FILL_AREA_STYLE_COLOUR('',#2493);
#3376 = STYLED_ITEM('color',(#3377),#2057);
#3377 = PRESENTATION_STYLE_ASSIGNMENT((#3378));
#3378 = SURFACE_STYLE_USAGE(.BOTH.,#3379);
#3379 = SURFACE_SIDE_STYLE('',(#3380));
#3380 = SURFACE_STYLE_FILL_AREA(#3381);
#3381 = FILL_AREA_STYLE('',(#3382));
#3382 = FILL_AREA_STYLE_COLOUR('',#2493);
#3383 = STYLED_ITEM('color',(#3384),#2069);
#3384 = PRESENTATION_STYLE_ASSIGNMENT((#3385));
#3385 = SURFACE_STYLE_USAGE(.BOTH.,#3386);
#3386 = SURFACE_SIDE_STYLE('',(#3387));
#3387 = SURFACE_STYLE_FILL_AREA(#3388);
#3388 = FILL_AREA_STYLE('',(#3389));
#3389 = FILL_AREA_STYLE_COLOUR('',#2493);
#3390 = STYLED_ITEM('color',(#3391),#2081);
#3391 = PRESENTATION_STYLE_ASSIGNMENT((#3392));
#3392 = SURFACE_STYLE_USAGE(.BOTH.,#3393);
#3393 = SURFACE_SIDE_STYLE('',(#3394));
#3394 = SURFACE_STYLE_FILL_AREA(#3395);
#3395 = FILL_AREA_STYLE('',(#3396));
#3396 = FILL_AREA_STYLE_COLOUR('',#2493);
#3397 = STYLED_ITEM('color',(#3398),#2093);
#3398 = PRESENTATION_STYLE_ASSIGNMENT((#3399));
#3399 = SURFACE_STYLE_USAGE(.BOTH.,#3400);
#3400 = SURFACE_SIDE_STYLE('',(#3401));
#3401 = SURFACE_STYLE_FILL_AREA(#3402);
#3402 = FILL_AREA_STYLE('',(#3403));
#3403 = FILL_AREA_STYLE_COLOUR('',#2493);
#3404 = STYLED_ITEM('color',(#3405),#2105);
#3405 = PRESENTATION_STYLE_ASSIGNMENT((#3406));
#3406 = SURFACE_STYLE_USAGE(.BOTH.,#3407);
#3407 = SURFACE_SIDE_STYLE('',(#3408));
#3408 = SURFACE_STYLE_FILL_AREA(#3409);
#3409 = FILL_AREA_STYLE('',(#3410));
#3410 = FILL_AREA_STYLE_COLOUR('',#2493);
#3411 = STYLED_ITEM('color',(#3412),#2117);
#3412 = PRESENTATION_STYLE_ASSIGNMENT((#3413));
#3413 = SURFACE_STYLE_USAGE(.BOTH.,#3414);
#3414 = SURFACE_SIDE_STYLE('',(#3415));
#3415 = SURFACE_STYLE_FILL_AREA(#3416);
#3416 = FILL_AREA_STYLE('',(#3417));
#3417 = FILL_AREA_STYLE_COLOUR('',#2493);
#3418 = STYLED_ITEM('color',(#3419),#2129);
#3419 = PRESENTATION_STYLE_ASSIGNMENT((#3420));
#3420 = SURFACE_STYLE_USAGE(.BOTH.,#3421);
#3421 = SURFACE_SIDE_STYLE('',(#3422));
#3422 = SURFACE_STYLE_FILL_AREA(#3423);
#3423 = FILL_AREA_STYLE('',(#3424));
#3424 = FILL_AREA_STYLE_COLOUR('',#2493);
#3425 = STYLED_ITEM('color',(#3426),#2141);
#3426 = PRESENTATION_STYLE_ASSIGNMENT((#3427));
#3427 = SURFACE_STYLE_USAGE(.BOTH.,#3428);
#3428 = SURFACE_SIDE_STYLE('',(#3429));
#3429 = SURFACE_STYLE_FILL_AREA(#3430);
#3430 = FILL_AREA_STYLE('',(#3431));
#3431 = FILL_AREA_STYLE_COLOUR('',#2493);
#3432 = STYLED_ITEM('color',(#3433),#2153);
#3433 = PRESENTATION_STYLE_ASSIGNMENT((#3434));
#3434 = SURFACE_STYLE_USAGE(.BOTH.,#3435);
#3435 = SURFACE_SIDE_STYLE('',(#3436));
#3436 = SURFACE_STYLE_FILL_AREA(#3437);
#3437 = FILL_AREA_STYLE('',(#3438));
#3438 = FILL_AREA_STYLE_COLOUR('',#2493);
#3439 = STYLED_ITEM('color',(#3440),#2165);
#3440 = PRESENTATION_STYLE_ASSIGNMENT((#3441));
#3441 = SURFACE_STYLE_USAGE(.BOTH.,#3442);
#3442 = SURFACE_SIDE_STYLE('',(#3443));
#3443 = SURFACE_STYLE_FILL_AREA(#3444);
#3444 = FILL_AREA_STYLE('',(#3445));
#3445 = FILL_AREA_STYLE_COLOUR('',#2493);
#3446 = STYLED_ITEM('color',(#3447),#2177);
#3447 = PRESENTATION_STYLE_ASSIGNMENT((#3448));
#3448 = SURFACE_STYLE_USAGE(.BOTH.,#3449);
#3449 = SURFACE_SIDE_STYLE('',(#3450));
#3450 = SURFACE_STYLE_FILL_AREA(#3451);
#3451 = FILL_AREA_STYLE('',(#3452));
#3452 = FILL_AREA_STYLE_COLOUR('',#2493);
#3453 = STYLED_ITEM('color',(#3454),#2189);
#3454 = PRESENTATION_STYLE_ASSIGNMENT((#3455));
#3455 = SURFACE_STYLE_USAGE(.BOTH.,#3456);
#3456 = SURFACE_SIDE_STYLE('',(#3457));
#3457 = SURFACE_STYLE_FILL_AREA(#3458);
#3458 = FILL_AREA_STYLE('',(#3459));
#3459 = FILL_AREA_STYLE_COLOUR('',#2493);
#3460 = STYLED_ITEM('color',(#3461),#2201);
#3461 = PRESENTATION_STYLE_ASSIGNMENT((#3462));
#3462 = SURFACE_STYLE_USAGE(.BOTH.,#3463);
#3463 = SURFACE_SIDE_STYLE('',(#3464));
#3464 = SURFACE_STYLE_FILL_AREA(#3465);
#3465 = FILL_AREA_STYLE('',(#3466));
#3466 = FILL_AREA_STYLE_COLOUR('',#2493);
#3467 = STYLED_ITEM('color',(#3468),#2213);
#3468 = PRESENTATION_STYLE_ASSIGNMENT((#3469));
#3469 = SURFACE_STYLE_USAGE(.BOTH.,#3470);
#3470 = SURFACE_SIDE_STYLE('',(#3471));
#3471 = SURFACE_STYLE_FILL_AREA(#3472);
#3472 = FILL_AREA_STYLE('',(#3473));
#3473 = FILL_AREA_STYLE_COLOUR('',#2493);
#3474 = STYLED_ITEM('color',(#3475),#2225);
#3475 = PRESENTATION_STYLE_ASSIGNMENT((#3476));
#3476 = SURFACE_STYLE_USAGE(.BOTH.,#3477);
#3477 = SURFACE_SIDE_STYLE('',(#3478));
#3478 = SURFACE_STYLE_FILL_AREA(#3479);
#3479 = FILL_AREA_STYLE('',(#3480));
#3480 = FILL_AREA_STYLE_COLOUR('',#2493);
#3481 = STYLED_ITEM('color',(#3482),#2237);
#3482 = PRESENTATION_STYLE_ASSIGNMENT((#3483));
#3483 = SURFACE_STYLE_USAGE(.BOTH.,#3484);
#3484 = SURFACE_SIDE_STYLE('',(#3485));
#3485 = SURFACE_STYLE_FILL_AREA(#3486);
#3486 = FILL_AREA_STYLE('',(#3487));
#3487 = FILL_AREA_STYLE_COLOUR('',#2493);
#3488 = STYLED_ITEM('color',(#3489),#2249);
#3489 = PRESENTATION_STYLE_ASSIGNMENT((#3490));
#3490 = SURFACE_STYLE_USAGE(.BOTH.,#3491);
#3491 = SURFACE_SIDE_STYLE('',(#3492));
#3492 = SURFACE_STYLE_FILL_AREA(#3493);
#3493 = FILL_AREA_STYLE('',(#3494));
#3494 = FILL_AREA_STYLE_COLOUR('',#2493);
#3495 = STYLED_ITEM('color',(#3496),#2261);
#3496 = PRESENTATION_STYLE_ASSIGNMENT((#3497));
#3497 = SURFACE_STYLE_USAGE(.BOTH.,#3498);
#3498 = SURFACE_SIDE_STYLE('',(#3499));
#3499 = SURFACE_STYLE_FILL_AREA(#3500);
#3500 = FILL_AREA_STYLE('',(#3501));
#3501 = FILL_AREA_STYLE_COLOUR('',#2493);
#3502 = STYLED_ITEM('color',(#3503),#2273);
#3503 = PRESENTATION_STYLE_ASSIGNMENT((#3504));
#3504 = SURFACE_STYLE_USAGE(.BOTH.,#3505);
#3505 = SURFACE_SIDE_STYLE('',(#3506));
#3506 = SURFACE_STYLE_FILL_AREA(#3507);
#3507 = FILL_AREA_STYLE('',(#3508));
#3508 = FILL_AREA_STYLE_COLOUR('',#2493);
#3509 = STYLED_ITEM('color',(#3510),#2285);
#3510 = PRESENTATION_STYLE_ASSIGNMENT((#3511));
#3511 = SURFACE_STYLE_USAGE(.BOTH.,#3512);
#3512 = SURFACE_SIDE_STYLE('',(#3513));
#3513 = SURFACE_STYLE_FILL_AREA(#3514);
#3514 = FILL_AREA_STYLE('',(#3515));
#3515 = FILL_AREA_STYLE_COLOUR('',#2493);
#3516 = STYLED_ITEM('color',(#3517),#2297);
#3517 = PRESENTATION_STYLE_ASSIGNMENT((#3518));
#3518 = SURFACE_STYLE_USAGE(.BOTH.,#3519);
#3519 = SURFACE_SIDE_STYLE('',(#3520));
#3520 = SURFACE_STYLE_FILL_AREA(#3521);
#3521 = FILL_AREA_STYLE('',(#3522));
#3522 = FILL_AREA_STYLE_COLOUR('',#2493);
#3523 = STYLED_ITEM('color',(#3524),#2309);
#3524 = PRESENTATION_STYLE_ASSIGNMENT((#3525));
#3525 = SURFACE_STYLE_USAGE(.BOTH.,#3526);
#3526 = SURFACE_SIDE_STYLE('',(#3527));
#3527 = SURFACE_STYLE_FILL_AREA(#3528);
#3528 = FILL_AREA_STYLE('',(#3529));
#3529 = FILL_AREA_STYLE_COLOUR('',#2493);
#3530 = STYLED_ITEM('color',(#3531),#2321);
#3531 = PRESENTATION_STYLE_ASSIGNMENT((#3532));
#3532 = SURFACE_STYLE_USAGE(.BOTH.,#3533);
#3533 = SURFACE_SIDE_STYLE('',(#3534));
#3534 = SURFACE_STYLE_FILL_AREA(#3535);
#3535 = FILL_AREA_STYLE('',(#3536));
#3536 = FILL_AREA_STYLE_COLOUR('',#2493);
#3537 = STYLED_ITEM('color',(#3538),#2333);
#3538 = PRESENTATION_STYLE_ASSIGNMENT((#3539));
#3539 = SURFACE_STYLE_USAGE(.BOTH.,#3540);
#3540 = SURFACE_SIDE_STYLE('',(#3541));
#3541 = SURFACE_STYLE_FILL_AREA(#3542);
#3542 = FILL_AREA_STYLE('',(#3543));
#3543 = FILL_AREA_STYLE_COLOUR('',#2493);
#3544 = STYLED_ITEM('color',(#3545),#2345);
#3545 = PRESENTATION_STYLE_ASSIGNMENT((#3546));
#3546 = SURFACE_STYLE_USAGE(.BOTH.,#3547);
#3547 = SURFACE_SIDE_STYLE('',(#3548));
#3548 = SURFACE_STYLE_FILL_AREA(#3549);
#3549 = FILL_AREA_STYLE('',(#3550));
#3550 = FILL_AREA_STYLE_COLOUR('',#2493);
#3551 = STYLED_ITEM('color',(#3552),#2357);
#3552 = PRESENTATION_STYLE_ASSIGNMENT((#3553));
#3553 = SURFACE_STYLE_USAGE(.BOTH.,#3554);
#3554 = SURFACE_SIDE_STYLE('',(#3555));
#3555 = SURFACE_STYLE_FILL_AREA(#3556);
#3556 = FILL_AREA_STYLE('',(#3557));
#3557 = FILL_AREA_STYLE_COLOUR('',#2493);
#3558 = STYLED_ITEM('color',(#3559),#2369);
#3559 = PRESENTATION_STYLE_ASSIGNMENT((#3560));
#3560 = SURFACE_STYLE_USAGE(.BOTH.,#3561);
#3561 = SURFACE_SIDE_STYLE('',(#3562));
#3562 = SURFACE_STYLE_FILL_AREA(#3563);
#3563 = FILL_AREA_STYLE('',(#3564));
#3564 = FILL_AREA_STYLE_COLOUR('',#2493);
#3565 = STYLED_ITEM('color',(#3566),#2381);
#3566 = PRESENTATION_STYLE_ASSIGNMENT((#3567));
#3567 = SURFACE_STYLE_USAGE(.BOTH.,#3568);
#3568 = SURFACE_SIDE_STYLE('',(#3569));
#3569 = SURFACE_STYLE_FILL_AREA(#3570);
#3570 = FILL_AREA_STYLE('',(#3571));
#3571 = FILL_AREA_STYLE_COLOUR('',#2493);
#3572 = STYLED_ITEM('color',(#3573),#2393);
#3573 = PRESENTATION_STYLE_ASSIGNMENT((#3574));
#3574 = SURFACE_STYLE_USAGE(.BOTH.,#3575);
#3575 = SURFACE_SIDE_STYLE('',(#3576));
#3576 = SURFACE_STYLE_FILL_AREA(#3577);
#3577 = FILL_AREA_STYLE('',(#3578));
#3578 = FILL_AREA_STYLE_COLOUR('',#2493);
#3579 = STYLED_ITEM('color',(#3580),#2405);
#3580 = PRESENTATION_STYLE_ASSIGNMENT((#3581));
#3581 = SURFACE_STYLE_USAGE(.BOTH.,#3582);
#3582 = SURFACE_SIDE_STYLE('',(#3583));
#3583 = SURFACE_STYLE_FILL_AREA(#3584);
#3584 = FILL_AREA_STYLE('',(#3585));
#3585 = FILL_AREA_STYLE_COLOUR('',#2493);
#3586 = STYLED_ITEM('color',(#3587),#2417);
#3587 = PRESENTATION_STYLE_ASSIGNMENT((#3588));
#3588 = SURFACE_STYLE_USAGE(.BOTH.,#3589);
#3589 = SURFACE_SIDE_STYLE('',(#3590));
#3590 = SURFACE_STYLE_FILL_AREA(#3591);
#3591 = FILL_AREA_STYLE('',(#3592));
#3592 = FILL_AREA_STYLE_COLOUR('',#2493);
#3593 = STYLED_ITEM('color',(#3594),#2429);
#3594 = PRESENTATION_STYLE_ASSIGNMENT((#3595));
#3595 = SURFACE_STYLE_USAGE(.BOTH.,#3596);
#3596 = SURFACE_SIDE_STYLE('',(#3597));
#3597 = SURFACE_STYLE_FILL_AREA(#3598);
#3598 = FILL_AREA_STYLE('',(#3599));
#3599 = FILL_AREA_STYLE_COLOUR('',#2493);
#3600 = STYLED_ITEM('color',(#3601),#2441);
#3601 = PRESENTATION_STYLE_ASSIGNMENT((#3602));
#3602 = SURFACE_STYLE_USAGE(.BOTH.,#3603);
#3603 = SURFACE_SIDE_STYLE('',(#3604));
#3604 = SURFACE_STYLE_FILL_AREA(#3605);
#3605 = FILL_AREA_STYLE('',(#3606));
#3606 = FILL_AREA_STYLE_COLOUR('',#2493);
#3607 = STYLED_ITEM('color',(#3608),#2453);
#3608 = PRESENTATION_STYLE_ASSIGNMENT((#3609));
#3609 = SURFACE_STYLE_USAGE(.BOTH.,#3610);
#3610 = SURFACE_SIDE_STYLE('',(#3611));
#3611 = SURFACE_STYLE_FILL_AREA(#3612);
#3612 = FILL_AREA_STYLE('',(#3613));
#3613 = FILL_AREA_STYLE_COLOUR('',#2493);
ENDSEC;
END-ISO-10303-21;
